timestamp,gt_x_mm,gt_y_mm,gt_z_mm,target_id,raw_x_mm,raw_y_mm,raw_z_mm,cal_x_mm,cal_y_mm,cal_z_mm
1781644518.5086238,0.0,0.0,1000.0,2,-158,-3,414,-147,-3,386
1781644518.7104118,0.0,0.0,1000.0,0,42,-2,393,39,-2,366
1781644518.7708673,0.0,0.0,1000.0,0,13,-3,397,12,-2,369
1781644518.8179185,0.0,0.0,1000.0,0,-16,-3,388,-15,-2,360
1781644518.879954,0.0,0.0,1000.0,0,-22,-2,352,-20,-2,325
1781644518.922902,0.0,0.0,1000.0,0,-17,-3,415,-16,-3,388
1781644518.9800074,0.0,0.0,1000.0,0,-32,-2,408,-29,-1,380
1781644519.022038,0.0,0.0,1000.0,0,-45,-1,408,-42,-1,380
1781644519.0800972,0.0,0.0,1000.0,0,-48,-1,410,-45,-1,383
1781644519.1240396,0.0,0.0,1000.0,0,-65,-2,421,-60,-2,394
1781644519.1805837,0.0,0.0,1000.0,0,-41,-1,423,-38,-1,396
1781644519.2229977,0.0,0.0,1000.0,0,-43,-2,432,-40,-2,405
1781644519.2745135,0.0,0.0,1000.0,0,-51,-2,437,-48,-2,409
1781644519.3330746,0.0,0.0,1000.0,0,-1,-2,444,0,-2,417
1781644519.3801706,0.0,0.0,1000.0,0,-20,-4,454,-19,-4,426
1781644519.423671,0.0,0.0,1000.0,0,53,-2,464,50,-2,437
1781644519.484062,0.0,0.0,1000.0,0,33,-1,459,31,-1,431
1781644519.5287147,0.0,0.0,1000.0,0,-37,-2,452,-35,-2,424
1781644519.6238322,0.0,0.0,1000.0,0,-25,-4,451,-23,-3,423
1781644519.6789389,0.0,0.0,1000.0,0,-39,-2,452,-37,-2,424
1781644519.722951,0.0,0.0,1000.0,0,45,-3,445,42,-3,418
1781644520.600832,0.0,0.0,1000.0,0,-31,0,435,-29,0,407
1781644520.6538904,0.0,0.0,1000.0,0,-30,1,436,-28,1,408
1781644520.7531085,0.0,0.0,1000.0,0,-13,-1,439,-12,-1,411
1781644520.807628,0.0,0.0,1000.0,0,-21,-1,443,-20,-1,416
1781644520.9580414,0.0,0.0,1000.0,3,-6,-2,440,-5,-2,412
1781644521.0592716,0.0,0.0,1000.0,3,2,-5,432,2,-4,405
1781644521.1608179,0.0,0.0,1000.0,3,1,-3,410,1,-2,383
1781644521.216236,0.0,0.0,1000.0,3,1,-3,464,1,-3,437
1781644521.3653324,0.0,0.0,1000.0,3,55,-1,456,52,-1,429
1781644521.4193335,0.0,0.0,1000.0,3,55,-1,453,52,-1,426
1781644521.4654324,0.0,0.0,1000.0,3,89,-1,455,84,-1,427
1781644521.5761287,0.0,0.0,1000.0,3,88,-1,450,83,-1,423
1781644521.6203997,0.0,0.0,1000.0,3,88,-1,446,82,-1,419
1781644521.671965,0.0,0.0,1000.0,3,87,-2,441,81,-2,413
1781644521.7215269,0.0,0.0,1000.0,3,86,-1,438,81,-1,410
1781644521.796531,0.0,0.0,1000.0,3,83,-1,426,77,-1,399
1781644521.8811252,0.0,0.0,1000.0,3,73,-1,414,68,-1,386
1781644521.9262006,0.0,0.0,1000.0,3,64,0,408,59,0,380
1781644521.9826005,0.0,0.0,1000.0,3,60,-1,399,56,-1,371
1781644522.0286553,0.0,0.0,1000.0,3,17,-1,369,16,-1,341
1781644522.0753233,0.0,0.0,1000.0,3,12,-1,353,11,-1,325
1781644522.1249604,0.0,0.0,1000.0,3,0,-1,341,0,-1,314
1781644522.172428,0.0,0.0,1000.0,3,-4,-1,343,-4,-1,315
1781644522.2218418,0.0,0.0,1000.0,3,-17,0,327,-15,0,299
1781644522.2836032,0.0,0.0,1000.0,3,-20,-1,338,-18,-1,311
1781644522.3302574,0.0,0.0,1000.0,3,-25,-1,335,-23,-1,307
1781644522.377952,0.0,0.0,1000.0,3,-16,0,333,-14,0,305
1781644522.4224367,0.0,0.0,1000.0,3,-15,0,336,-14,0,309
1781644522.4852633,0.0,0.0,1000.0,3,-14,-1,335,-13,-1,307
1781644522.5386531,0.0,0.0,1000.0,3,-16,-1,333,-14,-1,305
1781644522.5898798,0.0,0.0,1000.0,3,-15,-1,331,-14,-1,304
1781644522.6427383,0.0,0.0,1000.0,3,-19,0,330,-17,0,303
1781644522.6879606,0.0,0.0,1000.0,3,-30,-1,324,-28,-1,296
1781644522.7389183,0.0,0.0,1000.0,3,-33,-1,317,-30,-1,290
1781644522.7997108,0.0,0.0,1000.0,3,-52,-3,315,-48,-3,288
1781644522.8466566,0.0,0.0,1000.0,3,-55,-1,315,-50,-1,288
1781644523.9564974,0.0,0.0,1000.0,3,-71,-1,328,-65,-1,300
1781644524.5227203,0.0,0.0,1000.0,3,-67,-2,364,-62,-2,336
1781644524.6822634,0.0,0.0,1000.0,3,-35,-1,368,-33,-1,341
1781644524.781342,0.0,0.0,1000.0,3,-35,-2,378,-33,-2,351
1781644524.8233414,0.0,0.0,1000.0,3,-34,-2,373,-32,-2,346
1781644524.8803613,0.0,0.0,1000.0,3,-40,-2,374,-37,-2,347
1781644524.9225035,0.0,0.0,1000.0,3,-41,-2,375,-38,-2,348
1781644524.981244,0.0,0.0,1000.0,3,-43,-2,377,-39,-2,349
1781644525.0328977,0.0,0.0,1000.0,3,-44,-1,378,-41,-1,351
1781644525.0862691,0.0,0.0,1000.0,3,-37,-1,378,-34,-1,351
1781644525.141879,0.0,0.0,1000.0,3,-35,-2,380,-32,-2,352
1781644525.1879888,0.0,0.0,1000.0,3,-28,-1,374,-26,-1,347
1781644525.2379117,0.0,0.0,1000.0,3,-25,-1,374,-23,-1,347
1781644525.2875533,0.0,0.0,1000.0,3,-10,-2,407,-9,-2,380
1781644525.3455813,0.0,0.0,1000.0,3,-10,-2,418,-9,-2,391
1781644525.3885858,0.0,0.0,1000.0,3,-8,-3,427,-7,-3,400
1781644525.4443946,0.0,0.0,1000.0,3,-8,-2,437,-7,-2,409
1781644525.4896853,0.0,0.0,1000.0,3,-8,-3,421,-7,-3,394
1781644525.545461,0.0,0.0,1000.0,3,-15,-2,433,-14,-2,405
1781644525.5894482,0.0,0.0,1000.0,3,-25,-2,399,-23,-2,371
1781644525.6451564,0.0,0.0,1000.0,3,-27,-3,406,-25,-2,379
1781644525.6892,0.0,0.0,1000.0,3,-30,-2,396,-28,-2,368
1781644525.7892792,0.0,0.0,1000.0,3,-32,-2,392,-30,-2,364
1781644525.8493764,0.0,0.0,1000.0,3,-34,-2,392,-32,-1,364
1781644525.8956058,0.0,0.0,1000.0,3,-36,-2,400,-34,-1,372
1781644525.947716,0.0,0.0,1000.0,3,-37,-2,395,-35,-1,367
1781644525.989635,0.0,0.0,1000.0,3,-38,-2,398,-35,-1,370
1781644526.0520368,0.0,0.0,1000.0,3,-40,-2,403,-37,-2,375
1781644526.10373,0.0,0.0,1000.0,3,-40,-2,395,-37,-2,367
1781644526.1535819,0.0,0.0,1000.0,3,-39,-2,395,-36,-1,367
1781644526.2089581,0.0,0.0,1000.0,3,-37,-2,394,-34,-2,367
1781644526.2538285,0.0,0.0,1000.0,3,-34,-2,416,-32,-2,389
1781644526.311869,0.0,0.0,1000.0,3,-34,-2,449,-32,-2,422
1781644526.3577805,0.0,0.0,1000.0,3,-25,-3,485,-23,-2,457
1781644526.4128354,0.0,0.0,1000.0,3,-25,-3,504,-24,-2,477
1781644526.4598007,0.0,0.0,1000.0,3,-19,-3,529,-18,-3,501
1781644526.5149014,0.0,0.0,1000.0,3,-19,-3,524,-18,-3,497
1781644526.5629697,0.0,0.0,1000.0,3,-15,-2,529,-14,-2,501
1781644526.6159732,0.0,0.0,1000.0,3,-8,-5,499,-7,-4,472
1781644526.6656525,0.0,0.0,1000.0,3,-8,-5,485,-7,-5,457
1781644526.7158647,0.0,0.0,1000.0,3,-5,-4,480,-5,-4,453
1781644526.7651067,0.0,0.0,1000.0,3,-7,-4,503,-7,-4,475
1781644526.817401,0.0,0.0,1000.0,3,-9,-5,495,-9,-4,467
1781644526.8699098,0.0,0.0,1000.0,3,-8,-5,503,-7,-4,475
1781644526.9214249,0.0,0.0,1000.0,3,-11,-2,476,-10,-2,448
1781644526.9753437,0.0,0.0,1000.0,3,-12,-3,445,-11,-3,418
1781644527.021672,0.0,0.0,1000.0,3,-16,-4,442,-15,-4,414
1781644527.0751967,0.0,0.0,1000.0,3,-16,-3,431,-15,-3,404
1781644527.121372,0.0,0.0,1000.0,3,-18,-2,435,-17,-2,407
1781644527.1784222,0.0,0.0,1000.0,3,-18,-4,419,-17,-4,391
1781644527.2243457,0.0,0.0,1000.0,3,-19,-4,429,-17,-4,401
1781644527.2789352,0.0,0.0,1000.0,3,-18,-5,440,-17,-4,412
1781644527.3247628,0.0,0.0,1000.0,3,-14,-2,445,-13,-2,418
1781644527.383764,0.0,0.0,1000.0,3,-12,-2,455,-12,-2,427
1781644527.4247649,0.0,0.0,1000.0,3,-10,-5,457,-9,-4,429
1781644527.4799337,0.0,0.0,1000.0,3,-10,-5,451,-9,-4,423
1781644527.5246563,0.0,0.0,1000.0,3,-7,-4,464,-7,-4,437
1781644527.5798326,0.0,0.0,1000.0,3,-9,-4,457,-8,-4,429
1781644527.6257656,0.0,0.0,1000.0,3,-10,-4,451,-9,-4,423
1781644527.6800098,0.0,0.0,1000.0,3,-10,-5,459,-10,-5,431
1781644527.7266173,0.0,0.0,1000.0,3,-10,-4,446,-9,-4,419
1781644527.7820299,0.0,0.0,1000.0,3,-12,-4,456,-11,-4,429
1781644527.8274593,0.0,0.0,1000.0,3,-11,-3,452,-11,-3,424
1781644527.8825436,0.0,0.0,1000.0,3,-12,-4,446,-11,-4,419
1781644527.930476,0.0,0.0,1000.0,3,-12,-3,434,-11,-3,406
1781644527.9812353,0.0,0.0,1000.0,3,-13,-4,438,-12,-4,410
1781644528.0325086,0.0,0.0,1000.0,3,-15,-4,422,-14,-4,394
1781644528.083204,0.0,0.0,1000.0,3,-15,-2,437,-14,-2,409
1781644528.1237202,0.0,0.0,1000.0,3,-16,-3,440,-15,-3,412
1781644528.1837435,0.0,0.0,1000.0,3,-16,-2,434,-15,-2,406
1781644528.2376676,0.0,0.0,1000.0,3,-16,-2,440,-15,-2,412
1781644528.2866178,0.0,0.0,1000.0,3,-15,-4,427,-14,-4,400
1781644528.3326414,0.0,0.0,1000.0,3,-15,-3,446,-14,-3,419
1781644528.3874698,0.0,0.0,1000.0,3,-15,-5,436,-14,-4,408
1781644528.4430213,0.0,0.0,1000.0,3,-13,-2,429,-12,-2,401
1781644528.487246,0.0,0.0,1000.0,3,-10,-2,449,-9,-2,422
1781644528.5874443,0.0,0.0,1000.0,3,-13,-2,449,-12,-2,422
1781644528.647303,0.0,0.0,1000.0,3,-15,-4,432,-14,-4,405
1781644528.689113,0.0,0.0,1000.0,3,-18,-4,446,-17,-4,419
1781644528.7474158,0.0,0.0,1000.0,3,-17,-3,439,-16,-3,411
1781644528.7888305,0.0,0.0,1000.0,3,-18,-2,443,-17,-2,416
1781644528.8476512,0.0,0.0,1000.0,3,-20,-2,456,-19,-2,429
1781644528.8891497,0.0,0.0,1000.0,3,-20,-3,443,-19,-3,416
1781644528.9489307,0.0,0.0,1000.0,3,-20,-3,438,-19,-3,410
1781644530.6192963,0.0,0.0,1000.0,3,-40,0,380,-37,0,352
1781644530.7207773,0.0,0.0,1000.0,3,-42,-1,367,-39,-1,340
1781644530.7709088,0.0,0.0,1000.0,3,-44,0,371,-41,0,343
1781644530.9773257,0.0,0.0,1000.0,3,-61,0,347,-57,0,319
1781644531.1220477,0.0,0.0,1000.0,3,-64,-1,336,-59,-1,309
1781644531.177862,0.0,0.0,1000.0,3,-62,-1,353,-57,-1,325
1781644531.321895,0.0,0.0,1000.0,3,-30,-4,538,-28,-3,510
1781644531.3817973,0.0,0.0,1000.0,3,-27,-3,549,-26,-3,520
1781644531.4220598,0.0,0.0,1000.0,3,-9,-3,578,-9,-3,546
1781644531.4805508,0.0,0.0,1000.0,3,-7,-2,573,-6,-2,542
1781644531.5316062,0.0,0.0,1000.0,3,-6,-5,796,-6,-5,745
1781644531.5807362,0.0,0.0,1000.0,3,-2,-4,555,-2,-3,525
1781644531.7869334,0.0,0.0,1000.0,3,-18,-2,423,-17,-2,396
1781644531.9872167,0.0,0.0,1000.0,3,-14,-2,389,-13,-1,362
1781644532.0415797,0.0,0.0,1000.0,3,-9,-2,398,-8,-1,370
1781644532.0877779,0.0,0.0,1000.0,3,-4,-2,403,-4,-1,375
1781644532.1427844,0.0,0.0,1000.0,3,-1,-2,407,-1,-2,380
1781644532.1886382,0.0,0.0,1000.0,3,1,-2,408,1,-1,380
1781644532.2446518,0.0,0.0,1000.0,3,-3,-1,412,-2,-1,384
1781644532.647591,0.0,0.0,1000.0,3,-27,-2,386,-25,-2,358
1781644532.8502984,0.0,0.0,1000.0,3,-12,-3,397,-12,-2,369
1781644532.8965583,0.0,0.0,1000.0,3,-13,-2,395,-12,-2,367
1781644532.949976,0.0,0.0,1000.0,3,-12,-2,398,-11,-2,370
1781644532.9996567,0.0,0.0,1000.0,3,-13,-2,403,-12,-2,375
1781644533.0498614,0.0,0.0,1000.0,3,-16,-2,400,-15,-2,372
1781644533.0985248,0.0,0.0,1000.0,3,-20,-2,392,-18,-1,364
1781644533.2543433,0.0,0.0,1000.0,3,-32,-2,373,-29,-2,346
1781644533.355169,0.0,0.0,1000.0,3,-69,-2,335,-63,-2,307
1781644533.4095156,0.0,0.0,1000.0,3,-68,-1,337,-63,-1,309
1781644533.4565003,0.0,0.0,1000.0,3,-66,-1,329,-61,-1,301
1781644533.5140965,0.0,0.0,1000.0,3,-72,-1,354,-66,-1,327
1781644533.5572212,0.0,0.0,1000.0,3,-74,-1,362,-68,-1,335
1781644533.6147096,0.0,0.0,1000.0,3,-71,-1,361,-66,-1,333
1781644533.6580875,0.0,0.0,1000.0,3,-77,-2,357,-71,-2,330
1781644533.7137644,0.0,0.0,1000.0,3,-75,-3,348,-69,-3,320
1781644533.757319,0.0,0.0,1000.0,3,-76,-3,348,-70,-3,320
1781644533.8148048,0.0,0.0,1000.0,3,-77,-2,349,-71,-2,321
1781644533.8579178,0.0,0.0,1000.0,3,-73,-2,331,-67,-2,304
1781644533.9135878,0.0,0.0,1000.0,3,-2,-1,384,-2,-1,357
1781644533.9579933,0.0,0.0,1000.0,3,-75,-2,347,-69,-2,319
1781644534.0132878,0.0,0.0,1000.0,3,-68,-2,330,-62,-2,303
1781644534.0592651,0.0,0.0,1000.0,3,-76,-2,371,-70,-2,343
1781644534.11444,0.0,0.0,1000.0,3,-79,-2,378,-73,-2,351
1781644534.2590075,0.0,0.0,1000.0,3,-70,-1,327,-64,-1,299
1781644534.4140708,0.0,0.0,1000.0,3,-78,-1,364,-72,-1,336
1781644534.4631133,0.0,0.0,1000.0,3,-76,-1,355,-70,-1,328
1781644534.5166502,0.0,0.0,1000.0,3,-74,-1,360,-68,-1,332
1781644534.5653875,0.0,0.0,1000.0,3,-69,-2,338,-63,-2,311
1781644534.6145158,0.0,0.0,1000.0,3,-75,-1,370,-70,-1,342
1781644534.6654234,0.0,0.0,1000.0,3,-71,-2,346,-66,-2,318
1781644534.7181628,0.0,0.0,1000.0,3,-75,-2,350,-69,-2,323
1781644534.7709436,0.0,0.0,1000.0,3,-78,-2,361,-72,-2,333
1781644534.8204103,0.0,0.0,1000.0,3,-75,-1,356,-69,-1,328
1781644534.8758214,0.0,0.0,1000.0,3,-75,-2,355,-70,-2,328
1781644534.9215422,0.0,0.0,1000.0,3,-71,-2,351,-66,-2,324
1781644534.9787035,0.0,0.0,1000.0,3,-68,-2,340,-63,-2,312
1781644535.0214744,0.0,0.0,1000.0,3,-65,0,330,-60,0,303
1781644535.0787184,0.0,0.0,1000.0,3,-65,-2,331,-59,-2,304
1781644535.1260226,0.0,0.0,1000.0,3,-64,-2,331,-59,-2,304
1781644535.1798732,0.0,0.0,1000.0,3,-62,-2,324,-57,-2,296
1781644535.225427,0.0,0.0,1000.0,3,-67,-2,332,-62,-2,304
1781644535.2816195,0.0,0.0,1000.0,3,-76,-2,351,-70,-2,324
1781644535.3283772,0.0,0.0,1000.0,3,-86,-1,352,-80,-1,325
1781644535.3840656,0.0,0.0,1000.0,3,-81,-1,339,-74,-1,311
1781644535.4283278,0.0,0.0,1000.0,3,-83,-1,357,-77,-1,330
1781644535.4828386,0.0,0.0,1000.0,3,-82,-1,361,-76,-1,333
1781644535.534833,0.0,0.0,1000.0,3,-75,-1,351,-69,-1,324
1781644535.5810044,0.0,0.0,1000.0,3,-76,-2,349,-70,-2,321
1781644535.6321867,0.0,0.0,1000.0,3,-76,-2,355,-70,-2,328
1781644535.6832964,0.0,0.0,1000.0,3,-74,-2,352,-68,-2,325
1781644535.7324388,0.0,0.0,1000.0,3,-74,-1,353,-68,-1,325
1781644535.7857199,0.0,0.0,1000.0,3,-76,0,354,-70,0,327
1781644535.8356285,0.0,0.0,1000.0,3,-79,-1,360,-73,-1,332
1781644535.8867602,0.0,0.0,1000.0,3,-79,-1,352,-72,-1,325
1781644535.9379172,0.0,0.0,1000.0,3,-72,-1,321,-65,-1,294
1781644535.9868543,0.0,0.0,1000.0,3,-46,-1,340,-43,-1,312
1781644536.0370753,0.0,0.0,1000.0,3,-43,-2,324,-39,-2,296
1781644536.0871103,0.0,0.0,1000.0,3,-42,-2,327,-38,-2,299
1781644536.1362715,0.0,0.0,1000.0,3,-41,-1,324,-37,-1,296
1781644536.544246,0.0,0.0,1000.0,3,-49,-2,325,-44,-2,297
1781644536.5880268,0.0,0.0,1000.0,3,-46,-2,323,-42,-2,295
1781644536.787526,0.0,0.0,1000.0,3,-48,-1,325,-44,-1,297
1781644536.9350762,0.0,0.0,1000.0,1,-75,-1,321,-68,-1,294
1781644536.9879987,0.0,0.0,1000.0,1,-75,-1,322,-68,-1,295
1781644537.0523648,0.0,0.0,1000.0,1,-74,-2,320,-68,-2,292
1781644537.1034772,0.0,0.0,1000.0,1,-76,-1,320,-69,-1,292
1781644537.1534653,0.0,0.0,1000.0,1,-75,-1,318,-68,-1,290
1781644537.2033372,0.0,0.0,1000.0,1,-76,-1,318,-69,-1,290
1781644537.253154,0.0,0.0,1000.0,1,-76,-1,318,-69,-1,290
1781644537.3082917,0.0,0.0,1000.0,1,-77,-1,324,-70,-1,296
1781644537.354684,0.0,0.0,1000.0,1,-76,-1,320,-70,-1,292
1781644537.515616,0.0,0.0,1000.0,1,-75,-2,324,-69,-2,296
1781644537.615768,0.0,0.0,1000.0,1,-63,-2,329,-58,-2,301
1781644537.6548212,0.0,0.0,1000.0,1,-61,-3,329,-56,-2,301
1781644537.7142417,0.0,0.0,1000.0,1,-59,-1,339,-54,-1,311
1781644537.8676846,0.0,0.0,1000.0,1,-60,-2,339,-55,-2,311
1781644537.919598,0.0,0.0,1000.0,1,-62,-2,352,-57,-2,325
1781644537.9749866,0.0,0.0,1000.0,1,-63,-1,347,-58,-1,319
1781644538.020982,0.0,0.0,1000.0,1,-64,-2,349,-59,-2,321
1781644538.0773492,0.0,0.0,1000.0,1,-64,-2,338,-59,-2,311
1781644538.1233191,0.0,0.0,1000.0,1,-70,-2,359,-65,-2,332
1781644538.2231517,0.0,0.0,1000.0,1,-80,-2,379,-74,-2,352
1781644538.2789004,0.0,0.0,1000.0,1,-80,-2,375,-74,-2,348
1781644538.3248878,0.0,0.0,1000.0,1,-81,-1,368,-75,-1,341
1781644538.3813784,0.0,0.0,1000.0,1,-83,-1,381,-77,-1,354
1781644538.4295855,0.0,0.0,1000.0,1,-83,-1,376,-77,-1,348
1781644538.5292308,0.0,0.0,1000.0,1,-84,-1,355,-77,-1,328
1781644538.7310784,0.0,0.0,1000.0,1,-71,-1,338,-65,-1,311
1781644539.1880496,0.0,0.0,1000.0,1,-64,-2,338,-59,-2,311
1781644539.3471062,0.0,0.0,1000.0,1,-61,-2,339,-56,-2,311
1781644539.4935951,0.0,0.0,1000.0,2,-62,-1,358,-58,-1,330
1781644540.204098,0.0,0.0,1000.0,2,-51,-1,332,-47,-1,304
1781644540.252701,0.0,0.0,1000.0,2,-52,-1,340,-48,-1,312
1781644540.30841,0.0,0.0,1000.0,2,-47,-1,332,-43,-1,304
1781644540.3541543,0.0,0.0,1000.0,2,-49,-1,332,-45,-1,304
1781644540.4083962,0.0,0.0,1000.0,2,-50,-1,342,-46,-1,315
1781644540.4540496,0.0,0.0,1000.0,2,-50,-1,334,-45,-1,307
1781644540.5056334,0.0,0.0,1000.0,2,-52,0,337,-47,0,309
1781644540.554254,0.0,0.0,1000.0,2,-51,0,339,-47,0,311
1781644540.6067657,0.0,0.0,1000.0,2,-50,-1,334,-46,-1,307
1781644540.654913,0.0,0.0,1000.0,2,-48,-1,335,-44,-1,307
1781644540.7098176,0.0,0.0,1000.0,2,-53,-1,342,-49,-1,315
1781644540.7540228,0.0,0.0,1000.0,2,-54,-1,336,-50,-1,309
1781644540.813276,0.0,0.0,1000.0,2,-53,-1,336,-49,-1,309
1781644540.8550208,0.0,0.0,1000.0,2,-53,-1,330,-48,-1,303
1781644540.9141023,0.0,0.0,1000.0,2,-54,-1,331,-49,-1,304
1781644540.954863,0.0,0.0,1000.0,2,-56,-1,350,-52,-1,323
1781644541.014159,0.0,0.0,1000.0,2,-53,-1,328,-48,-1,300
1781644541.0545182,0.0,0.0,1000.0,2,-51,-1,327,-46,-1,299
1781644541.1148891,0.0,0.0,1000.0,2,-52,-1,331,-48,-1,304
1781644541.1543865,0.0,0.0,1000.0,2,-53,-1,330,-48,-1,303
1781644541.2155716,0.0,0.0,1000.0,2,-55,-1,339,-51,-1,311
1781644541.254709,0.0,0.0,1000.0,2,-53,-1,328,-49,-1,300
1781644541.3165867,0.0,0.0,1000.0,2,-56,-1,331,-51,-1,304
1781644541.3678827,0.0,0.0,1000.0,2,-58,-1,338,-53,-1,311
1781644541.419204,0.0,0.0,1000.0,2,-59,-1,332,-54,-1,304
1781644541.4679232,0.0,0.0,1000.0,2,-58,-2,330,-53,-2,303
1781644541.5192873,0.0,0.0,1000.0,2,-60,-2,335,-55,-2,307
1781644541.5692377,0.0,0.0,1000.0,2,-61,-2,340,-56,-2,312
1781644541.618899,0.0,0.0,1000.0,2,-60,-2,346,-56,-2,318
1781644541.6691806,0.0,0.0,1000.0,2,-58,-1,342,-54,-1,315
1781644541.721191,0.0,0.0,1000.0,2,-59,-3,345,-55,-2,317
1781644541.775342,0.0,0.0,1000.0,2,-61,-2,340,-56,-2,312
1781644541.8212287,0.0,0.0,1000.0,2,-63,-2,346,-58,-2,318
1781644541.879079,0.0,0.0,1000.0,2,-60,-2,340,-55,-2,312
1781644541.9237087,0.0,0.0,1000.0,2,-58,-1,345,-54,-1,317
1781644541.9781895,0.0,0.0,1000.0,2,-58,-2,345,-53,-2,317
1781644542.0213041,0.0,0.0,1000.0,2,-58,-2,342,-53,-2,315
1781644542.0834103,0.0,0.0,1000.0,2,-56,-2,331,-51,-2,304
1781644542.1292424,0.0,0.0,1000.0,2,-57,-1,342,-52,-1,315
1781644542.1813118,0.0,0.0,1000.0,2,-56,-1,334,-51,-1,307
1781644542.2302372,0.0,0.0,1000.0,2,-54,-1,330,-49,-1,303
1781644542.2806468,0.0,0.0,1000.0,2,-55,-1,336,-51,-1,309
1781644542.3299618,0.0,0.0,1000.0,2,-54,-2,332,-50,-2,304
1781644542.3806314,0.0,0.0,1000.0,2,-54,-1,337,-50,-1,309
1781644542.4304981,0.0,0.0,1000.0,2,-52,-1,333,-48,-1,305
1781644542.4823918,0.0,0.0,1000.0,2,-54,-2,345,-50,-2,317
1781644542.5313838,0.0,0.0,1000.0,2,-54,-1,343,-50,-1,315
1781644542.58295,0.0,0.0,1000.0,2,-53,-1,346,-48,-1,318
1781644542.6324458,0.0,0.0,1000.0,2,-54,-1,358,-49,-1,330
1781644542.682533,0.0,0.0,1000.0,2,-52,-1,340,-48,-1,312
1781644542.7311897,0.0,0.0,1000.0,2,-53,-1,341,-49,-1,314
1781644542.7840338,0.0,0.0,1000.0,2,-52,0,340,-48,0,312
1781644542.8341055,0.0,0.0,1000.0,2,-51,-1,335,-47,-1,307
1781644542.8861358,0.0,0.0,1000.0,2,-55,-1,351,-50,-1,324
1781644542.9374762,0.0,0.0,1000.0,2,-50,-1,352,-46,-1,325
1781644542.9884305,0.0,0.0,1000.0,2,-52,-1,340,-48,-1,312
1781644543.0431268,0.0,0.0,1000.0,2,-48,-1,351,-45,-1,324
1781644543.0894496,0.0,0.0,1000.0,2,-47,0,341,-43,0,314
1781644543.1430624,0.0,0.0,1000.0,2,-50,0,340,-46,0,312
1781644543.1888616,0.0,0.0,1000.0,2,-49,0,339,-45,0,311
1781644543.2451048,0.0,0.0,1000.0,2,-51,-1,333,-46,-1,305
1781644543.2925043,0.0,0.0,1000.0,2,-56,-2,334,-51,-2,307
1781644545.5370774,0.0,0.0,1000.0,4,-89,-1,342,-82,-1,315
1781644545.58794,0.0,0.0,1000.0,4,-92,-1,353,-85,-1,325
1781644546.2522743,0.0,0.0,1000.0,4,-38,-1,365,-35,-1,338
1781644546.3511076,0.0,0.0,1000.0,4,-38,-2,375,-35,-2,348
1781644546.4021494,0.0,0.0,1000.0,4,-33,-2,378,-31,-2,351
1781644550.4667473,0.0,0.0,1000.0,4,-9,-2,383,-8,-2,356
1781644550.7711115,0.0,0.0,1000.0,4,-9,-1,382,-9,-1,354
1781644550.820183,0.0,0.0,1000.0,4,-10,-2,383,-9,-2,356
1781644550.8751583,0.0,0.0,1000.0,4,-9,-1,385,-8,-1,358
1781644553.1762931,0.0,0.0,1000.0,0,1096,81,1872,1110,82,1896
1781644554.1334603,0.0,0.0,1000.0,1,10,-1,511,10,-1,484
1781644554.1849298,0.0,0.0,1000.0,1,4,-1,516,4,-1,488
1781644554.2363336,0.0,0.0,1000.0,1,6,-1,530,6,-1,502
1781644554.2839522,0.0,0.0,1000.0,1,4,-1,536,4,-1,508
1781644554.437652,0.0,0.0,1000.0,0,11,-1,564,11,-1,533
1781644554.5857153,0.0,0.0,1000.0,0,16,-1,589,15,-1,556
1781644554.6446495,0.0,0.0,1000.0,0,13,-2,595,13,-1,562
1781644554.689964,0.0,0.0,1000.0,0,13,-2,602,12,-2,568
1781644554.9860728,0.0,0.0,1000.0,0,17,-1,596,16,-1,563
1781644555.0451558,0.0,0.0,1000.0,0,18,0,596,17,0,563
1781644555.0859237,0.0,0.0,1000.0,0,19,-2,600,18,-1,566
1781644555.1472502,0.0,0.0,1000.0,0,21,-2,604,20,-2,570
1781644555.1994925,0.0,0.0,1000.0,0,21,-2,606,20,-2,572
1781644555.2525542,0.0,0.0,1000.0,0,15,-2,602,14,-2,568
1781644555.3517225,0.0,0.0,1000.0,0,9,-2,608,8,-2,573
1781644555.4084492,0.0,0.0,1000.0,0,5,0,606,5,0,572
1781644555.4526274,0.0,0.0,1000.0,0,6,-2,607,5,-1,573
1781644556.9823756,0.0,0.0,1000.0,0,42,1,554,39,1,524
1781644557.0329223,0.0,0.0,1000.0,2,1072,259,1826,1077,260,1834
1781644557.1838608,0.0,0.0,1000.0,0,72,0,579,68,0,547
1781644557.2754586,0.0,0.0,1000.0,0,115,-1,601,109,-1,567
1781644557.383483,0.0,0.0,1000.0,0,112,-1,609,106,-1,574
1781644557.483574,0.0,0.0,1000.0,0,188,-2,686,177,-2,645
1781644557.5365155,0.0,0.0,1000.0,0,178,-4,629,167,-4,593
1781644557.5881758,0.0,0.0,1000.0,0,142,-1,553,134,-1,523
1781644557.644372,0.0,0.0,1000.0,0,133,-1,508,126,-1,481
1781644557.6856797,0.0,0.0,1000.0,0,128,-1,472,121,-1,445
1781644557.741461,0.0,0.0,1000.0,0,130,1,464,122,1,437
1781644557.7853687,0.0,0.0,1000.0,0,138,-1,450,130,-1,423
1781644557.843888,0.0,0.0,1000.0,0,139,-2,443,130,-2,416
1781644557.8848577,0.0,0.0,1000.0,0,135,-2,434,126,-2,406
1781644557.944259,0.0,0.0,1000.0,0,122,-2,401,114,-2,373
1781644557.9855516,0.0,0.0,1000.0,0,96,-2,331,88,-2,304
1781644558.0458632,0.0,0.0,1000.0,0,91,-2,321,83,-2,294
1781644558.0901086,0.0,0.0,1000.0,0,90,-2,328,83,-2,300
1781644558.347986,0.0,0.0,1000.0,0,84,-2,315,77,-1,288
1781644558.4913998,0.0,0.0,1000.0,0,89,-2,327,82,-2,299
1781644558.7491503,0.0,0.0,1000.0,0,82,-2,322,75,-2,295
1781644558.794147,0.0,0.0,1000.0,0,76,-2,321,70,-2,294
1781644558.8476794,0.0,0.0,1000.0,0,66,-1,327,60,-1,299
1781644558.8970704,0.0,0.0,1000.0,0,53,-1,331,49,-1,304
1781644564.4147742,0.0,0.0,1000.0,4,412,282,1837,415,284,1848
1781644564.465833,0.0,0.0,1000.0,4,412,284,1833,414,286,1844
1781644564.9238799,0.0,0.0,1000.0,2,-66,0,333,-61,0,305
1781644564.9812024,0.0,0.0,1000.0,2,-63,0,341,-58,0,314
1781644565.0233781,0.0,0.0,1000.0,2,-50,-1,350,-46,-1,323
1781644565.2367773,0.0,0.0,1000.0,2,-56,-1,331,-52,-1,304
1781644565.286959,0.0,0.0,1000.0,2,-56,0,332,-52,0,304
1781644565.3343186,0.0,0.0,1000.0,2,-49,0,335,-45,0,307
1781644565.4340858,0.0,0.0,1000.0,2,-37,1,364,-34,1,336
1781644565.9006412,0.0,0.0,1000.0,0,409,290,1844,412,293,1858
1781644565.9511313,0.0,0.0,1000.0,0,403,286,1816,404,287,1821
1781644567.642755,0.0,0.0,1000.0,1,-102,-1,335,-93,-1,307
1781644567.69088,0.0,0.0,1000.0,1,-102,0,335,-93,0,307
1781644572.8455448,0.0,0.0,1000.0,1,-10,-2,338,-9,-2,311
1781644577.582704,0.0,0.0,1000.0,1,-9,-2,337,-8,-2,309
1781644577.6324863,0.0,0.0,1000.0,1,-8,-2,334,-8,-2,307
1781644577.6824348,0.0,0.0,1000.0,1,-7,-1,335,-6,-1,307
1781644578.144067,0.0,0.0,1000.0,1,-4,-2,329,-4,-2,301
1781644578.2440479,0.0,0.0,1000.0,1,-4,-2,331,-4,-2,304
1781644578.2829015,0.0,0.0,1000.0,1,-4,-2,328,-4,-2,300
1781644578.3462303,0.0,0.0,1000.0,1,-4,-2,330,-4,-2,303
1781644578.382556,0.0,0.0,1000.0,1,-4,-1,330,-4,-1,303
1781644578.4478757,0.0,0.0,1000.0,1,-4,-2,330,-4,-2,303
1781644578.4834378,0.0,0.0,1000.0,1,-4,-2,329,-4,-2,301
1781644581.2487478,0.0,0.0,1000.0,1,-3,-2,331,-2,-2,304
1781644581.2959332,0.0,0.0,1000.0,1,-6,-3,332,-6,-2,304
1781644581.3484972,0.0,0.0,1000.0,1,12,-2,334,11,-2,307
1781644586.348667,0.0,0.0,1000.0,1,-86,-1,324,-79,-1,296
1781644587.9272556,0.0,0.0,1000.0,3,327,248,1628,316,239,1572
1781644587.9826674,0.0,0.0,1000.0,3,327,248,1628,316,239,1572
1781644588.0297465,0.0,0.0,1000.0,3,331,249,1636,320,241,1583
1781644588.4426775,0.0,0.0,1000.0,3,324,247,1622,312,238,1565
1781644588.5451493,0.0,0.0,1000.0,0,-167,0,463,-157,0,435
1781644595.0618746,0.0,0.0,1000.0,0,-108,-4,904,-101,-3,844
1781644595.2147157,0.0,0.0,1000.0,0,-114,-3,897,-106,-3,837
1781644596.0312011,0.0,0.0,1000.0,0,-105,-5,896,-98,-4,836
1781644596.5929441,0.0,0.0,1000.0,0,-144,-5,893,-134,-4,833
1781644596.6468725,0.0,0.0,1000.0,0,-153,-3,893,-143,-3,833
1781644596.6915455,0.0,0.0,1000.0,1,327,241,1718,322,238,1692
1781644596.748901,0.0,0.0,1000.0,1,330,244,1721,325,240,1696
1781644597.4564614,0.0,0.0,1000.0,1,334,234,1619,322,225,1561
1781644597.7636216,0.0,0.0,1000.0,0,-105,-1,1069,-98,-1,994
1781644598.5362763,0.0,0.0,1000.0,0,-149,-11,1235,-140,-11,1161
1781644598.581673,0.0,0.0,1000.0,0,-154,-8,1235,-145,-8,1161
1781644598.6455524,0.0,0.0,1000.0,0,-146,-8,1235,-137,-8,1161
1781644598.6887157,0.0,0.0,1000.0,0,-156,-8,1237,-146,-8,1162
1781644598.7391834,0.0,0.0,1000.0,0,-152,-5,1235,-143,-5,1161
1781644598.7819195,0.0,0.0,1000.0,0,-146,-6,1239,-137,-6,1164
1781644614.015068,0.0,0.0,1000.0,2,401,314,1840,404,316,1853
1781644614.5750864,0.0,0.0,1000.0,0,-61,-2,570,-57,-2,539
1781644618.250117,0.0,0.0,1000.0,0,-785,-20,3082,-785,-20,3082
1781644618.2973416,0.0,0.0,1000.0,0,-814,-16,3073,-814,-16,3073
1781644722.3146083,0.0,0.0,1000.0,1,-43,-6,485,-41,-5,457
1781644722.364014,0.0,0.0,1000.0,1,52,-5,507,49,-5,479
1781644722.4137683,0.0,0.0,1000.0,1,50,-5,515,47,-4,488
1781644722.4709716,0.0,0.0,1000.0,1,46,-5,515,44,-5,488
1781644722.5160277,0.0,0.0,1000.0,1,43,-6,518,41,-6,490
1781644722.5634186,0.0,0.0,1000.0,1,41,-6,517,39,-6,490
1781644722.6121695,0.0,0.0,1000.0,1,-33,-5,512,-31,-5,485
1781644722.6638954,0.0,0.0,1000.0,1,-35,-5,515,-33,-5,488
1781644722.7198944,0.0,0.0,1000.0,1,-22,-5,509,-21,-4,482
1781644722.7635522,0.0,0.0,1000.0,1,-27,-7,511,-26,-6,484
1781644722.8199208,0.0,0.0,1000.0,1,-29,-5,512,-27,-5,485
1781644722.871509,0.0,0.0,1000.0,1,13,-5,514,12,-4,487
1781644722.929164,0.0,0.0,1000.0,1,35,-4,516,33,-4,488
1781644723.0721424,0.0,0.0,1000.0,1,85,-4,519,80,-4,492
1781644723.1304827,0.0,0.0,1000.0,1,78,-3,518,74,-3,490
1781644723.1761138,0.0,0.0,1000.0,1,64,-2,516,61,-2,488
1781644723.2323833,0.0,0.0,1000.0,1,62,-3,521,59,-3,494
1781644723.278559,0.0,0.0,1000.0,1,50,-2,527,47,-2,500
1781644723.3326976,0.0,0.0,1000.0,1,36,-2,531,34,-2,503
1781644723.3766196,0.0,0.0,1000.0,1,8,-1,542,7,-1,513
1781644723.428415,0.0,0.0,1000.0,1,-11,-1,550,-11,-1,521
1781644723.477042,0.0,0.0,1000.0,1,-58,-1,561,-55,-1,530
1781644723.5324912,0.0,0.0,1000.0,1,-77,0,568,-73,0,537
1781644723.5784695,0.0,0.0,1000.0,1,-8,-2,565,-8,-2,534
1781644723.6343338,0.0,0.0,1000.0,1,-108,-3,593,-102,-3,560
1781644723.679103,0.0,0.0,1000.0,1,-123,-3,611,-116,-3,576
1781644723.7364478,0.0,0.0,1000.0,1,-131,-2,626,-124,-2,590
1781644723.7807794,0.0,0.0,1000.0,1,-147,-5,671,-138,-5,631
1781644723.8373916,0.0,0.0,1000.0,1,-136,-5,692,-128,-5,650
1781644723.8799639,0.0,0.0,1000.0,1,-143,-5,742,-134,-5,696
1781644723.9339678,0.0,0.0,1000.0,1,-149,-5,763,-140,-5,715
1781644723.9810514,0.0,0.0,1000.0,1,-162,-4,800,-151,-4,749
1781644724.0367036,0.0,0.0,1000.0,1,-158,-5,807,-148,-5,755
1781644724.086788,0.0,0.0,1000.0,1,-171,-3,854,-160,-3,798
1781644724.137464,0.0,0.0,1000.0,1,-172,-2,882,-161,-2,824
1781644724.1869998,0.0,0.0,1000.0,1,-196,-4,946,-183,-3,882
1781644724.238876,0.0,0.0,1000.0,1,-188,0,962,-175,0,896
1781644724.2903512,0.0,0.0,1000.0,1,-201,-1,1006,-187,-1,937
1781644724.3418071,0.0,0.0,1000.0,1,-196,0,1029,-182,0,958
1781644724.3924856,0.0,0.0,1000.0,1,-182,3,1065,-169,3,991
1781644724.4409184,0.0,0.0,1000.0,1,-168,10,1076,-156,9,1001
1781644724.496189,0.0,0.0,1000.0,1,-133,12,1092,-124,11,1017
1781644724.5439599,0.0,0.0,1000.0,1,-92,17,1096,-86,16,1021
1781644724.5998414,0.0,0.0,1000.0,1,-68,16,1098,-63,15,1023
1781644729.532092,0.0,0.0,1000.0,1,229,-2,813,214,-2,761
1781644729.5755568,0.0,0.0,1000.0,1,222,-5,802,208,-5,751
1781644729.63185,0.0,0.0,1000.0,1,223,-5,800,209,-5,749
1781644729.678264,0.0,0.0,1000.0,1,217,-6,805,203,-6,753
1781644729.7327724,0.0,0.0,1000.0,1,214,-6,798,200,-6,747
1781644729.7777238,0.0,0.0,1000.0,1,211,-6,795,197,-6,744
1781644729.8325374,0.0,0.0,1000.0,1,210,-6,800,197,-6,749
1781644729.8794565,0.0,0.0,1000.0,1,200,-4,796,187,-4,745
1781644729.9326947,0.0,0.0,1000.0,1,196,-3,795,184,-3,744
1781644729.9797444,0.0,0.0,1000.0,1,184,-2,793,173,-2,742
1781644730.0354335,0.0,0.0,1000.0,1,175,-2,789,164,-2,739
1781644730.080625,0.0,0.0,1000.0,1,164,-1,798,153,-1,747
1781644730.1362147,0.0,0.0,1000.0,1,160,-3,796,150,-3,745
1781644730.1819654,0.0,0.0,1000.0,1,148,-3,783,139,-3,733
1781644730.236838,0.0,0.0,1000.0,1,144,-4,779,135,-4,729
1781644730.2830722,0.0,0.0,1000.0,1,144,-3,763,135,-3,715
1781644730.3362944,0.0,0.0,1000.0,1,144,-3,758,135,-3,710
1781644730.3878431,0.0,0.0,1000.0,1,148,-3,748,139,-3,701
1781644730.43717,0.0,0.0,1000.0,1,160,-2,744,150,-2,697
1781644730.4881501,0.0,0.0,1000.0,1,156,-3,727,146,-3,682
1781644730.5390434,0.0,0.0,1000.0,1,184,-2,722,173,-2,677
1781644730.7998695,0.0,0.0,1000.0,1,186,-2,665,175,-2,625
1781644730.846568,0.0,0.0,1000.0,1,187,-3,648,176,-2,610
1781644730.9015522,0.0,0.0,1000.0,1,185,-2,622,174,-2,586
1781644730.9473443,0.0,0.0,1000.0,1,160,-1,531,152,-1,503
1781644731.0027726,0.0,0.0,1000.0,1,130,-1,427,121,-1,400
1781644731.4581556,0.0,0.0,1000.0,0,-3114,1603,6897,-3114,1603,6897
1781644731.7683976,0.0,0.0,1000.0,0,-3100,1582,6848,-3100,1582,6848
1781644731.8145425,0.0,0.0,1000.0,0,-3154,1614,6947,-3154,1614,6947
1781644731.8700361,0.0,0.0,1000.0,0,-3100,1582,6848,-3100,1582,6848
1781644732.4214258,0.0,0.0,1000.0,3,27,-2,577,25,-2,545
1781644732.526012,0.0,0.0,1000.0,3,40,-2,565,38,-2,534
1781644732.8325222,0.0,0.0,1000.0,3,1,-6,616,1,-5,581
1781644732.9336905,0.0,0.0,1000.0,3,0,-4,589,0,-4,556
1781644733.0339012,0.0,0.0,1000.0,3,132,-2,565,125,-2,534
1781644733.1368096,0.0,0.0,1000.0,3,112,-1,543,106,-1,514
1781644746.0684602,0.0,0.0,1000.0,3,234,-8,1082,218,-8,1007
1781644746.2144818,0.0,0.0,1000.0,3,218,-6,952,203,-6,888
1781644746.2685287,0.0,0.0,1000.0,3,200,-5,893,187,-4,833
1781644746.313272,0.0,0.0,1000.0,3,196,-7,845,184,-6,790
1781644746.3719003,0.0,0.0,1000.0,3,189,-5,821,176,-5,768
1781644746.4176188,0.0,0.0,1000.0,3,182,-5,778,170,-5,729
1781644746.4706726,0.0,0.0,1000.0,3,178,-5,757,167,-5,710
1781644746.519141,0.0,0.0,1000.0,3,170,-4,734,159,-4,689
1781644746.6736233,0.0,0.0,1000.0,3,158,-6,687,148,-6,646
1781644746.72534,0.0,0.0,1000.0,3,151,-6,666,142,-6,627
1781644746.7747934,0.0,0.0,1000.0,3,147,-7,666,138,-7,627
1781644746.8325388,0.0,0.0,1000.0,3,107,-6,646,101,-6,608
1781644746.8776796,0.0,0.0,1000.0,3,71,-5,646,67,-5,608
1781644746.9337833,0.0,0.0,1000.0,3,64,-5,660,60,-5,621
1781644746.978179,0.0,0.0,1000.0,3,30,-5,701,28,-5,658
1781644747.0803049,0.0,0.0,1000.0,3,4,-7,725,4,-6,680
1781644747.137142,0.0,0.0,1000.0,3,-5,-7,748,-5,-6,701
1781644747.1827772,0.0,0.0,1000.0,3,-18,-8,782,-17,-8,732
1781644747.236155,0.0,0.0,1000.0,3,-23,-8,806,-22,-8,755
1781644747.2866263,0.0,0.0,1000.0,3,-28,-6,866,-26,-5,809
1781644747.3396878,0.0,0.0,1000.0,3,-26,-6,896,-24,-5,836
1781644747.3878849,0.0,0.0,1000.0,3,-17,-2,904,-15,-2,844
1781644747.441411,0.0,0.0,1000.0,3,-10,7,920,-9,7,858
1781644747.4919631,0.0,0.0,1000.0,3,-7,9,944,-7,8,880
1781644747.5412703,0.0,0.0,1000.0,3,-5,13,961,-5,12,895
1781644747.5961597,0.0,0.0,1000.0,3,-8,18,1027,-7,16,957
1781644747.642919,0.0,0.0,1000.0,3,-1,25,1052,-1,23,979
1781644747.6966958,0.0,0.0,1000.0,3,7,27,1091,7,25,1016
1781644747.7431254,0.0,0.0,1000.0,3,20,36,1081,19,33,1006
1781644747.799335,0.0,0.0,1000.0,3,30,36,1127,28,33,1052
1781644747.8436925,0.0,0.0,1000.0,3,33,40,1135,31,38,1060
1781644747.8986273,0.0,0.0,1000.0,3,38,41,1166,36,39,1091
1781644747.943972,0.0,0.0,1000.0,3,43,45,1178,41,42,1103
1781644748.0002172,0.0,0.0,1000.0,3,46,47,1201,43,44,1127
1781644748.0465014,0.0,0.0,1000.0,3,51,49,1239,48,46,1164
1781644748.102083,0.0,0.0,1000.0,3,51,49,1252,48,46,1177
1781644748.1492548,0.0,0.0,1000.0,3,52,54,1275,49,50,1200
1781644748.2036445,0.0,0.0,1000.0,3,53,55,1306,50,52,1232
1781644748.248673,0.0,0.0,1000.0,3,52,56,1326,49,53,1252
1781644748.3527486,0.0,0.0,1000.0,3,51,56,1335,48,53,1261
1781644748.4040134,0.0,0.0,1000.0,3,49,56,1341,47,53,1267
1781644748.4536407,0.0,0.0,1000.0,3,44,57,1350,42,54,1276
1781644748.5054011,0.0,0.0,1000.0,3,39,55,1350,37,52,1276
1781644748.5585122,0.0,0.0,1000.0,3,32,55,1358,30,52,1284
1781644748.6067553,0.0,0.0,1000.0,3,29,52,1356,27,49,1282
1781644748.6636636,0.0,0.0,1000.0,3,-21,56,1375,-20,53,1301
1781644748.7096393,0.0,0.0,1000.0,3,28,-65,1408,26,-61,1334
1781644748.7621174,0.0,0.0,1000.0,3,24,-16,1391,23,-16,1317
1781644748.807115,0.0,0.0,1000.0,3,16,50,1370,15,48,1296
1781644748.8622253,0.0,0.0,1000.0,3,15,49,1368,14,46,1294
1781644748.9092257,0.0,0.0,1000.0,3,9,47,1362,9,44,1288
1781644748.96517,0.0,0.0,1000.0,3,7,47,1368,7,44,1294
1781644749.011005,0.0,0.0,1000.0,3,6,47,1375,5,44,1301
1781644749.0666635,0.0,0.0,1000.0,3,2,45,1370,2,43,1296
1781644749.1121192,0.0,0.0,1000.0,3,0,45,1368,0,43,1294
1781644749.168642,0.0,0.0,1000.0,3,0,45,1368,0,43,1294
1781644749.2128184,0.0,0.0,1000.0,3,-2,45,1362,-2,42,1288
1781644749.269338,0.0,0.0,1000.0,3,-5,45,1360,-5,42,1286
1781644749.315344,0.0,0.0,1000.0,3,-12,45,1373,-12,43,1299
1781644749.369382,0.0,0.0,1000.0,3,-20,45,1375,-19,43,1301
1781644749.4183059,0.0,0.0,1000.0,3,-23,45,1368,-22,43,1294
1781644749.4685931,0.0,0.0,1000.0,3,-29,47,1375,-27,44,1301
1781644749.5225205,0.0,0.0,1000.0,3,-25,46,1385,-24,43,1311
1781644749.5737746,0.0,0.0,1000.0,3,-31,44,1389,-29,41,1315
1781644749.625224,0.0,0.0,1000.0,3,-33,45,1383,-31,43,1309
1781644749.6749918,0.0,0.0,1000.0,3,-31,44,1381,-29,41,1307
1781644749.7327728,0.0,0.0,1000.0,3,-34,46,1389,-33,43,1315
1781644749.776566,0.0,0.0,1000.0,3,-24,46,1387,-22,43,1313
1781644749.833343,0.0,0.0,1000.0,3,-25,44,1385,-24,41,1311
1781644749.8796043,0.0,0.0,1000.0,3,-14,44,1387,-14,41,1313
1781644749.9333334,0.0,0.0,1000.0,3,-16,44,1381,-15,41,1307
1781644749.9794967,0.0,0.0,1000.0,3,-14,44,1381,-14,41,1307
1781644750.035584,0.0,0.0,1000.0,3,-16,45,1377,-15,43,1303
1781644750.0767152,0.0,0.0,1000.0,3,-16,44,1381,-15,41,1307
1781644750.136383,0.0,0.0,1000.0,3,-18,44,1389,-17,41,1315
1781644750.1771002,0.0,0.0,1000.0,3,-16,45,1377,-15,43,1303
1781644750.2361128,0.0,0.0,1000.0,3,-19,46,1356,-18,44,1282
1781644750.2768538,0.0,0.0,1000.0,3,-16,43,1371,-15,41,1297
1781644750.3360794,0.0,0.0,1000.0,3,-16,43,1368,-15,41,1294
1781644750.3767982,0.0,0.0,1000.0,3,-16,45,1373,-15,43,1299
1781644750.4366508,0.0,0.0,1000.0,3,-12,43,1362,-12,41,1288
1781644750.4766717,0.0,0.0,1000.0,3,-16,42,1375,-15,39,1301
1781644750.5388515,0.0,0.0,1000.0,3,-12,41,1362,-12,39,1288
1781644750.591328,0.0,0.0,1000.0,3,-12,41,1366,-12,39,1292
1781644750.6379461,0.0,0.0,1000.0,3,-14,41,1366,-13,39,1292
1781644750.691478,0.0,0.0,1000.0,3,-16,43,1358,-15,40,1284
1781644750.7404742,0.0,0.0,1000.0,3,-12,43,1362,-12,41,1288
1781644750.798454,0.0,0.0,1000.0,3,-11,43,1373,-10,41,1299
1781644750.8429103,0.0,0.0,1000.0,3,-11,43,1362,-10,41,1288
1781644750.8995612,0.0,0.0,1000.0,3,-11,43,1368,-10,41,1294
1781644750.943378,0.0,0.0,1000.0,3,-11,43,1366,-10,41,1292
1781644750.99965,0.0,0.0,1000.0,3,-12,43,1377,-12,41,1303
1781644751.0430884,0.0,0.0,1000.0,3,-11,43,1375,-10,41,1301
1781644751.1005275,0.0,0.0,1000.0,3,-11,43,1370,-10,41,1296
1781644751.143186,0.0,0.0,1000.0,3,-9,43,1375,-8,41,1301
1781644751.2022889,0.0,0.0,1000.0,3,-12,43,1370,-12,41,1296
1781644751.2431812,0.0,0.0,1000.0,3,-9,44,1381,-8,41,1307
1781644751.3028278,0.0,0.0,1000.0,3,-9,44,1381,-8,41,1307
1781644751.3431551,0.0,0.0,1000.0,3,-9,43,1371,-8,41,1297
1781644751.401563,0.0,0.0,1000.0,3,-11,42,1379,-10,39,1305
1781644751.4431703,0.0,0.0,1000.0,3,-11,42,1375,-10,39,1301
1781644751.5022216,0.0,0.0,1000.0,3,-13,42,1381,-12,40,1307
1781644751.5430462,0.0,0.0,1000.0,3,-14,44,1381,-14,41,1307
1781644751.6035013,0.0,0.0,1000.0,3,-11,43,1371,-10,41,1297
1781644751.6579387,0.0,0.0,1000.0,3,-11,43,1375,-10,41,1301
1781644751.704018,0.0,0.0,1000.0,3,-11,44,1379,-10,41,1305
1781644751.7579305,0.0,0.0,1000.0,3,-11,43,1377,-10,41,1303
1781644751.805824,0.0,0.0,1000.0,3,-11,43,1377,-10,41,1303
1781644751.8627996,0.0,0.0,1000.0,3,-9,44,1379,-8,41,1305
1781644751.9073088,0.0,0.0,1000.0,3,-13,44,1383,-12,41,1309
1781644751.9573388,0.0,0.0,1000.0,3,-13,44,1379,-12,41,1305
1781644752.0084052,0.0,0.0,1000.0,3,-11,44,1379,-10,41,1305
1781644752.0599542,0.0,0.0,1000.0,3,-12,43,1371,-12,41,1297
1781644752.1088803,0.0,0.0,1000.0,3,-11,44,1379,-10,41,1305
1781644752.1634097,0.0,0.0,1000.0,3,-12,43,1375,-12,41,1301
1781644752.2102382,0.0,0.0,1000.0,3,-12,43,1370,-12,41,1296
1781644752.2658503,0.0,0.0,1000.0,3,-13,44,1379,-12,41,1305
1781644752.311771,0.0,0.0,1000.0,3,-13,44,1383,-12,41,1309
1781644752.368499,0.0,0.0,1000.0,3,-14,43,1364,-13,41,1290
1781644752.4139545,0.0,0.0,1000.0,3,-12,43,1375,-12,41,1301
1781644752.4686828,0.0,0.0,1000.0,3,-14,43,1373,-13,41,1299
1781644752.514,0.0,0.0,1000.0,3,-14,43,1373,-13,41,1299
1781644752.5703597,0.0,0.0,1000.0,3,-11,43,1375,-10,41,1301
1781644752.613778,0.0,0.0,1000.0,3,-11,43,1377,-10,41,1303
1781644752.6713321,0.0,0.0,1000.0,3,-11,43,1377,-10,41,1303
1781644752.713883,0.0,0.0,1000.0,3,-14,43,1375,-14,41,1301
1781644752.7703168,0.0,0.0,1000.0,3,-11,43,1375,-10,41,1301
1781644752.8165157,0.0,0.0,1000.0,3,-11,43,1371,-10,41,1297
1781644752.872335,0.0,0.0,1000.0,3,-11,44,1379,-10,41,1305
1781644752.9153337,0.0,0.0,1000.0,3,-11,45,1377,-10,43,1303
1781644752.968132,0.0,0.0,1000.0,3,-11,43,1375,-10,41,1301
1781644753.0691688,0.0,0.0,1000.0,3,-11,43,1362,-10,41,1288
1781644753.1194787,0.0,0.0,1000.0,3,-9,43,1371,-8,41,1297
1781644753.1724405,0.0,0.0,1000.0,3,-11,45,1375,-10,43,1301
1781644753.2216437,0.0,0.0,1000.0,3,-11,45,1370,-10,43,1296
1781644753.2725005,0.0,0.0,1000.0,3,-11,43,1373,-10,41,1299
1781644753.3303797,0.0,0.0,1000.0,3,-12,45,1370,-12,43,1296
1781644753.3744361,0.0,0.0,1000.0,3,-14,45,1371,-13,43,1297
1781644753.4302554,0.0,0.0,1000.0,3,-11,45,1381,-10,43,1307
1781644753.474308,0.0,0.0,1000.0,3,-11,45,1379,-10,43,1305
1781644753.5299935,0.0,0.0,1000.0,3,-12,45,1373,-12,43,1299
1781644753.5750382,0.0,0.0,1000.0,3,-12,45,1375,-12,43,1301
1781644753.6325812,0.0,0.0,1000.0,3,-11,45,1377,-10,43,1303
1781644753.6780667,0.0,0.0,1000.0,3,-11,45,1375,-10,43,1301
1781644753.7325342,0.0,0.0,1000.0,3,-13,45,1383,-12,43,1309
1781644753.7758605,0.0,0.0,1000.0,3,-12,45,1377,-12,43,1303
1781644753.8335848,0.0,0.0,1000.0,3,-12,45,1377,-12,43,1303
1781644753.878048,0.0,0.0,1000.0,3,-13,46,1389,-12,43,1315
1781644753.9333289,0.0,0.0,1000.0,3,-12,45,1375,-12,43,1301
1781644753.9793203,0.0,0.0,1000.0,3,-13,46,1385,-12,43,1311
1781644754.035652,0.0,0.0,1000.0,3,-13,45,1379,-12,43,1305
1781644754.0761442,0.0,0.0,1000.0,3,-9,46,1391,-8,43,1317
1781644754.1335034,0.0,0.0,1000.0,3,-9,45,1379,-8,43,1305
1781644754.1760116,0.0,0.0,1000.0,3,-9,46,1385,-8,43,1311
1781644754.233603,0.0,0.0,1000.0,3,-9,46,1385,-8,43,1311
1781644754.2764976,0.0,0.0,1000.0,3,-13,44,1387,-12,41,1313
1781644754.3336637,0.0,0.0,1000.0,3,-9,44,1383,-8,41,1309
1781644754.3765514,0.0,0.0,1000.0,3,-9,45,1379,-8,43,1305
1781644754.43541,0.0,0.0,1000.0,3,-7,45,1383,-7,43,1309
1781644754.4764106,0.0,0.0,1000.0,3,-9,44,1383,-8,41,1309
1781644754.5350935,0.0,0.0,1000.0,3,-9,44,1387,-8,41,1313
1781644754.5758767,0.0,0.0,1000.0,3,-5,45,1381,-5,43,1307
1781644754.6381443,0.0,0.0,1000.0,3,-9,44,1383,-8,41,1309
1781644754.691322,0.0,0.0,1000.0,3,-5,44,1383,-5,41,1309
1781644754.7414706,0.0,0.0,1000.0,3,-9,44,1383,-8,41,1309
1781644754.7957828,0.0,0.0,1000.0,3,-9,44,1379,-8,41,1305
1781644754.8408256,0.0,0.0,1000.0,3,-11,43,1377,-10,41,1303
1781644754.8956647,0.0,0.0,1000.0,3,-11,44,1381,-10,41,1307
1781644754.9416227,0.0,0.0,1000.0,3,-11,44,1383,-10,41,1309
1781644754.9925532,0.0,0.0,1000.0,3,-11,43,1375,-10,41,1301
1781644755.043221,0.0,0.0,1000.0,3,-9,44,1383,-8,41,1309
1781644755.0979543,0.0,0.0,1000.0,3,-11,44,1383,-10,41,1309
1781644755.142738,0.0,0.0,1000.0,3,-11,44,1379,-10,41,1305
1781644755.1996708,0.0,0.0,1000.0,3,-12,43,1375,-12,41,1301
1781644755.244538,0.0,0.0,1000.0,3,-11,43,1375,-10,41,1301
1781644755.3040464,0.0,0.0,1000.0,3,-11,42,1377,-10,39,1303
1781644755.343139,0.0,0.0,1000.0,3,-11,40,1377,-10,38,1303
1781644755.401411,0.0,0.0,1000.0,3,-11,40,1379,-10,38,1305
1781644755.4559276,0.0,0.0,1000.0,3,-9,43,1370,-8,41,1296
1781644755.4958005,0.0,0.0,1000.0,3,-9,43,1377,-8,41,1303
1781644755.6044466,0.0,0.0,1000.0,3,-9,43,1375,-8,41,1301
1781644755.6574163,0.0,0.0,1000.0,3,-11,43,1375,-10,41,1301
1781644755.7075887,0.0,0.0,1000.0,3,-7,43,1375,-7,41,1301
1781644755.762869,0.0,0.0,1000.0,3,-11,43,1373,-10,41,1299
1781644755.9074495,0.0,0.0,1000.0,3,-11,41,1371,-10,39,1297
1781644755.9626305,0.0,0.0,1000.0,3,-7,41,1366,-7,39,1292
1781644756.0115743,0.0,0.0,1000.0,3,-11,42,1375,-10,39,1301
1781644756.066777,0.0,0.0,1000.0,3,-11,41,1362,-10,39,1288
1781644756.1092813,0.0,0.0,1000.0,3,-11,41,1362,-10,39,1288
1781644756.1682794,0.0,0.0,1000.0,3,-9,39,1364,-8,37,1290
1781644756.2096632,0.0,0.0,1000.0,3,-11,37,1356,-10,35,1282
1781644756.2685876,0.0,0.0,1000.0,3,-11,38,1366,-10,36,1292
1781644756.309358,0.0,0.0,1000.0,3,-11,38,1368,-10,36,1294
1781644756.3691258,0.0,0.0,1000.0,3,-12,38,1360,-12,35,1286
1781644756.4103978,0.0,0.0,1000.0,3,-7,37,1358,-7,35,1284
1781644756.468823,0.0,0.0,1000.0,3,-12,36,1356,-12,34,1282
1781644756.5240748,0.0,0.0,1000.0,3,-12,36,1360,-12,34,1286
1781644756.572282,0.0,0.0,1000.0,3,-18,34,1362,-17,32,1288
1781644756.6266782,0.0,0.0,1000.0,3,-16,36,1360,-15,34,1286
1781644756.675275,0.0,0.0,1000.0,3,-12,36,1354,-12,34,1280
1781644756.7292325,0.0,0.0,1000.0,3,-12,36,1356,-12,34,1282
1781644756.7755156,0.0,0.0,1000.0,3,-18,36,1362,-17,34,1288
1781644756.8315187,0.0,0.0,1000.0,3,-16,36,1354,-15,34,1280
1781644756.8755825,0.0,0.0,1000.0,3,-20,38,1370,-19,36,1296
1781644756.931412,0.0,0.0,1000.0,3,-18,36,1358,-17,34,1284
1781644756.9759736,0.0,0.0,1000.0,3,-19,37,1356,-18,35,1282
1781644757.0323281,0.0,0.0,1000.0,3,-21,37,1358,-20,35,1284
1781644757.07587,0.0,0.0,1000.0,3,-18,41,1362,-17,39,1288
1781644757.1323957,0.0,0.0,1000.0,3,-18,41,1356,-17,39,1282
1781644757.176124,0.0,0.0,1000.0,3,-18,43,1358,-17,40,1284
1781644757.2326384,0.0,0.0,1000.0,3,-19,41,1356,-18,39,1282
1781644757.2760398,0.0,0.0,1000.0,3,-18,41,1352,-17,39,1278
1781644757.334281,0.0,0.0,1000.0,3,-19,43,1358,-18,40,1284
1781644757.376095,0.0,0.0,1000.0,3,-18,43,1352,-17,40,1278
1781644757.4363222,0.0,0.0,1000.0,3,-16,43,1352,-15,40,1278
1781644757.4762812,0.0,0.0,1000.0,3,-18,41,1350,-17,39,1276
1781644757.535105,0.0,0.0,1000.0,3,-21,41,1356,-20,39,1282
1781644757.5763943,0.0,0.0,1000.0,3,-21,43,1356,-20,40,1282
1781644757.6352704,0.0,0.0,1000.0,3,-18,43,1348,-17,40,1274
1781644757.6893919,0.0,0.0,1000.0,3,-21,43,1360,-20,41,1286
1781644757.7400966,0.0,0.0,1000.0,3,-14,43,1354,-13,40,1280
1781644757.7910533,0.0,0.0,1000.0,3,-12,43,1354,-12,40,1280
1781644757.840647,0.0,0.0,1000.0,3,-11,43,1360,-10,41,1286
1781644757.8924403,0.0,0.0,1000.0,3,-12,41,1360,-12,39,1286
1781644757.9407337,0.0,0.0,1000.0,3,-11,43,1362,-10,41,1288
1781644757.9956818,0.0,0.0,1000.0,3,-9,43,1360,-8,41,1286
1781644758.0412002,0.0,0.0,1000.0,3,-11,43,1358,-10,40,1284
1781644758.0985508,0.0,0.0,1000.0,3,-9,46,1360,-8,44,1286
1781644758.1447716,0.0,0.0,1000.0,3,-11,43,1356,-10,40,1282
1781644758.2002823,0.0,0.0,1000.0,3,-11,43,1358,-10,40,1284
1781644758.2450254,0.0,0.0,1000.0,3,-11,43,1362,-10,41,1288
1781644758.2995734,0.0,0.0,1000.0,3,-11,43,1368,-10,41,1294
1781644758.346171,0.0,0.0,1000.0,3,-11,43,1360,-10,41,1286
1781644758.401503,0.0,0.0,1000.0,3,-9,43,1366,-8,41,1292
1781644758.4470277,0.0,0.0,1000.0,3,-11,43,1375,-10,41,1301
1781644758.50457,0.0,0.0,1000.0,3,-11,45,1360,-10,42,1286
1781644758.5495632,0.0,0.0,1000.0,3,-11,43,1360,-10,41,1286
1781644758.6024184,0.0,0.0,1000.0,3,-7,43,1362,-7,41,1288
1781644758.6512086,0.0,0.0,1000.0,3,-11,43,1366,-10,41,1292
1781644758.7030454,0.0,0.0,1000.0,3,-11,43,1370,-10,41,1296
1781644758.752769,0.0,0.0,1000.0,3,-9,43,1362,-8,41,1288
1781644758.8053436,0.0,0.0,1000.0,3,-9,45,1356,-8,42,1282
1781644758.8535097,0.0,0.0,1000.0,3,-9,43,1377,-8,41,1303
1781644758.9058812,0.0,0.0,1000.0,3,-5,43,1371,-5,41,1297
1781644758.956064,0.0,0.0,1000.0,3,-9,43,1371,-8,41,1297
1781644759.00746,0.0,0.0,1000.0,3,-9,43,1373,-8,41,1299
1781644759.0632074,0.0,0.0,1000.0,3,-7,43,1377,-7,41,1303
1781644759.1087184,0.0,0.0,1000.0,3,-9,44,1379,-8,41,1305
1781644759.166207,0.0,0.0,1000.0,3,-7,43,1371,-7,41,1297
1781644759.2096233,0.0,0.0,1000.0,3,-7,43,1373,-7,41,1299
1781644759.2658565,0.0,0.0,1000.0,3,-7,43,1370,-7,41,1296
1781644759.410748,0.0,0.0,1000.0,3,-9,45,1379,-8,43,1305
1781644759.468645,0.0,0.0,1000.0,3,-7,45,1381,-7,43,1307
1781644759.511439,0.0,0.0,1000.0,3,-5,44,1381,-5,41,1307
1781644759.5668187,0.0,0.0,1000.0,3,-3,43,1377,-3,41,1303
1781644759.6125946,0.0,0.0,1000.0,3,0,45,1375,0,43,1301
1781644759.669474,0.0,0.0,1000.0,3,2,47,1381,2,45,1307
1781644759.712834,0.0,0.0,1000.0,3,2,47,1383,2,45,1309
1781644759.7704792,0.0,0.0,1000.0,3,2,47,1377,2,45,1303
1781644759.8150592,0.0,0.0,1000.0,3,0,47,1368,0,44,1294
1781644759.8705215,0.0,0.0,1000.0,3,-2,44,1385,-2,41,1311
1781644759.9148583,0.0,0.0,1000.0,3,-3,45,1379,-3,43,1305
1781644759.971043,0.0,0.0,1000.0,3,15,47,1377,14,45,1303
1781644760.0140848,0.0,0.0,1000.0,3,11,45,1379,10,43,1305
1781644760.071223,0.0,0.0,1000.0,3,16,42,1375,16,39,1301
1781644760.1138563,0.0,0.0,1000.0,3,4,59,1362,4,56,1288
1781644760.1705163,0.0,0.0,1000.0,3,-2,40,1385,-2,38,1311
1781644760.2153926,0.0,0.0,1000.0,3,-7,44,1381,-7,41,1307
1781644760.2697341,0.0,0.0,1000.0,3,2,45,1379,2,43,1305
1781644760.3162024,0.0,0.0,1000.0,3,4,44,1389,4,41,1315
1781644760.3698635,0.0,0.0,1000.0,3,6,44,1385,5,41,1311
1781644760.4205017,0.0,0.0,1000.0,3,0,44,1395,0,42,1322
1781644760.4720047,0.0,0.0,1000.0,3,-5,42,1389,-5,40,1315
1781644760.524814,0.0,0.0,1000.0,3,-4,41,1406,-3,39,1332
1781644760.5745301,0.0,0.0,1000.0,3,9,40,1391,9,38,1317
1781644760.630409,0.0,0.0,1000.0,3,0,39,1408,0,37,1334
1781644760.6754801,0.0,0.0,1000.0,3,-3,36,1387,-3,35,1313
1781644760.7251692,0.0,0.0,1000.0,3,-14,29,1385,-14,28,1311
1781644760.7752676,0.0,0.0,1000.0,3,54,33,1379,52,31,1305
1781644760.8332489,0.0,0.0,1000.0,3,109,36,1433,104,34,1359
1781644760.8781855,0.0,0.0,1000.0,3,0,46,1385,0,43,1311
1781644760.9335036,0.0,0.0,1000.0,3,213,-12,1529,203,-11,1456
1781644760.9786336,0.0,0.0,1000.0,3,114,-26,1439,108,-25,1366
1781644761.0353804,0.0,0.0,1000.0,3,-9,-11,1385,-8,-10,1311
1781644761.079963,0.0,0.0,1000.0,3,-105,32,1362,-100,30,1288
1781644761.1359563,0.0,0.0,1000.0,3,21,34,1343,20,32,1269
1781644761.1814141,0.0,0.0,1000.0,3,2,32,1348,2,30,1274
1781644761.2373326,0.0,0.0,1000.0,3,5,35,1335,5,33,1261
1781644761.284194,0.0,0.0,1000.0,3,5,35,1335,5,33,1261
1781644761.3351104,0.0,0.0,1000.0,3,5,35,1341,5,33,1267
1781644761.385632,0.0,0.0,1000.0,3,5,35,1343,5,33,1269
1781644761.436089,0.0,0.0,1000.0,3,4,35,1339,3,33,1265
1781644761.486089,0.0,0.0,1000.0,3,2,33,1335,2,32,1261
1781644761.538303,0.0,0.0,1000.0,3,2,35,1339,2,33,1265
1781644761.5884945,0.0,0.0,1000.0,3,9,37,1335,8,35,1261
1781644761.6394238,0.0,0.0,1000.0,3,32,36,1358,30,34,1284
1781644761.693687,0.0,0.0,1000.0,3,39,35,1339,37,33,1265
1781644761.7413604,0.0,0.0,1000.0,3,26,37,1331,25,35,1257
1781644761.7970407,0.0,0.0,1000.0,3,19,35,1330,18,33,1255
1781644761.8420053,0.0,0.0,1000.0,3,0,14,1335,0,13,1261
1781644761.897253,0.0,0.0,1000.0,3,-2,-9,1345,-2,-8,1270
1781644761.9418478,0.0,0.0,1000.0,3,-2,180,1345,-2,170,1270
1781644761.9986863,0.0,0.0,1000.0,3,-4,13,1092,-4,12,1017
1781644762.0445082,0.0,0.0,1000.0,3,-7,45,1311,-6,42,1237
1781644762.0993154,0.0,0.0,1000.0,3,-5,44,1335,-5,41,1261
1781644762.1469254,0.0,0.0,1000.0,3,-10,70,1333,-10,66,1259
1781644762.2114096,0.0,0.0,1000.0,3,-10,76,1337,-10,71,1263
1781644762.2483966,0.0,0.0,1000.0,3,-12,76,1337,-11,71,1263
1781644762.3032625,0.0,0.0,1000.0,3,-14,70,1341,-13,67,1267
1781644762.3486261,0.0,0.0,1000.0,3,-18,36,1356,-17,34,1282
1781644762.4031568,0.0,0.0,1000.0,3,-18,39,1354,-17,37,1280
1781644762.4516945,0.0,0.0,1000.0,3,-7,30,1358,-7,29,1284
1781644762.5021896,0.0,0.0,1000.0,3,-2,23,1360,-2,22,1286
1781644762.5523925,0.0,0.0,1000.0,3,4,23,1352,4,22,1278
1781644762.6034598,0.0,0.0,1000.0,3,-7,170,1320,-6,160,1246
1781644762.655447,0.0,0.0,1000.0,3,-10,167,1326,-10,158,1252
1781644762.705525,0.0,0.0,1000.0,3,6,11,1379,5,10,1305
1781644762.7557077,0.0,0.0,1000.0,3,14,14,1356,14,14,1282
1781644762.806428,0.0,0.0,1000.0,3,25,9,1350,24,8,1276
1781644762.8559918,0.0,0.0,1000.0,3,37,2,1354,35,2,1280
1781644762.9070446,0.0,0.0,1000.0,3,44,0,1350,42,0,1276
1781644762.9585557,0.0,0.0,1000.0,3,37,0,1345,35,0,1270
1781644763.0082445,0.0,0.0,1000.0,3,30,-5,1341,28,-5,1267
1781644763.06681,0.0,0.0,1000.0,3,16,-3,1331,15,-3,1257
1781644763.1100073,0.0,0.0,1000.0,3,33,-5,1328,31,-5,1254
1781644763.1655257,0.0,0.0,1000.0,3,33,-7,1317,31,-6,1243
1781644763.2105289,0.0,0.0,1000.0,3,29,-9,1313,28,-8,1239
1781644763.265008,0.0,0.0,1000.0,3,30,-8,1283,29,-8,1209
1781644763.311862,0.0,0.0,1000.0,3,32,-8,1282,30,-8,1207
1781644763.3677258,0.0,0.0,1000.0,3,30,-7,1270,28,-6,1195
1781644763.4131467,0.0,0.0,1000.0,3,25,-7,1261,24,-6,1187
1781644763.4685657,0.0,0.0,1000.0,3,25,-8,1258,23,-8,1184
1781644763.5129561,0.0,0.0,1000.0,3,20,-11,1250,19,-11,1175
1781644763.570656,0.0,0.0,1000.0,3,-1,-5,1237,-1,-5,1162
1781644763.6143754,0.0,0.0,1000.0,3,-7,-3,558,-7,-3,528
1781644763.670157,0.0,0.0,1000.0,3,-16,-8,1235,-15,-8,1161
1781644763.717545,0.0,0.0,1000.0,3,8,-8,1234,8,-8,1159
1781644763.769367,0.0,0.0,1000.0,3,-1,-8,1226,-1,-8,1151
1781644763.8191898,0.0,0.0,1000.0,3,-6,-6,1231,-6,-6,1156
1781644763.8697555,0.0,0.0,1000.0,3,-5,-8,1226,-4,-8,1151
1781644763.9201407,0.0,0.0,1000.0,3,-5,-8,1239,-4,-8,1164
1781644763.9716017,0.0,0.0,1000.0,3,-10,-8,1232,-9,-8,1158
1781644764.0242753,0.0,0.0,1000.0,3,-5,-8,1182,-4,-7,1107
1781644764.0730624,0.0,0.0,1000.0,3,-15,-176,1277,-14,-166,1202
1781644764.12976,0.0,0.0,1000.0,3,-14,-10,1227,-13,-9,1153
1781644764.1749907,0.0,0.0,1000.0,3,-13,-3,1245,-12,-3,1171
1781644764.2304132,0.0,0.0,1000.0,3,-11,-7,1258,-11,-6,1184
1781644764.2770243,0.0,0.0,1000.0,3,-13,-6,1245,-12,-6,1171
1781644764.3333306,0.0,0.0,1000.0,3,-13,-6,1237,-12,-6,1162
1781644764.3801122,0.0,0.0,1000.0,3,-13,-6,1243,-12,-6,1169
1781644764.4345427,0.0,0.0,1000.0,3,-11,-7,1266,-11,-6,1192
1781644764.4799352,0.0,0.0,1000.0,3,-15,-15,1266,-14,-14,1192
1781644764.535239,0.0,0.0,1000.0,3,-13,-13,1224,-12,-12,1150
1781644764.5824552,0.0,0.0,1000.0,3,-21,-6,1223,-19,-6,1148
1781644764.6355977,0.0,0.0,1000.0,3,3,-6,1223,3,-6,1148
1781644764.6801813,0.0,0.0,1000.0,3,7,-6,1224,6,-6,1150
1781644764.7382998,0.0,0.0,1000.0,3,-5,-147,1271,-5,-138,1197
1781644764.7800095,0.0,0.0,1000.0,3,-3,-8,1224,-3,-8,1150
1781644764.835579,0.0,0.0,1000.0,3,-5,-3,1223,-4,-3,1148
1781644764.8815296,0.0,0.0,1000.0,3,-5,-3,1223,-4,-3,1148
1781644764.9364784,0.0,0.0,1000.0,3,-3,-6,1227,-3,-6,1153
1781644764.9825473,0.0,0.0,1000.0,3,-1,-6,1229,-1,-6,1155
1781644765.036292,0.0,0.0,1000.0,3,-5,-101,1261,-5,-95,1187
1781644765.0862138,0.0,0.0,1000.0,3,-5,-133,1270,-5,-125,1195
1781644765.139458,0.0,0.0,1000.0,3,-5,-154,1275,-5,-145,1200
1781644765.1876879,0.0,0.0,1000.0,3,-3,-147,1275,-3,-139,1200
1781644765.2392838,0.0,0.0,1000.0,3,-5,-144,1273,-5,-135,1199
1781644765.2958608,0.0,0.0,1000.0,3,-3,-13,1227,-3,-12,1153
1781644765.3409355,0.0,0.0,1000.0,3,-3,-10,1227,-3,-9,1153
1781644765.3970551,0.0,0.0,1000.0,3,-5,-8,1226,-4,-8,1151
1781644765.4427314,0.0,0.0,1000.0,3,-5,-8,1223,-4,-7,1148
1781644765.4990695,0.0,0.0,1000.0,3,-3,-29,1231,-3,-27,1156
1781644765.5419083,0.0,0.0,1000.0,3,-5,-92,1258,-5,-87,1184
1781644765.5991647,0.0,0.0,1000.0,3,-5,-108,1268,-5,-102,1194
1781644765.6443555,0.0,0.0,1000.0,3,-5,-116,1265,-5,-109,1190
1781644765.6995537,0.0,0.0,1000.0,3,-5,-114,1258,-5,-107,1184
1781644765.7460136,0.0,0.0,1000.0,3,-5,-90,1245,-4,-84,1171
1781644765.8006082,0.0,0.0,1000.0,3,-8,-93,1248,-8,-88,1174
1781644765.8461673,0.0,0.0,1000.0,3,-8,-10,1224,-7,-9,1150
1781644765.900677,0.0,0.0,1000.0,3,-8,-31,1229,-7,-29,1155
1781644765.947126,0.0,0.0,1000.0,3,-8,-83,1245,-8,-78,1171
1781644766.0033474,0.0,0.0,1000.0,3,-8,-93,1248,-8,-88,1174
1781644766.0483253,0.0,0.0,1000.0,3,-8,-87,1248,-8,-82,1174
1781644766.1039085,0.0,0.0,1000.0,3,-8,-87,1248,-8,-82,1174
1781644766.1414006,0.0,0.0,1000.0,3,-5,-77,1248,-4,-72,1174
1781644766.2007563,0.0,0.0,1000.0,3,-3,-8,1224,-3,-8,1150
1781644766.2415733,0.0,0.0,1000.0,3,-6,-10,1227,-6,-9,1153
1781644766.3009415,0.0,0.0,1000.0,3,-8,-87,1248,-8,-82,1174
1781644766.3415942,0.0,0.0,1000.0,3,-5,-109,1260,-5,-103,1185
1781644766.4016204,0.0,0.0,1000.0,3,-5,-140,1266,-5,-131,1192
1781644766.441441,0.0,0.0,1000.0,3,5,-239,1294,5,-226,1219
1781644766.5017953,0.0,0.0,1000.0,3,-29,-336,1320,-28,-317,1246
1781644766.5422957,0.0,0.0,1000.0,3,-35,-365,1330,-33,-344,1255
1781644766.7924566,0.0,0.0,1000.0,1,37,-6,1223,35,-6,1148
1781644766.8649473,0.0,0.0,1000.0,1,29,-6,1223,27,-6,1148
1781644766.9092975,0.0,0.0,1000.0,1,21,-6,1223,20,-6,1148
1781644766.963801,0.0,0.0,1000.0,1,18,-6,1227,17,-6,1153
1781644767.0110056,0.0,0.0,1000.0,1,19,-8,1226,18,-8,1151
1781644767.0637226,0.0,0.0,1000.0,1,16,-6,1229,15,-6,1155
1781644767.107767,0.0,0.0,1000.0,1,16,-6,1231,15,-6,1156
1781644767.1665578,0.0,0.0,1000.0,1,26,-8,1231,24,-8,1156
1781644767.2077212,0.0,0.0,1000.0,1,23,-6,1229,21,-6,1155
1781644767.268115,0.0,0.0,1000.0,1,31,-6,1231,29,-6,1156
1781644767.3073938,0.0,0.0,1000.0,1,27,-6,1224,26,-6,1150
1781644767.3665345,0.0,0.0,1000.0,1,31,-6,1224,29,-6,1150
1781644767.4080055,0.0,0.0,1000.0,1,29,-5,1229,27,-5,1155
1781644767.465535,0.0,0.0,1000.0,1,24,-3,1227,23,-3,1153
1781644767.507753,0.0,0.0,1000.0,1,20,-6,1229,18,-6,1155
1781644767.5665436,0.0,0.0,1000.0,1,23,-6,1227,21,-6,1153
1781644767.6079974,0.0,0.0,1000.0,1,23,-6,1224,21,-6,1150
1781644767.6642745,0.0,0.0,1000.0,1,28,-8,1227,26,-8,1153
1781644767.7078989,0.0,0.0,1000.0,1,20,-10,1229,18,-9,1155
1781644767.7660153,0.0,0.0,1000.0,1,3,-8,1226,3,-8,1151
1781644767.807922,0.0,0.0,1000.0,1,-3,-6,1227,-3,-6,1153
1781644767.869418,0.0,0.0,1000.0,1,-10,-8,1229,-9,-8,1155
1781644767.9076712,0.0,0.0,1000.0,1,27,-11,1220,26,-10,1145
1781644767.9688432,0.0,0.0,1000.0,1,-6,-8,1235,-6,-8,1161
1781644768.0080183,0.0,0.0,1000.0,1,-14,-11,1227,-13,-11,1153
1781644768.0681746,0.0,0.0,1000.0,1,-19,-11,1215,-18,-10,1140
1781644768.1193411,0.0,0.0,1000.0,1,-24,-11,1218,-22,-10,1144
1781644768.1727724,0.0,0.0,1000.0,1,-28,-11,1209,-27,-10,1134
1781644768.2239594,0.0,0.0,1000.0,1,-33,-11,1195,-31,-10,1121
1781644768.2735474,0.0,0.0,1000.0,1,-33,-11,1191,-31,-10,1116
1781644768.3240123,0.0,0.0,1000.0,1,-33,-11,1195,-31,-10,1121
1781644768.374256,0.0,0.0,1000.0,1,-35,-11,1203,-32,-10,1128
1781644768.4320014,0.0,0.0,1000.0,1,-34,-11,1194,-32,-10,1119
1781644768.475051,0.0,0.0,1000.0,1,-38,-9,1203,-35,-9,1128
1781644768.5326977,0.0,0.0,1000.0,1,-35,-9,1173,-33,-9,1099
1781644768.5772388,0.0,0.0,1000.0,1,-34,-6,1171,-32,-6,1096
1781644768.633617,0.0,0.0,1000.0,1,-30,-6,1151,-28,-6,1076
1781644768.6780841,0.0,0.0,1000.0,1,-27,-9,1141,-25,-8,1066
1781644768.7342665,0.0,0.0,1000.0,1,-25,-7,1136,-24,-7,1061
1781644768.7806962,0.0,0.0,1000.0,1,-19,-7,1120,-18,-7,1045
1781644768.8353007,0.0,0.0,1000.0,1,-20,-7,1113,-19,-7,1038
1781644768.8814871,0.0,0.0,1000.0,1,-17,-6,1106,-16,-5,1031
1781644768.9386086,0.0,0.0,1000.0,1,-16,-7,1102,-15,-7,1027
1781644768.9841504,0.0,0.0,1000.0,1,-13,-10,1097,-12,-9,1022
1781644769.036388,0.0,0.0,1000.0,1,-11,-10,1097,-11,-9,1022
1781644769.084978,0.0,0.0,1000.0,1,-11,-10,1083,-10,-9,1008
1781644769.1369743,0.0,0.0,1000.0,1,-8,-7,1081,-8,-7,1006
1781644769.185376,0.0,0.0,1000.0,1,-8,-8,1075,-8,-8,1000
1781644769.2363923,0.0,0.0,1000.0,1,-7,-10,1077,-6,-9,1002
1781644769.286362,0.0,0.0,1000.0,1,-8,-11,1070,-8,-10,995
1781644769.3382938,0.0,0.0,1000.0,1,-6,-11,1078,-5,-10,1003
1781644769.389049,0.0,0.0,1000.0,1,-5,-10,1070,-5,-9,995
1781644769.4407928,0.0,0.0,1000.0,1,-3,-10,1070,-2,-9,995
1781644769.492372,0.0,0.0,1000.0,1,-4,-10,1081,-4,-9,1006
1781644769.5400238,0.0,0.0,1000.0,1,-4,-10,1077,-4,-9,1002
1781644769.5966823,0.0,0.0,1000.0,1,-3,-9,1086,-3,-8,1011
1781644769.6427248,0.0,0.0,1000.0,1,-3,-10,1083,-3,-9,1008
1781644769.6986723,0.0,0.0,1000.0,1,-3,-8,1082,-3,-8,1007
1781644769.7440033,0.0,0.0,1000.0,1,2,-8,1080,1,-8,1004
1781644769.7996714,0.0,0.0,1000.0,1,3,-9,1087,3,-8,1012
1781644769.8451228,0.0,0.0,1000.0,1,3,-9,1087,3,-8,1012
1781644769.9009447,0.0,0.0,1000.0,1,3,-10,1083,3,-9,1008
1781644769.9475367,0.0,0.0,1000.0,1,0,-8,1083,0,-8,1008
1781644770.0023794,0.0,0.0,1000.0,1,-1,-8,1075,-1,-8,1000
1781644770.0484154,0.0,0.0,1000.0,1,-3,-8,1063,-2,-8,989
1781644770.1026342,0.0,0.0,1000.0,1,-7,-8,1062,-6,-8,988
1781644770.148558,0.0,0.0,1000.0,1,-12,-10,1066,-12,-9,992
1781644770.2028813,0.0,0.0,1000.0,1,-18,-8,1074,-17,-8,999
1781644770.2508762,0.0,0.0,1000.0,1,-14,-10,1066,-13,-9,992
1781644770.3038445,0.0,0.0,1000.0,1,-5,-10,1068,-5,-9,993
1781644770.3543665,0.0,0.0,1000.0,1,-5,-8,1062,-5,-8,988
1781644770.4073818,0.0,0.0,1000.0,1,-10,-8,1066,-9,-8,992
1781644770.4580727,0.0,0.0,1000.0,1,-5,-8,1064,-5,-8,990
1781644770.5071213,0.0,0.0,1000.0,1,-7,-8,1064,-6,-8,990
1781644770.5556154,0.0,0.0,1000.0,1,-4,-8,1060,-4,-8,987
1781644770.605795,0.0,0.0,1000.0,1,-5,-6,1064,-5,-5,990
1781644770.6623294,0.0,0.0,1000.0,1,-4,-8,1064,-4,-8,990
1781644770.7070696,0.0,0.0,1000.0,1,-5,-8,1065,-5,-8,991
1781644770.908844,0.0,0.0,1000.0,1,-17,-10,1066,-16,-9,992
1781644770.963165,0.0,0.0,1000.0,1,-12,-8,1062,-12,-8,988
1781644771.0073254,0.0,0.0,1000.0,1,-14,-8,1065,-13,-8,991
1781644771.06571,0.0,0.0,1000.0,1,-15,-7,1066,-14,-6,992
1781644771.1661282,0.0,0.0,1000.0,1,-21,-7,1075,-20,-7,1000
1781644771.2112112,0.0,0.0,1000.0,1,2,-4,1080,1,-4,1004
1781644771.2676136,0.0,0.0,1000.0,1,34,-4,1088,32,-4,1013
1781644771.312933,0.0,0.0,1000.0,1,-11,-3,1092,-11,-3,1017
1781644771.368041,0.0,0.0,1000.0,1,-11,-4,1096,-11,-4,1021
1781644771.4150438,0.0,0.0,1000.0,1,-32,-6,1103,-30,-5,1028
1781644771.470243,0.0,0.0,1000.0,1,-38,-6,1115,-35,-5,1040
1781644771.5163558,0.0,0.0,1000.0,1,-46,-1,1129,-43,-1,1054
1781644771.570062,0.0,0.0,1000.0,1,-58,0,1129,-54,0,1054
1781644771.6169274,0.0,0.0,1000.0,1,-69,-1,1128,-65,-1,1053
1781644771.670129,0.0,0.0,1000.0,1,-83,-1,1128,-77,-1,1053
1781644771.7204912,0.0,0.0,1000.0,1,-83,0,1130,-77,0,1056
1781644771.7739005,0.0,0.0,1000.0,1,-87,18,1129,-82,17,1054
1781644771.8250165,0.0,0.0,1000.0,1,-89,24,1117,-83,22,1042
1781644771.8735166,0.0,0.0,1000.0,1,-90,35,1111,-84,33,1036
1781644771.924123,0.0,0.0,1000.0,1,-91,38,1103,-85,35,1028
1781644771.9747922,0.0,0.0,1000.0,1,-85,42,1096,-79,39,1021
1781644772.030115,0.0,0.0,1000.0,1,-81,48,1083,-75,45,1008
1781644772.0741143,0.0,0.0,1000.0,1,-76,65,1077,-71,61,1002
1781644772.1325793,0.0,0.0,1000.0,1,-74,77,1064,-69,72,990
1781644772.176758,0.0,0.0,1000.0,1,-73,91,1053,-68,85,980
1781644772.2332463,0.0,0.0,1000.0,1,-75,98,1034,-69,91,963
1781644772.2779415,0.0,0.0,1000.0,1,-78,108,1027,-73,100,957
1781644772.3343916,0.0,0.0,1000.0,1,-79,115,1016,-73,107,946
1781644772.3793902,0.0,0.0,1000.0,1,-73,122,998,-68,113,929
1781644772.4371288,0.0,0.0,1000.0,1,-70,123,985,-65,115,918
1781644772.4815257,0.0,0.0,1000.0,1,-66,128,982,-61,119,915
1781644772.5363483,0.0,0.0,1000.0,1,-65,127,976,-61,118,910
1781644772.5823364,0.0,0.0,1000.0,1,-62,132,963,-58,123,898
1781644772.6363554,0.0,0.0,1000.0,1,-60,131,959,-56,122,894
1781644772.686827,0.0,0.0,1000.0,1,-61,135,951,-57,126,887
1781644772.7395313,0.0,0.0,1000.0,1,-63,141,939,-59,131,876
1781644772.7915943,0.0,0.0,1000.0,1,-62,137,931,-58,128,868
1781644772.8393884,0.0,0.0,1000.0,1,-60,138,929,-56,129,867
1781644772.8920836,0.0,0.0,1000.0,1,-58,138,930,-55,129,867
1781644772.9414308,0.0,0.0,1000.0,1,-57,137,931,-53,128,868
1781644772.9990797,0.0,0.0,1000.0,1,-55,137,931,-51,128,868
1781644773.042696,0.0,0.0,1000.0,1,-46,135,926,-43,126,864
1781644773.0998306,0.0,0.0,1000.0,1,-49,137,933,-46,128,871
1781644773.1461656,0.0,0.0,1000.0,1,-47,142,946,-44,132,882
1781644773.203141,0.0,0.0,1000.0,1,-41,143,950,-38,134,886
1781644773.248613,0.0,0.0,1000.0,1,-47,146,953,-44,136,888
1781644773.30293,0.0,0.0,1000.0,1,-45,145,954,-42,135,889
1781644773.3519475,0.0,0.0,1000.0,1,-35,149,960,-33,139,895
1781644773.503364,0.0,0.0,1000.0,1,-21,151,956,-20,140,891
1781644773.5574179,0.0,0.0,1000.0,1,-22,150,955,-21,140,890
1781644773.604961,0.0,0.0,1000.0,1,-33,149,956,-30,139,891
1781644773.7054965,0.0,0.0,1000.0,1,-21,149,952,-20,139,888
1781644773.8063877,0.0,0.0,1000.0,1,-16,148,950,-15,138,886
1781644774.1103742,0.0,0.0,1000.0,1,-21,148,953,-20,138,888
1781644774.264166,0.0,0.0,1000.0,1,-25,147,954,-23,137,889
1781644774.3124018,0.0,0.0,1000.0,1,-25,147,957,-23,137,892
1781644774.3716414,0.0,0.0,1000.0,1,-25,147,952,-23,138,888
1781644774.7716854,0.0,0.0,1000.0,1,-15,150,961,-14,140,895
1781644774.8404996,0.0,0.0,1000.0,1,-14,149,962,-13,139,896
1781644775.130669,0.0,0.0,1000.0,1,-59,150,961,-55,140,895
1781644775.254155,0.0,0.0,1000.0,1,-44,149,960,-41,139,895
1781644775.276379,0.0,0.0,1000.0,1,-46,151,957,-43,141,892
1781644775.380937,0.0,0.0,1000.0,1,-48,154,960,-45,143,895
1781644775.4368658,0.0,0.0,1000.0,1,-48,152,959,-44,142,894
1781644775.5355132,0.0,0.0,1000.0,1,-48,153,963,-45,143,898
1781644775.5833776,0.0,0.0,1000.0,1,-45,152,958,-42,142,893
1781644775.635444,0.0,0.0,1000.0,1,-48,155,959,-44,144,894
1781644775.682531,0.0,0.0,1000.0,1,-49,155,959,-46,144,894
1781644776.8584294,0.0,0.0,1000.0,1,-46,155,974,-43,144,908
1781644776.9625113,0.0,0.0,1000.0,1,-49,154,975,-45,143,909
1781644777.062025,0.0,0.0,1000.0,1,-50,150,969,-46,140,903
1781644777.1617851,0.0,0.0,1000.0,1,-54,145,965,-51,135,900
1781644777.2052789,0.0,0.0,1000.0,1,-62,138,972,-58,128,906
1781644777.2618012,0.0,0.0,1000.0,1,-62,131,971,-58,122,905
1781644777.30596,0.0,0.0,1000.0,1,-62,118,968,-58,110,903
1781644777.3622723,0.0,0.0,1000.0,1,-61,108,963,-56,100,898
1781644777.4116445,0.0,0.0,1000.0,1,-63,86,966,-59,80,901
1781644777.4667845,0.0,0.0,1000.0,1,-62,75,963,-58,70,898
1781644777.5113535,0.0,0.0,1000.0,1,-61,52,968,-57,49,903
1781644777.6200252,0.0,0.0,1000.0,1,-63,28,956,-58,26,891
1781644777.6718595,0.0,0.0,1000.0,1,-59,20,956,-55,19,891
1781644777.7293468,0.0,0.0,1000.0,1,-63,1,964,-59,1,899
1781644777.8277974,0.0,0.0,1000.0,1,-52,-1,964,-48,-1,899
1781644777.934818,0.0,0.0,1000.0,1,-44,-3,990,-41,-2,923
1781644777.972167,0.0,0.0,1000.0,1,-32,-5,990,-30,-5,923
1781644778.036428,0.0,0.0,1000.0,1,-29,-5,1018,-27,-5,948
1781644778.0756762,0.0,0.0,1000.0,1,-27,-3,1024,-25,-2,954
1781644778.1337528,0.0,0.0,1000.0,1,-20,-5,1044,-19,-5,972
1781644778.1845276,0.0,0.0,1000.0,1,-8,-4,1052,-8,-4,979
1781644778.235484,0.0,0.0,1000.0,1,3,-8,1068,3,-8,993
1781644778.2874267,0.0,0.0,1000.0,1,9,-9,1086,8,-8,1011
1781644778.3388464,0.0,0.0,1000.0,1,17,-10,1091,16,-9,1016
1781644778.3938973,0.0,0.0,1000.0,1,22,-9,1098,20,-8,1023
1781644778.4416177,0.0,0.0,1000.0,1,36,-9,1106,34,-8,1031
1781644778.4959726,0.0,0.0,1000.0,1,38,-9,1106,35,-8,1031
1781644778.7429557,0.0,0.0,1000.0,1,26,-7,1098,24,-7,1023
1781644778.7990718,0.0,0.0,1000.0,1,22,-9,1091,20,-8,1016
1781644778.8470075,0.0,0.0,1000.0,1,20,-10,1091,19,-9,1016
1781644778.8997278,0.0,0.0,1000.0,1,36,-9,1086,33,-8,1011
1781644778.945067,0.0,0.0,1000.0,1,84,-8,1066,78,-8,992
1781644779.0029864,0.0,0.0,1000.0,1,116,-7,1060,108,-6,987
1781644779.7981727,0.0,0.0,1000.0,1,98,-3,666,92,-3,627
1781644779.8642676,0.0,0.0,1000.0,1,97,-5,656,92,-5,617
1781644780.108325,0.0,0.0,1000.0,1,104,-5,633,98,-5,596
1781644780.2041867,0.0,0.0,1000.0,1,106,-6,629,100,-5,593
1781644780.2711859,0.0,0.0,1000.0,1,105,-5,629,99,-5,593
1781644780.3682613,0.0,0.0,1000.0,1,106,-5,630,100,-5,593
1781644780.4045625,0.0,0.0,1000.0,1,106,-4,627,100,-4,591
1781644780.4691072,0.0,0.0,1000.0,1,106,-6,627,100,-5,591
1781644780.5710049,0.0,0.0,1000.0,1,108,-5,640,101,-5,603
1781644780.6209524,0.0,0.0,1000.0,1,108,-5,630,101,-5,593
1781644780.6708446,0.0,0.0,1000.0,1,106,-5,632,100,-5,595
1781644805.800918,1000.0,0.0,1000.0,0,123,-3,679,116,-2,638
1781644805.85134,1000.0,0.0,1000.0,0,121,-3,663,114,-2,624
1781644805.9008172,1000.0,0.0,1000.0,0,117,-3,641,110,-3,603
1781644805.953729,1000.0,0.0,1000.0,0,118,-3,635,111,-3,598
1781644806.0022216,1000.0,0.0,1000.0,0,114,-2,620,107,-2,585
1781644806.0524302,1000.0,0.0,1000.0,0,118,-3,627,111,-3,591
1781644806.1068056,1000.0,0.0,1000.0,0,114,-3,609,108,-3,574
1781644806.2068222,1000.0,0.0,1000.0,0,116,-3,614,110,-3,579
1781644806.2684727,1000.0,0.0,1000.0,0,116,-3,606,110,-3,572
1781644806.3016224,1000.0,0.0,1000.0,0,119,-3,612,112,-3,577
1781644806.3608735,1000.0,0.0,1000.0,0,119,-4,610,113,-4,575
1781644806.40258,1000.0,0.0,1000.0,0,121,-4,608,114,-4,573
1781644806.7095156,1000.0,0.0,1000.0,0,120,-2,624,113,-2,588
1781644806.764996,1000.0,0.0,1000.0,0,81,-2,633,76,-2,596
1781644806.8106694,1000.0,0.0,1000.0,0,50,-2,637,47,-2,600
1781644806.8665793,1000.0,0.0,1000.0,0,25,-4,645,24,-4,607
1781644806.9020755,1000.0,0.0,1000.0,0,14,-3,646,14,-2,608
1781644806.9676578,1000.0,0.0,1000.0,0,-6,-5,670,-6,-5,630
1781644807.0049427,1000.0,0.0,1000.0,0,-13,-5,686,-12,-5,645
1781644807.0666075,1000.0,0.0,1000.0,0,-24,-4,703,-22,-3,660
1781644807.1047826,1000.0,0.0,1000.0,0,-27,-1,718,-26,-1,674
1781644807.159782,1000.0,0.0,1000.0,0,-29,-6,736,-27,-5,690
1781644807.2019298,1000.0,0.0,1000.0,0,-26,-7,768,-24,-7,720
1781644807.2655182,1000.0,0.0,1000.0,0,-22,-9,784,-20,-9,734
1781644807.3154442,1000.0,0.0,1000.0,0,-17,-9,828,-16,-8,774
1781644807.3699355,1000.0,0.0,1000.0,0,-11,-7,849,-10,-6,794
1781644807.4195998,1000.0,0.0,1000.0,0,-9,-4,900,-9,-3,840
1781644807.4674,1000.0,0.0,1000.0,0,1,1,926,1,1,864
1781644807.5204163,1000.0,0.0,1000.0,0,14,5,990,13,5,923
1781644807.5691302,1000.0,0.0,1000.0,0,27,10,1035,25,9,964
1781644807.6251898,1000.0,0.0,1000.0,0,32,16,1092,29,15,1017
1781644807.6673443,1000.0,0.0,1000.0,0,45,19,1127,42,18,1052
1781644807.7180946,1000.0,0.0,1000.0,0,47,23,1155,44,21,1080
1781644807.7756467,1000.0,0.0,1000.0,0,53,29,1176,49,28,1102
1781644807.8336236,1000.0,0.0,1000.0,0,57,32,1209,54,30,1134
1781644807.8741367,1000.0,0.0,1000.0,0,62,40,1231,58,38,1156
1781644807.9189992,1000.0,0.0,1000.0,0,61,39,1243,57,37,1169
1781644807.9757123,1000.0,0.0,1000.0,0,61,46,1252,57,43,1177
1781644808.03079,1000.0,0.0,1000.0,0,60,47,1277,57,44,1202
1781644808.0712392,1000.0,0.0,1000.0,0,63,49,1294,59,46,1219
1781644808.1322558,1000.0,0.0,1000.0,0,63,53,1301,60,50,1227
1781644808.1798637,1000.0,0.0,1000.0,0,63,52,1324,59,49,1250
1781644808.231889,1000.0,0.0,1000.0,0,58,52,1331,55,50,1257
1781644808.2824636,1000.0,0.0,1000.0,0,70,53,1333,66,50,1259
1781644808.3354683,1000.0,0.0,1000.0,0,53,53,1339,50,50,1265
1781644808.3828363,1000.0,0.0,1000.0,0,50,51,1348,47,49,1274
1781644808.43461,1000.0,0.0,1000.0,0,34,49,1343,32,47,1269
1781644808.4853046,1000.0,0.0,1000.0,0,30,50,1356,29,47,1282
1781644808.5350146,1000.0,0.0,1000.0,0,23,50,1362,22,47,1288
1781644808.5843244,1000.0,0.0,1000.0,0,20,50,1368,19,48,1294
1781644808.6370656,1000.0,0.0,1000.0,0,16,47,1381,16,45,1307
1781644808.6875272,1000.0,0.0,1000.0,0,11,44,1348,10,42,1274
1781644808.7372923,1000.0,0.0,1000.0,0,-2,42,1331,-1,40,1257
1781644808.7929845,1000.0,0.0,1000.0,0,-5,42,1373,-5,39,1299
1781644808.837243,1000.0,0.0,1000.0,0,11,39,1395,11,36,1322
1781644808.8934302,1000.0,0.0,1000.0,0,9,48,1410,9,46,1336
1781644808.9401157,1000.0,0.0,1000.0,0,2,-11,1393,2,-10,1320
1781644808.996344,1000.0,0.0,1000.0,0,-11,36,1377,-10,34,1303
1781644809.0421407,1000.0,0.0,1000.0,0,22,29,1389,21,28,1315
1781644809.0975587,1000.0,0.0,1000.0,0,11,26,1385,10,24,1311
1781644809.1430984,1000.0,0.0,1000.0,0,11,22,1385,10,21,1311
1781644809.1969445,1000.0,0.0,1000.0,0,15,20,1414,14,19,1340
1781644809.2426145,1000.0,0.0,1000.0,0,45,13,1414,42,12,1340
1781644809.2991328,1000.0,0.0,1000.0,0,49,4,1377,46,3,1303
1781644809.3734305,1000.0,0.0,1000.0,0,47,2,1385,45,2,1311
1781644809.402771,1000.0,0.0,1000.0,0,49,0,1387,47,0,1313
1781644809.4438467,1000.0,0.0,1000.0,0,57,-4,1391,54,-3,1317
1781644809.5001976,1000.0,0.0,1000.0,0,59,-5,1393,56,-5,1320
1781644809.548358,1000.0,0.0,1000.0,0,63,-7,1410,60,-7,1336
1781644809.5993242,1000.0,0.0,1000.0,0,63,-7,1371,60,-7,1297
1781644809.650681,1000.0,0.0,1000.0,0,61,-7,1328,58,-7,1254
1781644809.7011275,1000.0,0.0,1000.0,0,58,-7,1326,54,-7,1252
1781644809.7491348,1000.0,0.0,1000.0,0,41,-5,1295,39,-5,1221
1781644809.8016527,1000.0,0.0,1000.0,0,46,-10,1294,43,-10,1219
1781644809.8701744,1000.0,0.0,1000.0,0,57,-7,1283,54,-6,1209
1781644809.9031732,1000.0,0.0,1000.0,0,66,-7,1282,62,-6,1207
1781644809.9606886,1000.0,0.0,1000.0,0,60,-8,1295,56,-8,1221
1781644810.006781,1000.0,0.0,1000.0,0,38,-5,1310,36,-5,1235
1781644810.0623097,1000.0,0.0,1000.0,0,37,-7,1328,35,-7,1254
1781644810.101952,1000.0,0.0,1000.0,0,32,-5,1330,30,-5,1255
1781644810.1585336,1000.0,0.0,1000.0,0,30,-7,1319,28,-6,1244
1781644810.206513,1000.0,0.0,1000.0,0,28,-7,1331,27,-7,1257
1781644810.257857,1000.0,0.0,1000.0,0,27,-6,1213,26,-6,1139
1781644810.308088,1000.0,0.0,1000.0,0,18,-3,1258,17,-3,1184
1781644810.357598,1000.0,0.0,1000.0,0,27,-5,1258,25,-5,1184
1781644810.4014652,1000.0,0.0,1000.0,0,29,-7,1273,27,-6,1199
1781644810.4633737,1000.0,0.0,1000.0,0,24,-4,1075,22,-4,1000
1781644810.511009,1000.0,0.0,1000.0,0,16,-7,1089,15,-7,1014
1781644810.5670223,1000.0,0.0,1000.0,0,30,-5,1283,29,-5,1209
1781644810.602278,1000.0,0.0,1000.0,0,30,-8,1263,28,-8,1189
1781644810.6635687,1000.0,0.0,1000.0,0,23,-6,1245,22,-6,1171
1781644810.7020173,1000.0,0.0,1000.0,0,29,-6,1239,28,-6,1164
1781644810.7672598,1000.0,0.0,1000.0,0,28,-8,1237,26,-8,1162
1781644810.8116236,1000.0,0.0,1000.0,0,20,-8,1235,18,-8,1161
1781644810.8729315,1000.0,0.0,1000.0,0,33,-6,1240,31,-6,1166
1781644810.9075243,1000.0,0.0,1000.0,0,33,-6,1239,31,-6,1164
1781644810.9670475,1000.0,0.0,1000.0,0,33,-6,1237,31,-6,1162
1781644811.0022113,1000.0,0.0,1000.0,0,33,-6,1235,31,-6,1161
1781644811.067073,1000.0,0.0,1000.0,0,36,-6,1234,34,-6,1159
1781644811.1024325,1000.0,0.0,1000.0,0,36,-7,1253,34,-6,1179
1781644811.1666987,1000.0,0.0,1000.0,0,36,-6,1232,34,-6,1158
1781644811.2130675,1000.0,0.0,1000.0,0,37,-6,1229,35,-6,1155
1781644811.2625368,1000.0,0.0,1000.0,0,34,-6,1227,32,-6,1153
1781644811.3128989,1000.0,0.0,1000.0,0,36,-6,1231,34,-6,1156
1781644811.3628876,1000.0,0.0,1000.0,0,34,-13,1231,32,-12,1156
1781644811.4167376,1000.0,0.0,1000.0,0,34,-10,1235,32,-9,1161
1781644811.4666212,1000.0,0.0,1000.0,0,65,-15,1242,61,-14,1167
1781644811.5183566,1000.0,0.0,1000.0,0,126,-10,1261,119,-9,1187
1781644811.5671635,1000.0,0.0,1000.0,0,-19,-11,1235,-18,-11,1161
1781644811.7635534,1000.0,0.0,1000.0,0,58,-6,1232,55,-6,1158
1781644811.8290591,1000.0,0.0,1000.0,0,127,-13,1266,119,-12,1192
1781644811.8689258,1000.0,0.0,1000.0,0,18,-5,1245,17,-5,1171
1781644811.9283524,1000.0,0.0,1000.0,0,13,-6,1239,12,-6,1164
1781644811.9688377,1000.0,0.0,1000.0,0,11,-8,1234,11,-8,1159
1781644812.0312448,1000.0,0.0,1000.0,0,10,-3,1235,9,-3,1161
1781644812.075841,1000.0,0.0,1000.0,0,-3,-10,1237,-3,-9,1162
1781644812.134528,1000.0,0.0,1000.0,0,12,-11,1240,11,-11,1166
1781644812.1684113,1000.0,0.0,1000.0,0,12,-6,1237,11,-6,1162
1781644812.2314556,1000.0,0.0,1000.0,0,13,-6,1237,12,-6,1162
1781644812.2684941,1000.0,0.0,1000.0,0,8,-5,1232,8,-5,1158
1781644812.3313088,1000.0,0.0,1000.0,0,12,-6,1237,11,-6,1162
1781644812.3869448,1000.0,0.0,1000.0,0,38,-6,1237,35,-6,1162
1781644812.4346678,1000.0,0.0,1000.0,0,33,-8,1240,31,-8,1166
1781644812.4852786,1000.0,0.0,1000.0,0,34,-5,1242,32,-5,1167
1781644812.5338879,1000.0,0.0,1000.0,0,33,-8,1245,31,-8,1171
1781644812.5914714,1000.0,0.0,1000.0,0,31,-6,1240,29,-6,1166
1781644812.6353686,1000.0,0.0,1000.0,0,42,-10,1234,40,-9,1159
1781644812.6913586,1000.0,0.0,1000.0,0,42,-6,1235,40,-6,1161
1781644812.7348678,1000.0,0.0,1000.0,0,39,-11,1243,37,-11,1169
1781644812.790902,1000.0,0.0,1000.0,0,39,-11,1231,37,-11,1156
1781644812.84065,1000.0,0.0,1000.0,0,39,-11,1235,37,-11,1161
1781644812.8960972,1000.0,0.0,1000.0,0,41,-8,1231,38,-8,1156
1781644812.9343991,1000.0,0.0,1000.0,0,42,-11,1226,39,-11,1151
1781644812.9967241,1000.0,0.0,1000.0,0,46,-11,1235,43,-11,1161
1781644813.035428,1000.0,0.0,1000.0,0,45,-10,1229,43,-9,1155
1781644813.101589,1000.0,0.0,1000.0,0,45,-8,1224,42,-8,1150
1781644813.135316,1000.0,0.0,1000.0,0,48,-8,1217,45,-7,1142
1781644813.1997514,1000.0,0.0,1000.0,0,48,-10,1224,45,-9,1150
1781644813.2357752,1000.0,0.0,1000.0,0,53,-8,1229,50,-8,1155
1781644813.298051,1000.0,0.0,1000.0,0,55,-8,1220,51,-7,1145
1781644813.347876,1000.0,0.0,1000.0,0,54,-9,1210,51,-9,1136
1781644813.3980465,1000.0,0.0,1000.0,0,56,-6,1212,52,-6,1137
1781644813.4474378,1000.0,0.0,1000.0,0,56,-6,1221,53,-6,1147
1781644813.5001335,1000.0,0.0,1000.0,0,58,-5,1220,54,-4,1145
1781644813.5515275,1000.0,0.0,1000.0,0,56,-6,1221,53,-6,1147
1781644813.6020987,1000.0,0.0,1000.0,0,58,-5,1221,54,-4,1147
1781644813.6509202,1000.0,0.0,1000.0,0,56,-6,1217,53,-6,1142
1781644813.7029438,1000.0,0.0,1000.0,0,56,-6,1213,52,-6,1139
1781644813.7617831,1000.0,0.0,1000.0,0,56,-5,1209,52,-4,1134
1781644813.80121,1000.0,0.0,1000.0,0,55,-8,1195,52,-7,1121
1781644813.8623302,1000.0,0.0,1000.0,0,55,-8,1188,51,-7,1113
1781644813.9093158,1000.0,0.0,1000.0,0,53,-8,1186,50,-7,1112
1781644814.2121625,1000.0,0.0,1000.0,0,49,-9,1175,46,-9,1100
1781644814.2672124,1000.0,0.0,1000.0,0,49,-9,1172,46,-9,1097
1781644814.312765,1000.0,0.0,1000.0,0,48,-9,1172,45,-9,1097
1781644814.392241,1000.0,0.0,1000.0,0,48,-8,1171,45,-7,1096
1781644814.4233003,1000.0,0.0,1000.0,0,48,-8,1172,45,-7,1097
1781644814.4652784,1000.0,0.0,1000.0,0,48,-8,1165,44,-7,1090
1781644814.5174224,1000.0,0.0,1000.0,0,46,-9,1161,43,-9,1086
1781644814.567488,1000.0,0.0,1000.0,0,45,-11,1172,42,-10,1097
1781644814.6179821,1000.0,0.0,1000.0,0,42,-11,1181,39,-10,1106
1781644814.6683147,1000.0,0.0,1000.0,0,39,-11,1176,36,-10,1102
1781644814.7192667,1000.0,0.0,1000.0,0,39,-12,1176,36,-12,1102
1781644814.7691767,1000.0,0.0,1000.0,0,37,-8,1175,35,-7,1100
1781644814.8257065,1000.0,0.0,1000.0,0,35,-6,1169,33,-6,1094
1781644814.8708956,1000.0,0.0,1000.0,0,37,-6,1185,35,-6,1110
1781644814.926204,1000.0,0.0,1000.0,0,36,-6,1182,34,-6,1107
1781644814.9724424,1000.0,0.0,1000.0,0,30,-8,1185,28,-7,1110
1781644815.0304008,1000.0,0.0,1000.0,0,24,-6,1189,22,-6,1115
1781644815.0748026,1000.0,0.0,1000.0,0,7,-10,1213,6,-9,1139
1781644815.1318045,1000.0,0.0,1000.0,0,-8,-8,1224,-7,-8,1150
1781644815.17928,1000.0,0.0,1000.0,0,-21,-9,1210,-19,-9,1136
1781644815.2363036,1000.0,0.0,1000.0,0,-33,-5,1207,-31,-4,1133
1781644815.281242,1000.0,0.0,1000.0,0,-55,-6,1234,-52,-6,1159
1781644815.3311093,1000.0,0.0,1000.0,0,-60,-6,1243,-57,-6,1169
1781644815.3846745,1000.0,0.0,1000.0,0,-72,-6,1247,-68,-6,1172
1781644815.4466703,1000.0,0.0,1000.0,0,-75,-6,1245,-71,-6,1171
1781644815.4878633,1000.0,0.0,1000.0,0,-79,-6,1235,-75,-6,1161
1781644815.5370455,1000.0,0.0,1000.0,0,-86,-8,1239,-81,-8,1164
1781644815.587253,1000.0,0.0,1000.0,0,-90,-6,1243,-84,-6,1169
1781644815.6393003,1000.0,0.0,1000.0,0,-89,-11,1242,-84,-11,1167
1781644815.6934786,1000.0,0.0,1000.0,0,-91,-7,1258,-85,-6,1184
1781644815.740587,1000.0,0.0,1000.0,0,-93,-8,1268,-88,-8,1194
1781644815.7969368,1000.0,0.0,1000.0,0,-93,-7,1268,-88,-6,1194
1781644815.8419366,1000.0,0.0,1000.0,0,-93,-8,1273,-88,-8,1199
1781644815.8985784,1000.0,0.0,1000.0,0,-89,-7,1263,-84,-6,1189
1781644815.9455802,1000.0,0.0,1000.0,0,-80,-8,1248,-75,-8,1174
1781644815.999137,1000.0,0.0,1000.0,0,-74,-5,1255,-70,-5,1180
1781644816.0470612,1000.0,0.0,1000.0,0,-60,-7,1248,-57,-6,1174
1781644816.0995855,1000.0,0.0,1000.0,0,-52,-6,1245,-49,-6,1171
1781644816.1495285,1000.0,0.0,1000.0,0,-28,-8,1240,-26,-8,1166
1781644816.2006762,1000.0,0.0,1000.0,0,-18,-8,1234,-17,-8,1159
1781644816.249487,1000.0,0.0,1000.0,0,5,-10,1235,5,-9,1161
1781644816.3011384,1000.0,0.0,1000.0,0,33,-10,1235,31,-9,1161
1781644816.3493164,1000.0,0.0,1000.0,0,36,-6,1232,34,-6,1158
1781644816.40258,1000.0,0.0,1000.0,0,55,-8,1235,52,-8,1161
1781644816.4574065,1000.0,0.0,1000.0,0,65,-6,1240,61,-6,1166
1781644816.500741,1000.0,0.0,1000.0,0,78,-6,1234,73,-6,1159
1781644816.557417,1000.0,0.0,1000.0,0,88,-8,1239,83,-8,1164
1781644816.6016948,1000.0,0.0,1000.0,0,101,-6,1239,95,-6,1164
1781644816.657591,1000.0,0.0,1000.0,0,111,-6,1237,104,-6,1162
1781644816.7015278,1000.0,0.0,1000.0,0,131,-5,1248,123,-5,1174
1781644816.7576728,1000.0,0.0,1000.0,0,132,-6,1239,124,-6,1164
1781644816.8016157,1000.0,0.0,1000.0,0,141,-5,1248,133,-5,1174
1781644816.8567617,1000.0,0.0,1000.0,0,141,-5,1260,132,-5,1185
1781644816.9139566,1000.0,0.0,1000.0,0,143,-5,1261,134,-5,1187
1781644816.9641805,1000.0,0.0,1000.0,0,143,-5,1265,135,-5,1190
1781644816.9999857,1000.0,0.0,1000.0,0,140,-5,1255,132,-5,1180
1781644817.0666375,1000.0,0.0,1000.0,0,140,-5,1266,132,-5,1192
1781644817.110219,1000.0,0.0,1000.0,0,141,-7,1263,133,-6,1189
1781644817.1663353,1000.0,0.0,1000.0,0,139,-7,1256,130,-6,1182
1781644817.2163007,1000.0,0.0,1000.0,0,136,-7,1260,128,-6,1185
1781644817.2652173,1000.0,0.0,1000.0,0,135,-5,1256,127,-5,1182
1781644817.3141737,1000.0,0.0,1000.0,0,139,-7,1261,131,-6,1187
1781644817.3790839,1000.0,0.0,1000.0,0,139,-7,1256,130,-6,1182
1781644817.432495,1000.0,0.0,1000.0,0,139,-7,1258,131,-6,1184
1781644817.4704163,1000.0,0.0,1000.0,0,139,-7,1258,131,-6,1184
1781644817.5239232,1000.0,0.0,1000.0,0,136,-6,1243,128,-6,1169
1781644817.567557,1000.0,0.0,1000.0,0,139,-6,1247,131,-6,1172
1781644817.6243064,1000.0,0.0,1000.0,0,138,-7,1248,130,-6,1174
1781644817.6677687,1000.0,0.0,1000.0,0,139,-7,1263,131,-6,1189
1781644817.7239218,1000.0,0.0,1000.0,0,143,-7,1261,134,-6,1187
1781644817.7677166,1000.0,0.0,1000.0,0,129,-8,1245,122,-8,1171
1781644817.8313446,1000.0,0.0,1000.0,0,114,-7,1252,107,-6,1177
1781644817.8682308,1000.0,0.0,1000.0,0,115,-8,1250,108,-8,1175
1781644817.9328527,1000.0,0.0,1000.0,0,100,-6,1243,94,-6,1169
1781644817.9680758,1000.0,0.0,1000.0,0,79,-6,1243,74,-6,1169
1781644818.0327175,1000.0,0.0,1000.0,0,40,-8,1227,38,-8,1153
1781644818.0822372,1000.0,0.0,1000.0,0,16,-6,1224,15,-6,1150
1781644818.1350956,1000.0,0.0,1000.0,0,-1,-8,1224,-1,-8,1150
1781644818.1844544,1000.0,0.0,1000.0,0,5,-8,1224,5,-8,1150
1781644818.2357328,1000.0,0.0,1000.0,0,13,-6,1226,12,-6,1151
1781644818.2875495,1000.0,0.0,1000.0,0,19,-8,1226,18,-8,1151
1781644818.3375902,1000.0,0.0,1000.0,0,31,-6,1226,29,-6,1151
1781644818.3926883,1000.0,0.0,1000.0,0,32,-10,1226,30,-9,1151
1781644818.438928,1000.0,0.0,1000.0,0,32,-8,1227,30,-8,1153
1781644818.4927979,1000.0,0.0,1000.0,0,31,-10,1224,29,-9,1150
1781644818.5403037,1000.0,0.0,1000.0,0,31,-8,1221,29,-7,1147
1781644818.5954065,1000.0,0.0,1000.0,0,31,-10,1221,29,-9,1147
1781644818.6432712,1000.0,0.0,1000.0,0,33,-9,1203,31,-9,1128
1781644818.697613,1000.0,0.0,1000.0,0,37,-8,1220,35,-7,1145
1781644818.7426698,1000.0,0.0,1000.0,0,41,-10,1234,38,-9,1159
1781644818.7978926,1000.0,0.0,1000.0,0,42,-10,1227,39,-9,1153
1781644818.8436973,1000.0,0.0,1000.0,0,45,-10,1224,42,-9,1150
1781644818.9009893,1000.0,0.0,1000.0,0,44,-11,1198,41,-10,1124
1781644818.9463634,1000.0,0.0,1000.0,0,43,-9,1171,40,-9,1096
1781644818.9980228,1000.0,0.0,1000.0,0,42,-9,1176,39,-9,1102
1781644819.0509098,1000.0,0.0,1000.0,0,42,-9,1181,39,-9,1106
1781644819.1002376,1000.0,0.0,1000.0,0,42,-11,1172,39,-10,1097
1781644819.1519988,1000.0,0.0,1000.0,0,41,-8,1184,38,-7,1109
1781644819.2033825,1000.0,0.0,1000.0,0,43,-11,1206,40,-10,1131
1781644819.2566397,1000.0,0.0,1000.0,0,43,-8,1220,41,-7,1145
1781644819.305724,1000.0,0.0,1000.0,0,45,-9,1212,42,-9,1137
1781644819.3619595,1000.0,0.0,1000.0,0,45,-10,1224,42,-9,1150
1781644819.4083807,1000.0,0.0,1000.0,0,47,-10,1221,44,-9,1147
1781644819.461951,1000.0,0.0,1000.0,0,48,-10,1227,46,-9,1153
1781644819.5087402,1000.0,0.0,1000.0,0,48,-8,1221,45,-7,1147
1781644819.5636554,1000.0,0.0,1000.0,0,42,-10,1226,39,-9,1151
1781644819.6114335,1000.0,0.0,1000.0,0,28,-8,1226,26,-8,1151
1781644819.6664906,1000.0,0.0,1000.0,0,16,-8,1235,15,-8,1161
1781644819.7130258,1000.0,0.0,1000.0,0,3,-11,1229,3,-11,1155
1781644819.7657022,1000.0,0.0,1000.0,0,3,-11,1232,3,-11,1158
1781644819.8148017,1000.0,0.0,1000.0,0,2,-6,1224,2,-6,1150
1781644819.8668146,1000.0,0.0,1000.0,0,0,-13,1231,0,-12,1156
1781644819.9192042,1000.0,0.0,1000.0,0,0,-10,1223,0,-9,1148
1781644819.9712832,1000.0,0.0,1000.0,0,3,-6,1224,3,-6,1150
1781644820.0253215,1000.0,0.0,1000.0,0,0,-6,1224,0,-6,1150
1781644820.0722563,1000.0,0.0,1000.0,0,-1,-8,1227,-1,-8,1153
1781644820.1251786,1000.0,0.0,1000.0,0,-1,-11,1227,-1,-11,1153
1781644820.1678088,1000.0,0.0,1000.0,0,-1,-10,1224,-1,-9,1150
1781644820.2284126,1000.0,0.0,1000.0,0,-1,-6,1226,-1,-6,1151
1781644820.2677097,1000.0,0.0,1000.0,0,-1,-8,1224,-1,-8,1150
1781644820.3286388,1000.0,0.0,1000.0,0,-1,-11,1224,-1,-11,1150
1781644820.3675241,1000.0,0.0,1000.0,0,-1,-11,1227,-1,-11,1153
1781644820.432568,1000.0,0.0,1000.0,0,-1,-6,1227,-1,-6,1153
1781644820.4765124,1000.0,0.0,1000.0,0,0,-11,1226,0,-11,1151
1781644820.5326395,1000.0,0.0,1000.0,0,2,-8,1223,2,-7,1148
1781644820.5668707,1000.0,0.0,1000.0,0,-3,-5,1227,-3,-4,1153
1781644820.6324277,1000.0,0.0,1000.0,0,0,-8,1229,0,-8,1155
1781644820.6774693,1000.0,0.0,1000.0,0,2,-5,1232,2,-5,1158
1781644820.7327654,1000.0,0.0,1000.0,0,2,-6,1226,2,-6,1151
1781644820.76767,1000.0,0.0,1000.0,0,0,-3,1229,0,-3,1155
1781644820.8322182,1000.0,0.0,1000.0,0,5,-5,1229,5,-5,1155
1781644820.8810916,1000.0,0.0,1000.0,0,7,-5,1229,6,-5,1155
1781644820.9330926,1000.0,0.0,1000.0,0,8,-5,1227,8,-4,1153
1781644820.9822,1000.0,0.0,1000.0,0,10,-6,1224,9,-6,1150
1781644821.0347846,1000.0,0.0,1000.0,0,11,-6,1227,11,-6,1153
1781644821.0835238,1000.0,0.0,1000.0,0,13,-8,1224,12,-8,1150
1781644821.1340346,1000.0,0.0,1000.0,0,13,-8,1227,12,-8,1153
1781644821.1844366,1000.0,0.0,1000.0,0,15,-8,1224,14,-8,1150
1781644821.2376182,1000.0,0.0,1000.0,0,15,-10,1227,14,-9,1153
1781644821.292223,1000.0,0.0,1000.0,0,16,-10,1223,15,-9,1148
1781644821.3394032,1000.0,0.0,1000.0,0,19,-10,1223,18,-9,1148
1781644821.395687,1000.0,0.0,1000.0,0,19,-10,1224,18,-9,1150
1781644821.4339974,1000.0,0.0,1000.0,0,16,-10,1224,15,-9,1150
1781644821.4952826,1000.0,0.0,1000.0,0,19,-13,1224,18,-12,1150
1781644821.5341458,1000.0,0.0,1000.0,0,18,-11,1223,17,-11,1148
1781644821.5974727,1000.0,0.0,1000.0,0,21,-13,1224,20,-12,1150
1781644821.634155,1000.0,0.0,1000.0,0,19,-11,1224,18,-11,1150
1781644821.699293,1000.0,0.0,1000.0,0,21,-13,1226,20,-12,1151
1781644821.7341812,1000.0,0.0,1000.0,0,21,-13,1229,20,-12,1155
1781644821.8000927,1000.0,0.0,1000.0,0,19,-13,1224,18,-12,1150
1781644821.8345654,1000.0,0.0,1000.0,0,26,-11,1223,24,-11,1148
1781644821.9004388,1000.0,0.0,1000.0,0,26,-13,1223,24,-12,1148
1781644821.9504685,1000.0,0.0,1000.0,0,23,-10,1227,21,-9,1153
1781644822.001184,1000.0,0.0,1000.0,0,23,-11,1220,21,-10,1145
1781644822.0526562,1000.0,0.0,1000.0,0,18,-13,1226,17,-12,1151
1781644822.1051826,1000.0,0.0,1000.0,0,5,-13,1229,5,-12,1155
1781644822.1594894,1000.0,0.0,1000.0,0,-3,-13,1229,-3,-12,1155
1781644822.2039807,1000.0,0.0,1000.0,0,-11,-13,1229,-10,-12,1155
1781644822.2600677,1000.0,0.0,1000.0,0,-18,-13,1231,-17,-12,1156
1781644822.3063881,1000.0,0.0,1000.0,0,-27,-6,1231,-26,-6,1156
1781644822.359002,1000.0,0.0,1000.0,0,-32,-8,1231,-30,-8,1156
1781644822.4062643,1000.0,0.0,1000.0,0,-37,-8,1231,-35,-8,1156
1781644822.4626899,1000.0,0.0,1000.0,0,-34,-8,1235,-32,-8,1161
1781644822.5077498,1000.0,0.0,1000.0,0,-44,-10,1235,-41,-9,1161
1781644822.5634205,1000.0,0.0,1000.0,0,-47,-6,1234,-44,-6,1159
1781644822.6092749,1000.0,0.0,1000.0,0,-49,-10,1237,-46,-9,1162
1781644822.6649618,1000.0,0.0,1000.0,0,-48,-11,1253,-45,-11,1179
1781644822.7104688,1000.0,0.0,1000.0,0,-48,-8,1258,-45,-8,1184
1781644822.7665465,1000.0,0.0,1000.0,0,-46,-8,1248,-43,-8,1174
1781644822.8127205,1000.0,0.0,1000.0,0,-45,-8,1263,-42,-8,1189
1781644822.8659384,1000.0,0.0,1000.0,0,-43,-13,1261,-40,-12,1187
1781644822.912374,1000.0,0.0,1000.0,0,-38,-10,1261,-36,-9,1187
1781644822.9649436,1000.0,0.0,1000.0,0,-36,-13,1263,-34,-12,1189
1781644823.0162442,1000.0,0.0,1000.0,0,-36,-13,1266,-34,-12,1192
1781644823.0675304,1000.0,0.0,1000.0,0,-40,-8,1266,-37,-8,1192
1781644823.1163461,1000.0,0.0,1000.0,0,-42,-10,1273,-39,-9,1199
1781644823.1693792,1000.0,0.0,1000.0,0,-43,-8,1270,-41,-8,1195
1781644823.2166996,1000.0,0.0,1000.0,0,-45,-8,1271,-42,-8,1197
1781644823.2693667,1000.0,0.0,1000.0,0,-50,-8,1273,-47,-8,1199
1781644823.3170543,1000.0,0.0,1000.0,0,-52,-8,1273,-49,-8,1199
1781644823.3708475,1000.0,0.0,1000.0,0,-50,-8,1271,-47,-8,1197
1781644823.4262943,1000.0,0.0,1000.0,0,-50,-8,1273,-47,-8,1199
1781644823.630102,1000.0,0.0,1000.0,0,-46,-10,1268,-44,-9,1194
1781644823.67612,1000.0,0.0,1000.0,0,-43,-10,1265,-40,-9,1190
1781644823.7337909,1000.0,0.0,1000.0,0,-36,-10,1263,-34,-9,1189
1781644823.7768023,1000.0,0.0,1000.0,0,-30,-10,1263,-28,-9,1189
1781644823.8327045,1000.0,0.0,1000.0,0,-28,-8,1261,-26,-8,1187
1781644823.880644,1000.0,0.0,1000.0,0,-16,-8,1252,-15,-8,1177
1781644823.9323266,1000.0,0.0,1000.0,0,-10,-13,1258,-9,-12,1184
1781644823.983098,1000.0,0.0,1000.0,0,-6,-13,1258,-6,-12,1184
1781644824.0337472,1000.0,0.0,1000.0,0,-1,-11,1248,-1,-11,1174
1781644824.0836933,1000.0,0.0,1000.0,0,2,-10,1245,2,-9,1171
1781644824.1328704,1000.0,0.0,1000.0,0,-1,-13,1250,-1,-12,1175
1781644824.1907966,1000.0,0.0,1000.0,0,-6,-13,1245,-6,-12,1171
1781644824.2896256,1000.0,0.0,1000.0,0,-26,-11,1247,-24,-11,1172
1781644824.3336365,1000.0,0.0,1000.0,0,-36,-10,1258,-34,-9,1184
1781644824.3947828,1000.0,0.0,1000.0,0,-46,-13,1256,-43,-12,1182
1781644824.4336522,1000.0,0.0,1000.0,0,-51,-11,1250,-48,-11,1175
1781644824.49592,1000.0,0.0,1000.0,0,-54,-11,1245,-51,-11,1171
1781644824.5437665,1000.0,0.0,1000.0,0,-54,-10,1243,-50,-9,1169
1781644824.5999298,1000.0,0.0,1000.0,0,-55,-13,1239,-52,-12,1164
1781644824.6432161,1000.0,0.0,1000.0,0,-50,-13,1240,-47,-12,1166
1781644824.6992857,1000.0,0.0,1000.0,0,-50,-8,1240,-47,-8,1166
1781644824.747437,1000.0,0.0,1000.0,0,-42,-11,1245,-40,-11,1171
1781644824.798699,1000.0,0.0,1000.0,0,-39,-13,1250,-37,-12,1175
1781644824.84974,1000.0,0.0,1000.0,0,-30,-7,1260,-28,-6,1185
1781644824.9014263,1000.0,0.0,1000.0,0,-25,-13,1265,-23,-12,1190
1781644824.9580727,1000.0,0.0,1000.0,0,-18,-11,1256,-17,-11,1182
1781644825.002448,1000.0,0.0,1000.0,0,-11,-13,1260,-11,-12,1185
1781644825.0499964,1000.0,0.0,1000.0,0,-11,-10,1256,-11,-9,1182
1781644825.1064477,1000.0,0.0,1000.0,0,-10,-13,1258,-9,-12,1184
1781644825.1502542,1000.0,0.0,1000.0,0,-6,-13,1250,-6,-12,1175
1781644825.2059479,1000.0,0.0,1000.0,0,-11,-13,1256,-11,-12,1182
1781644825.2634883,1000.0,0.0,1000.0,0,-15,-11,1250,-14,-11,1175
1781644825.3067489,1000.0,0.0,1000.0,0,-18,-10,1245,-17,-9,1171
1781644825.3651326,1000.0,0.0,1000.0,0,-19,-8,1247,-18,-8,1172
1781644825.4107132,1000.0,0.0,1000.0,0,-19,-11,1247,-18,-11,1172
1781644825.4649098,1000.0,0.0,1000.0,0,-19,-11,1237,-18,-11,1162
1781644825.5118616,1000.0,0.0,1000.0,0,-16,-8,1243,-15,-8,1169
1781644825.5652213,1000.0,0.0,1000.0,0,-14,-11,1239,-14,-11,1164
1781644825.615632,1000.0,0.0,1000.0,0,0,-13,1237,0,-12,1162
1781644825.6666913,1000.0,0.0,1000.0,0,7,-11,1235,6,-11,1161
1781644825.7183337,1000.0,0.0,1000.0,0,20,-11,1235,18,-11,1161
1781644825.766643,1000.0,0.0,1000.0,0,28,-10,1232,26,-9,1158
1781644825.823201,1000.0,0.0,1000.0,0,33,-8,1232,31,-8,1158
1781644825.8664684,1000.0,0.0,1000.0,0,40,-8,1226,38,-8,1151
1781644825.9276223,1000.0,0.0,1000.0,0,42,-8,1226,39,-8,1151
1781644825.9669986,1000.0,0.0,1000.0,0,47,-10,1226,44,-9,1151
1781644826.0228634,1000.0,0.0,1000.0,0,47,-8,1221,44,-7,1147
1781644826.0666325,1000.0,0.0,1000.0,0,47,-8,1223,44,-7,1148
1781644826.1332736,1000.0,0.0,1000.0,0,45,-10,1227,43,-9,1153
1781644826.1775196,1000.0,0.0,1000.0,0,45,-10,1226,42,-9,1151
1781644826.2336392,1000.0,0.0,1000.0,0,45,-11,1224,42,-11,1150
1781644826.279935,1000.0,0.0,1000.0,0,45,-10,1223,42,-9,1148
1781644826.3322577,1000.0,0.0,1000.0,0,47,-10,1226,44,-9,1151
1781644826.3836088,1000.0,0.0,1000.0,0,47,-8,1220,44,-7,1145
1781644826.4337127,1000.0,0.0,1000.0,0,47,-8,1227,44,-8,1153
1781644826.4850147,1000.0,0.0,1000.0,0,45,-11,1224,42,-11,1150
1781644826.5360274,1000.0,0.0,1000.0,0,40,-6,1227,38,-6,1153
1781644826.5880277,1000.0,0.0,1000.0,0,34,-8,1227,32,-8,1153
1781644826.6371975,1000.0,0.0,1000.0,0,21,-6,1227,20,-6,1153
1781644826.6954246,1000.0,0.0,1000.0,0,8,-6,1232,8,-6,1158
1781644826.7401586,1000.0,0.0,1000.0,0,-18,-2,1240,-17,-1,1166
1781644826.796309,1000.0,0.0,1000.0,0,-29,-2,1237,-27,-1,1162
1781644826.8418572,1000.0,0.0,1000.0,0,-85,0,1247,-80,0,1172
1781644826.9035592,1000.0,0.0,1000.0,0,-83,-2,1248,-78,-1,1174
1781644826.94057,1000.0,0.0,1000.0,0,-118,2,1263,-111,2,1189
1781644826.9972112,1000.0,0.0,1000.0,0,-140,2,1271,-132,2,1197
1781644827.042319,1000.0,0.0,1000.0,0,-192,5,1287,-181,5,1212
1781644827.0980728,1000.0,0.0,1000.0,0,-211,5,1297,-199,5,1223
1781644827.1433349,1000.0,0.0,1000.0,0,-245,10,1313,-231,10,1239
1781644827.1980705,1000.0,0.0,1000.0,0,-260,11,1330,-245,10,1255
1781644827.2442014,1000.0,0.0,1000.0,0,-288,14,1331,-272,13,1257
1781644827.2999554,1000.0,0.0,1000.0,0,-305,18,1330,-288,17,1255
1781644827.345734,1000.0,0.0,1000.0,0,-324,17,1319,-305,16,1244
1781644827.3987334,1000.0,0.0,1000.0,0,-338,24,1322,-319,23,1248
1781644827.4468951,1000.0,0.0,1000.0,0,-333,25,1287,-313,24,1212
1781644827.4984756,1000.0,0.0,1000.0,0,-339,25,1285,-319,24,1211
1781644827.5466049,1000.0,0.0,1000.0,0,-340,27,1283,-320,25,1209
1781644827.5979922,1000.0,0.0,1000.0,0,-350,35,1283,-330,33,1209
1781644827.6481674,1000.0,0.0,1000.0,0,-358,36,1299,-337,34,1225
1781644827.6997216,1000.0,0.0,1000.0,0,-385,40,1310,-363,37,1235
1781644827.7502623,1000.0,0.0,1000.0,0,-403,42,1322,-380,39,1248
1781644827.8012774,1000.0,0.0,1000.0,0,-437,49,1322,-413,46,1248
1781644827.8517637,1000.0,0.0,1000.0,0,-459,51,1330,-433,48,1255
1781644827.9029832,1000.0,0.0,1000.0,0,-497,54,1328,-469,51,1254
1781644827.9545636,1000.0,0.0,1000.0,0,-514,51,1337,-486,48,1263
1781644828.00541,1000.0,0.0,1000.0,0,-539,50,1346,-509,47,1272
1781644828.0581875,1000.0,0.0,1000.0,0,-552,44,1348,-522,42,1274
1781644828.105384,1000.0,0.0,1000.0,0,-590,45,1375,-558,43,1301
1781644828.1592662,1000.0,0.0,1000.0,0,-587,41,1356,-555,39,1282
1781644828.2072856,1000.0,0.0,1000.0,0,-594,43,1354,-561,40,1280
1781644828.2617848,1000.0,0.0,1000.0,0,-597,41,1354,-564,39,1280
1781644828.3078656,1000.0,0.0,1000.0,0,-600,44,1352,-567,42,1278
1781644828.3636434,1000.0,0.0,1000.0,0,-597,42,1346,-564,40,1272
1781644828.409024,1000.0,0.0,1000.0,0,-609,43,1370,-576,41,1296
1781644828.4648087,1000.0,0.0,1000.0,0,-610,45,1371,-577,43,1297
1781644828.510612,1000.0,0.0,1000.0,0,-610,47,1375,-577,44,1301
1781644828.5655499,1000.0,0.0,1000.0,0,-618,49,1393,-585,47,1320
1781644828.609781,1000.0,0.0,1000.0,0,-618,51,1397,-585,49,1324
1781644828.6668806,1000.0,0.0,1000.0,0,-619,50,1399,-586,47,1326
1781644828.7112358,1000.0,0.0,1000.0,0,-620,50,1406,-587,47,1332
1781644828.7671921,1000.0,0.0,1000.0,0,-617,50,1404,-585,47,1330
1781644828.8118365,1000.0,0.0,1000.0,0,-617,50,1404,-585,47,1330
1781644828.8679912,1000.0,0.0,1000.0,0,-619,50,1408,-586,47,1334
1781644828.9129465,1000.0,0.0,1000.0,0,-622,52,1414,-589,49,1340
1781644828.9668121,1000.0,0.0,1000.0,0,-620,54,1406,-587,51,1332
1781644829.0131707,1000.0,0.0,1000.0,0,-619,51,1399,-586,49,1326
1781644829.0657904,1000.0,0.0,1000.0,0,-623,50,1404,-590,47,1330
1781644829.1162653,1000.0,0.0,1000.0,0,-627,48,1402,-594,45,1328
1781644829.1664639,1000.0,0.0,1000.0,0,-627,55,1393,-594,52,1320
1781644829.2180479,1000.0,0.0,1000.0,0,-634,55,1395,-600,52,1322
1781644829.2685652,1000.0,0.0,1000.0,0,-646,48,1393,-611,45,1320
1781644829.3196688,1000.0,0.0,1000.0,0,-648,51,1391,-614,48,1317
1781644829.3713675,1000.0,0.0,1000.0,0,-662,48,1393,-627,45,1320
1781644829.4262283,1000.0,0.0,1000.0,0,-670,46,1391,-635,43,1317
1781644829.4700859,1000.0,0.0,1000.0,0,-685,42,1391,-648,40,1317
1781644829.5284634,1000.0,0.0,1000.0,0,-692,40,1391,-655,38,1317
1781644829.572742,1000.0,0.0,1000.0,0,-703,38,1391,-666,36,1317
1781644829.6277997,1000.0,0.0,1000.0,0,-708,40,1393,-670,38,1320
1781644829.672641,1000.0,0.0,1000.0,0,-716,40,1387,-677,38,1313
1781644829.7286415,1000.0,0.0,1000.0,0,-723,39,1397,-684,37,1324
1781644829.773383,1000.0,0.0,1000.0,0,-725,37,1391,-686,35,1317
1781644829.830123,1000.0,0.0,1000.0,0,-729,37,1395,-690,35,1322
1781644829.8772213,1000.0,0.0,1000.0,0,-730,40,1397,-691,38,1324
1781644829.9281647,1000.0,0.0,1000.0,0,-729,39,1395,-690,36,1322
1781644829.9767313,1000.0,0.0,1000.0,0,-728,39,1397,-690,37,1324
1781644830.028592,1000.0,0.0,1000.0,0,-733,39,1410,-694,37,1336
1781644830.0738187,1000.0,0.0,1000.0,0,-737,43,1422,-699,41,1349
1781644830.1289477,1000.0,0.0,1000.0,0,-741,43,1433,-703,41,1359
1781644830.1663778,1000.0,0.0,1000.0,0,-749,46,1448,-711,43,1374
1781644830.2296298,1000.0,0.0,1000.0,0,-744,45,1442,-706,43,1368
1781644830.266265,1000.0,0.0,1000.0,0,-749,46,1459,-711,44,1386
1781644830.3315008,1000.0,0.0,1000.0,0,-750,46,1461,-712,44,1388
1781644830.36623,1000.0,0.0,1000.0,0,-745,50,1459,-707,47,1386
1781644830.4330149,1000.0,0.0,1000.0,0,-746,48,1461,-708,46,1388
1781644830.4664686,1000.0,0.0,1000.0,0,-741,50,1455,-703,47,1381
1781644830.5319798,1000.0,0.0,1000.0,0,-739,50,1459,-702,47,1386
1781644830.5803788,1000.0,0.0,1000.0,0,-740,48,1461,-703,46,1388
1781644830.6330028,1000.0,0.0,1000.0,0,-739,48,1459,-702,46,1386
1781644830.6815114,1000.0,0.0,1000.0,0,-737,46,1455,-700,44,1381
1781644830.7314556,1000.0,0.0,1000.0,0,-731,47,1444,-694,45,1370
1781644830.7824235,1000.0,0.0,1000.0,0,-728,47,1437,-691,45,1364
1781644830.8332195,1000.0,0.0,1000.0,0,-732,49,1446,-695,47,1372
1781644830.8867385,1000.0,0.0,1000.0,0,-731,47,1444,-694,45,1370
1781644830.9328415,1000.0,0.0,1000.0,0,-732,48,1446,-695,45,1372
1781644830.989321,1000.0,0.0,1000.0,0,-731,47,1439,-694,45,1366
1781644831.0329661,1000.0,0.0,1000.0,0,-727,47,1431,-689,45,1357
1781644831.0944147,1000.0,0.0,1000.0,0,-730,45,1437,-693,43,1364
1781644831.1423197,1000.0,0.0,1000.0,0,-735,45,1439,-697,43,1366
1781644831.1976793,1000.0,0.0,1000.0,0,-735,47,1439,-697,45,1366
1781644831.2324634,1000.0,0.0,1000.0,0,-737,45,1439,-699,43,1366
1781644831.2980962,1000.0,0.0,1000.0,0,-736,45,1437,-698,43,1364
1781644831.3329773,1000.0,0.0,1000.0,0,-738,44,1442,-700,41,1368
1781644831.3978584,1000.0,0.0,1000.0,0,-740,46,1446,-702,43,1372
1781644831.4329453,1000.0,0.0,1000.0,0,-738,47,1437,-700,45,1364
1781644831.5050921,1000.0,0.0,1000.0,0,-741,46,1444,-703,43,1370
1781644831.5455124,1000.0,0.0,1000.0,0,-733,45,1424,-695,43,1351
1781644831.5989647,1000.0,0.0,1000.0,0,-738,45,1435,-700,43,1361
1781644831.6421602,1000.0,0.0,1000.0,0,-741,47,1437,-703,45,1364
1781644831.6990137,1000.0,0.0,1000.0,0,-738,45,1431,-700,43,1357
1781644831.7485797,1000.0,0.0,1000.0,0,-733,47,1420,-694,44,1346
1781644831.799512,1000.0,0.0,1000.0,0,-737,45,1429,-699,43,1355
1781644831.8507347,1000.0,0.0,1000.0,0,-736,45,1427,-698,43,1353
1781644831.9031584,1000.0,0.0,1000.0,0,-741,49,1439,-703,47,1366
1781644831.9491136,1000.0,0.0,1000.0,0,-743,46,1444,-705,43,1370
1781644832.0024588,1000.0,0.0,1000.0,0,-744,46,1446,-706,43,1372
1781644832.049108,1000.0,0.0,1000.0,0,-747,48,1448,-709,45,1374
1781644832.1065342,1000.0,0.0,1000.0,0,-744,47,1442,-706,45,1368
1781644832.1622453,1000.0,0.0,1000.0,0,-743,46,1444,-705,43,1370
1781644832.205996,1000.0,0.0,1000.0,0,-745,47,1444,-707,45,1370
1781644832.2620578,1000.0,0.0,1000.0,0,-748,46,1446,-710,43,1372
1781644832.3081567,1000.0,0.0,1000.0,0,-746,48,1446,-708,45,1372
1781644832.3622975,1000.0,0.0,1000.0,0,-750,48,1455,-712,45,1381
1781644832.4087837,1000.0,0.0,1000.0,0,-746,48,1446,-708,45,1372
1781644832.4641342,1000.0,0.0,1000.0,0,-744,47,1439,-706,45,1366
1781644832.5112996,1000.0,0.0,1000.0,0,-748,48,1450,-710,45,1377
1781644832.565042,1000.0,0.0,1000.0,0,-747,49,1444,-708,47,1370
1781644832.610122,1000.0,0.0,1000.0,0,-750,48,1450,-712,45,1377
1781644832.6663918,1000.0,0.0,1000.0,0,-749,49,1448,-711,47,1374
1781644832.7102542,1000.0,0.0,1000.0,0,-747,49,1444,-708,47,1370
1781644832.7670448,1000.0,0.0,1000.0,0,-747,45,1442,-709,43,1368
1781644832.8110976,1000.0,0.0,1000.0,0,-751,46,1448,-713,43,1374
1781644832.8677409,1000.0,0.0,1000.0,0,-756,46,1450,-717,43,1377
1781644832.9117491,1000.0,0.0,1000.0,0,-750,46,1444,-712,43,1370
1781644832.9665146,1000.0,0.0,1000.0,0,-756,46,1450,-717,43,1377
1781644833.0123289,1000.0,0.0,1000.0,0,-752,46,1444,-714,43,1370
1781644833.064377,1000.0,0.0,1000.0,0,-755,48,1448,-716,45,1374
1781644833.114381,1000.0,0.0,1000.0,0,-756,46,1450,-717,43,1377
1781644833.1656642,1000.0,0.0,1000.0,0,-753,44,1453,-715,42,1379
1781644833.2163956,1000.0,0.0,1000.0,0,-750,46,1446,-711,43,1372
1781644833.2669806,1000.0,0.0,1000.0,0,-755,46,1453,-717,43,1379
1781644833.3160017,1000.0,0.0,1000.0,0,-754,46,1455,-716,44,1381
1781644833.368895,1000.0,0.0,1000.0,0,-750,44,1444,-712,41,1370
1781644833.419143,1000.0,0.0,1000.0,0,-759,44,1457,-721,42,1383
1781644833.469522,1000.0,0.0,1000.0,0,-753,44,1446,-715,41,1372
1781644833.5195034,1000.0,0.0,1000.0,0,-752,44,1444,-714,41,1370
1781644833.571319,1000.0,0.0,1000.0,0,-748,43,1435,-709,41,1361
1781644833.628762,1000.0,0.0,1000.0,0,-757,44,1453,-718,42,1379
1781644833.6736877,1000.0,0.0,1000.0,0,-752,42,1444,-714,40,1370
1781644833.7289822,1000.0,0.0,1000.0,0,-750,42,1439,-712,39,1366
1781644833.7740953,1000.0,0.0,1000.0,0,-749,42,1442,-711,40,1368
1781644833.828923,1000.0,0.0,1000.0,0,-753,42,1446,-715,40,1372
1781644833.8750954,1000.0,0.0,1000.0,0,-758,44,1455,-720,42,1381
1781644833.930648,1000.0,0.0,1000.0,0,-742,39,1424,-704,37,1351
1781644833.9764843,1000.0,0.0,1000.0,0,-734,39,1406,-696,37,1332
1781644834.0324256,1000.0,0.0,1000.0,0,-731,40,1399,-692,38,1326
1781644834.0753038,1000.0,0.0,1000.0,0,-740,43,1416,-701,41,1342
1781644834.1307676,1000.0,0.0,1000.0,0,-744,41,1424,-706,39,1351
1781644834.1738446,1000.0,0.0,1000.0,0,-745,43,1431,-707,41,1357
1781644834.230571,1000.0,0.0,1000.0,0,-738,43,1416,-699,41,1342
1781644834.28088,1000.0,0.0,1000.0,0,-737,43,1414,-698,41,1340
1781644834.3307269,1000.0,0.0,1000.0,0,-736,43,1410,-698,40,1336
1781644834.3808556,1000.0,0.0,1000.0,0,-738,39,1416,-699,37,1342
1781644834.4315884,1000.0,0.0,1000.0,0,-741,39,1422,-703,37,1349
1781644834.4812388,1000.0,0.0,1000.0,0,-740,39,1420,-702,37,1346
1781644834.5329587,1000.0,0.0,1000.0,0,-739,41,1418,-700,39,1344
1781644834.5849304,1000.0,0.0,1000.0,0,-739,41,1418,-700,39,1344
1781644834.6351323,1000.0,0.0,1000.0,0,-740,39,1420,-702,37,1346
1781644834.6868315,1000.0,0.0,1000.0,0,-740,37,1416,-701,35,1342
1781644834.730256,1000.0,0.0,1000.0,0,-748,38,1433,-710,36,1359
1781644834.7855933,1000.0,0.0,1000.0,0,-733,39,1404,-695,37,1330
1781644834.8370686,1000.0,0.0,1000.0,0,-728,38,1393,-689,36,1320
1781644834.8859215,1000.0,0.0,1000.0,0,-726,37,1389,-687,35,1315
1781644834.9329088,1000.0,0.0,1000.0,0,-738,37,1410,-700,35,1336
1781644834.9946883,1000.0,0.0,1000.0,0,-733,37,1399,-694,35,1326
1781644835.0402658,1000.0,0.0,1000.0,0,-763,38,1457,-724,36,1383
1781644835.0970955,1000.0,0.0,1000.0,0,-759,40,1450,-721,38,1377
1781644835.1423402,1000.0,0.0,1000.0,0,-760,40,1455,-721,38,1381
1781644835.198458,1000.0,0.0,1000.0,0,-759,38,1450,-721,36,1377
1781644835.2430313,1000.0,0.0,1000.0,0,-753,38,1437,-714,36,1364
1781644835.2974792,1000.0,0.0,1000.0,0,-751,38,1435,-713,36,1361
1781644835.3324022,1000.0,0.0,1000.0,0,-758,32,1448,-720,31,1374
1781644835.4004147,1000.0,0.0,1000.0,0,-756,38,1448,-718,36,1374
1781644835.447241,1000.0,0.0,1000.0,0,-754,38,1444,-716,36,1370
1781644835.4983196,1000.0,0.0,1000.0,0,-751,38,1437,-712,36,1364
1781644835.5477777,1000.0,0.0,1000.0,0,-753,38,1442,-714,36,1368
1781644835.5984292,1000.0,0.0,1000.0,0,-750,40,1433,-712,38,1359
1781644835.6468406,1000.0,0.0,1000.0,0,-756,42,1448,-718,40,1374
1781644835.698518,1000.0,0.0,1000.0,0,-753,42,1437,-714,39,1364
1781644835.748703,1000.0,0.0,1000.0,0,-758,40,1448,-720,38,1374
1781644835.8001845,1000.0,0.0,1000.0,0,-758,38,1450,-719,36,1377
1781644835.8491402,1000.0,0.0,1000.0,0,-756,40,1448,-718,38,1374
1781644835.9001014,1000.0,0.0,1000.0,0,-759,40,1453,-720,38,1379
1781644835.9515798,1000.0,0.0,1000.0,0,-758,40,1450,-719,38,1377
1781644835.999216,1000.0,0.0,1000.0,0,-758,40,1450,-719,38,1377
1781644836.0501323,1000.0,0.0,1000.0,0,-752,42,1439,-713,39,1366
1781644836.1034842,1000.0,0.0,1000.0,0,-756,40,1450,-717,38,1377
1781644836.159521,1000.0,0.0,1000.0,0,-759,40,1457,-721,38,1383
1781644836.2049487,1000.0,0.0,1000.0,0,-751,40,1442,-713,38,1368
1781644836.2598863,1000.0,0.0,1000.0,0,-753,42,1446,-715,40,1372
1781644836.3048587,1000.0,0.0,1000.0,0,-752,40,1444,-714,38,1370
1781644836.359011,1000.0,0.0,1000.0,0,-753,40,1446,-715,38,1372
1781644836.4047542,1000.0,0.0,1000.0,0,-756,40,1450,-717,38,1377
1781644836.459685,1000.0,0.0,1000.0,0,-751,44,1442,-713,41,1368
1781644836.5048501,1000.0,0.0,1000.0,0,-757,44,1453,-718,42,1379
1781644836.558028,1000.0,0.0,1000.0,0,-752,44,1444,-714,41,1370
1781644836.6058404,1000.0,0.0,1000.0,0,-759,44,1457,-721,42,1383
1781644836.6626427,1000.0,0.0,1000.0,0,-753,44,1446,-715,41,1372
1781644836.7064636,1000.0,0.0,1000.0,0,-752,44,1444,-714,41,1370
1781644836.7619317,1000.0,0.0,1000.0,0,-753,44,1448,-714,42,1374
1781644836.8064747,1000.0,0.0,1000.0,0,-755,44,1453,-717,42,1379
1781644836.8629358,1000.0,0.0,1000.0,0,-752,42,1450,-714,40,1377
1781644836.9088397,1000.0,0.0,1000.0,0,-751,42,1448,-713,40,1374
1781644836.9640458,1000.0,0.0,1000.0,0,-757,42,1457,-719,40,1383
1781644837.009685,1000.0,0.0,1000.0,0,-755,42,1453,-717,40,1379
1781644837.06545,1000.0,0.0,1000.0,0,-748,42,1444,-710,40,1370
1781644837.1105928,1000.0,0.0,1000.0,0,-752,44,1450,-714,42,1377
1781644837.1647677,1000.0,0.0,1000.0,0,-748,44,1444,-710,41,1370
1781644837.2111099,1000.0,0.0,1000.0,0,-754,42,1455,-716,40,1381
1781644837.2664008,1000.0,0.0,1000.0,0,-751,42,1448,-713,40,1374
1781644837.3104656,1000.0,0.0,1000.0,0,-751,44,1453,-713,42,1379
1781644837.367703,1000.0,0.0,1000.0,0,-753,42,1457,-715,40,1383
1781644837.413054,1000.0,0.0,1000.0,0,-753,40,1457,-715,38,1383
1781644837.4648132,1000.0,0.0,1000.0,0,-749,40,1448,-711,38,1374
1781644837.513596,1000.0,0.0,1000.0,0,-751,40,1453,-713,38,1379
1781644837.5650847,1000.0,0.0,1000.0,0,-750,40,1450,-712,38,1377
1781644837.614096,1000.0,0.0,1000.0,0,-751,40,1453,-713,38,1379
1781644837.6653452,1000.0,0.0,1000.0,0,-752,40,1455,-714,38,1381
1781644837.7150803,1000.0,0.0,1000.0,0,-752,40,1455,-714,38,1381
1781644837.7672696,1000.0,0.0,1000.0,0,-753,38,1457,-715,36,1383
1781644837.8172898,1000.0,0.0,1000.0,0,-754,38,1459,-716,36,1386
1781644837.8675492,1000.0,0.0,1000.0,0,-752,38,1455,-714,36,1381
1781644837.9203165,1000.0,0.0,1000.0,0,-751,40,1453,-713,38,1379
1781644837.9693427,1000.0,0.0,1000.0,0,-748,38,1446,-710,36,1372
1781644838.0214772,1000.0,0.0,1000.0,0,-753,38,1457,-715,36,1383
1781644838.0716162,1000.0,0.0,1000.0,0,-752,38,1455,-714,36,1381
1781644838.1258419,1000.0,0.0,1000.0,0,-750,38,1450,-712,36,1377
1781644838.170854,1000.0,0.0,1000.0,0,-747,38,1444,-708,36,1370
1781644838.2255266,1000.0,0.0,1000.0,0,-750,38,1450,-712,36,1377
1781644838.272195,1000.0,0.0,1000.0,0,-754,38,1459,-716,36,1386
1781644838.3272212,1000.0,0.0,1000.0,0,-748,38,1446,-710,36,1372
1781644838.3727422,1000.0,0.0,1000.0,0,-748,36,1446,-710,34,1372
1781644838.4290934,1000.0,0.0,1000.0,0,-749,36,1448,-711,34,1374
1781644838.4737728,1000.0,0.0,1000.0,0,-745,34,1442,-707,32,1368
1781644838.5316887,1000.0,0.0,1000.0,0,-740,36,1431,-702,34,1357
1781644838.5755978,1000.0,0.0,1000.0,0,-742,34,1435,-704,32,1361
1781644838.631555,1000.0,0.0,1000.0,0,-742,34,1435,-704,32,1361
1781644838.6758664,1000.0,0.0,1000.0,0,-747,36,1444,-708,34,1370
1781644838.731675,1000.0,0.0,1000.0,0,-748,36,1446,-710,34,1372
1781644838.775767,1000.0,0.0,1000.0,0,-741,36,1433,-703,34,1359
1781644838.83163,1000.0,0.0,1000.0,0,-748,38,1446,-710,36,1372
1781644838.876365,1000.0,0.0,1000.0,0,-745,36,1442,-707,34,1368
1781644838.9298916,1000.0,0.0,1000.0,0,-745,36,1444,-707,34,1370
1781644838.9770975,1000.0,0.0,1000.0,0,-745,36,1444,-707,34,1370
1781644839.0316968,1000.0,0.0,1000.0,0,-745,36,1444,-707,34,1370
1781644839.0764606,1000.0,0.0,1000.0,0,-739,36,1433,-701,34,1359
1781644839.130076,1000.0,0.0,1000.0,0,-741,36,1437,-703,34,1364
1781644839.1800761,1000.0,0.0,1000.0,0,-727,33,1410,-689,32,1336
1781644839.2329361,1000.0,0.0,1000.0,0,-744,34,1446,-706,32,1372
1781644839.2771595,1000.0,0.0,1000.0,0,-741,34,1437,-703,32,1364
1781644839.3312829,1000.0,0.0,1000.0,0,-744,38,1446,-706,36,1372
1781644839.3779287,1000.0,0.0,1000.0,0,-738,38,1435,-700,36,1361
1781644839.4302912,1000.0,0.0,1000.0,0,-732,36,1422,-694,34,1349
1781644839.4792907,1000.0,0.0,1000.0,0,-739,38,1439,-701,36,1366
1781644839.5319452,1000.0,0.0,1000.0,0,-733,38,1429,-695,36,1355
1781644839.581897,1000.0,0.0,1000.0,0,-735,34,1433,-697,32,1359
1781644839.6341403,1000.0,0.0,1000.0,0,-741,34,1444,-703,32,1370
1781644839.6831338,1000.0,0.0,1000.0,0,-739,34,1439,-701,32,1366
1781644839.7346985,1000.0,0.0,1000.0,0,-731,34,1424,-693,32,1351
1781644839.7846503,1000.0,0.0,1000.0,0,-738,34,1437,-700,32,1364
1781644839.8352785,1000.0,0.0,1000.0,0,-736,34,1435,-699,32,1361
1781644839.887278,1000.0,0.0,1000.0,0,-739,34,1439,-701,32,1366
1781644839.9369102,1000.0,0.0,1000.0,0,-736,32,1435,-699,30,1361
1781644839.992434,1000.0,0.0,1000.0,0,-729,34,1420,-691,32,1346
1781644840.039059,1000.0,0.0,1000.0,0,-737,34,1439,-699,32,1366
1781644840.095934,1000.0,0.0,1000.0,0,-735,36,1435,-697,34,1361
1781644840.1408596,1000.0,0.0,1000.0,0,-737,44,1439,-699,41,1366
1781644840.1956568,1000.0,0.0,1000.0,0,-732,47,1427,-694,44,1353
1781644840.2421389,1000.0,0.0,1000.0,0,-738,59,1437,-700,56,1364
1781644840.2968931,1000.0,0.0,1000.0,0,-727,58,1416,-689,55,1342
1781644840.3427455,1000.0,0.0,1000.0,0,-727,56,1416,-689,53,1342
1781644840.397429,1000.0,0.0,1000.0,0,-729,52,1424,-691,50,1351
1781644840.4420922,1000.0,0.0,1000.0,0,-727,49,1420,-689,46,1346
1781644840.4990637,1000.0,0.0,1000.0,0,-737,47,1439,-699,45,1366
1781644840.5416937,1000.0,0.0,1000.0,0,-730,45,1427,-692,43,1353
1781644840.5968232,1000.0,0.0,1000.0,0,-731,45,1429,-694,43,1355
1781644840.641341,1000.0,0.0,1000.0,0,-730,45,1427,-692,43,1353
1781644840.6974885,1000.0,0.0,1000.0,0,-728,43,1422,-690,41,1349
1781644840.7423651,1000.0,0.0,1000.0,0,-729,41,1424,-691,39,1351
1781644840.7980528,1000.0,0.0,1000.0,0,-724,41,1414,-686,39,1340
1781644840.843332,1000.0,0.0,1000.0,0,-727,41,1416,-689,39,1342
1781644840.9005115,1000.0,0.0,1000.0,0,-723,41,1410,-686,39,1336
1781644840.9450753,1000.0,0.0,1000.0,0,-721,41,1406,-683,39,1332
1781644840.9992669,1000.0,0.0,1000.0,0,-719,42,1402,-681,40,1328
1781644841.0443103,1000.0,0.0,1000.0,0,-723,41,1410,-686,39,1336
1781644841.0990515,1000.0,0.0,1000.0,0,-720,41,1404,-682,38,1330
1781644841.1471505,1000.0,0.0,1000.0,0,-723,41,1410,-686,39,1336
1781644841.1983263,1000.0,0.0,1000.0,0,-724,41,1412,-687,39,1338
1781644841.2478166,1000.0,0.0,1000.0,0,-727,39,1416,-689,37,1342
1781644841.297895,1000.0,0.0,1000.0,0,-729,41,1414,-691,39,1340
1781644841.3475034,1000.0,0.0,1000.0,0,-736,39,1427,-698,37,1353
1781644841.3987477,1000.0,0.0,1000.0,0,-735,43,1422,-697,41,1349
1781644841.4482834,1000.0,0.0,1000.0,0,-726,42,1404,-688,40,1330
1781644841.4998693,1000.0,0.0,1000.0,0,-727,44,1406,-689,42,1332
1781644841.5501947,1000.0,0.0,1000.0,0,-737,43,1424,-698,41,1351
1781644841.6011689,1000.0,0.0,1000.0,0,-735,43,1422,-697,41,1349
1781644841.6544132,1000.0,0.0,1000.0,0,-730,43,1408,-691,40,1334
1781644841.7025418,1000.0,0.0,1000.0,0,-724,37,1397,-686,35,1324
1781644841.7589304,1000.0,0.0,1000.0,0,-724,37,1389,-685,35,1315
1781644841.8046622,1000.0,0.0,1000.0,0,-725,40,1387,-686,38,1313
1781644841.85881,1000.0,0.0,1000.0,0,-732,33,1402,-693,31,1328
1781644841.9052446,1000.0,0.0,1000.0,0,-734,41,1402,-695,38,1328
1781644841.9624388,1000.0,0.0,1000.0,0,-737,37,1408,-698,35,1334
1781644842.0056877,1000.0,0.0,1000.0,0,-738,37,1410,-700,35,1336
1781644842.0603492,1000.0,0.0,1000.0,0,-734,39,1402,-695,37,1328
1781644842.105194,1000.0,0.0,1000.0,0,-736,35,1406,-697,33,1332
1781644842.1620915,1000.0,0.0,1000.0,0,-742,33,1410,-703,32,1336
1781644842.2056165,1000.0,0.0,1000.0,0,-746,34,1418,-707,32,1344
1781644842.2643127,1000.0,0.0,1000.0,0,-745,34,1416,-706,32,1342
1781644842.3100252,1000.0,0.0,1000.0,0,-742,33,1410,-703,32,1336
1781644842.3666828,1000.0,0.0,1000.0,0,-740,37,1406,-701,35,1332
1781644842.4110415,1000.0,0.0,1000.0,0,-742,37,1410,-703,35,1336
1781644842.4675899,1000.0,0.0,1000.0,0,-742,32,1410,-703,30,1336
1781644842.5111542,1000.0,0.0,1000.0,0,-735,35,1397,-697,33,1324
1781644842.5668945,1000.0,0.0,1000.0,0,-739,31,1404,-700,30,1330
1781644842.610639,1000.0,0.0,1000.0,0,-732,35,1391,-693,33,1317
1781644842.6664104,1000.0,0.0,1000.0,0,-735,33,1404,-696,31,1330
1781644842.713012,1000.0,0.0,1000.0,0,-724,33,1383,-686,31,1309
1781644842.7639594,1000.0,0.0,1000.0,0,-755,34,1442,-716,32,1368
1781644842.8151536,1000.0,0.0,1000.0,0,-763,33,1457,-724,31,1383
1781644842.86645,1000.0,0.0,1000.0,0,-760,31,1455,-721,29,1381
1781644842.9171934,1000.0,0.0,1000.0,0,-758,32,1450,-719,31,1377
1781644842.9675162,1000.0,0.0,1000.0,0,-753,34,1457,-715,33,1383
1781644843.016593,1000.0,0.0,1000.0,0,-747,32,1448,-709,31,1374
1781644843.068026,1000.0,0.0,1000.0,0,-746,34,1457,-708,33,1383
1781644843.1189866,1000.0,0.0,1000.0,0,-737,32,1450,-699,31,1377
1781644843.1712234,1000.0,0.0,1000.0,0,-731,34,1455,-694,33,1381
1781644843.2251735,1000.0,0.0,1000.0,0,-725,31,1461,-688,29,1388
1781644843.2714243,1000.0,0.0,1000.0,0,-712,42,1466,-676,40,1392
1781644843.3251724,1000.0,0.0,1000.0,0,-706,41,1470,-671,39,1397
1781644843.3715584,1000.0,0.0,1000.0,0,-687,41,1479,-653,39,1406
1781644843.4267633,1000.0,0.0,1000.0,0,-674,41,1484,-640,39,1410
1781644843.4726484,1000.0,0.0,1000.0,0,-658,40,1519,-626,38,1446
1781644843.529133,1000.0,0.0,1000.0,0,-630,39,1491,-599,37,1417
1781644843.5737104,1000.0,0.0,1000.0,0,-608,36,1505,-579,34,1431
1781644843.6302783,1000.0,0.0,1000.0,0,-599,34,1512,-570,32,1439
1781644843.6747863,1000.0,0.0,1000.0,0,-555,32,1510,-528,30,1436
1781644843.7316947,1000.0,0.0,1000.0,0,-522,28,1496,-496,26,1422
1781644843.7756934,1000.0,0.0,1000.0,0,-456,28,1510,-433,26,1436
1781644843.832195,1000.0,0.0,1000.0,0,-433,20,1493,-412,19,1420
1781644843.8761926,1000.0,0.0,1000.0,0,-393,4,1484,-374,4,1410
1781644843.9328015,1000.0,0.0,1000.0,0,-377,4,1475,-359,4,1401
1781644843.97738,1000.0,0.0,1000.0,0,-359,-6,1457,-341,-5,1383
1781644844.0313945,1000.0,0.0,1000.0,0,-350,-9,1450,-332,-9,1377
1781644844.0792336,1000.0,0.0,1000.0,0,-326,-7,1427,-309,-7,1353
1781644844.1328008,1000.0,0.0,1000.0,0,-305,-2,1427,-289,-2,1353
1781644844.1822934,1000.0,0.0,1000.0,0,-287,-2,1404,-272,-2,1330
1781644844.2313256,1000.0,0.0,1000.0,0,-266,-9,1406,-252,-9,1332
1781644844.2840834,1000.0,0.0,1000.0,0,-254,-5,1391,-240,-5,1317
1781644844.3314228,1000.0,0.0,1000.0,0,-242,-7,1385,-229,-7,1311
1781644844.386313,1000.0,0.0,1000.0,0,-228,-11,1360,-216,-10,1286
1781644844.4361744,1000.0,0.0,1000.0,0,-222,-7,1345,-210,-7,1270
1781644844.4938421,1000.0,0.0,1000.0,0,-210,-7,1324,-198,-7,1250
1781644844.5401068,1000.0,0.0,1000.0,0,-190,-12,1330,-179,-11,1255
1781644844.5959105,1000.0,0.0,1000.0,0,-176,-7,1289,-166,-6,1214
1781644844.6394298,1000.0,0.0,1000.0,0,-157,-8,1283,-147,-8,1209
1781644844.6965687,1000.0,0.0,1000.0,0,-146,-8,1263,-137,-8,1189
1781644844.7424548,1000.0,0.0,1000.0,0,-134,-6,1243,-126,-6,1169
1781644844.799314,1000.0,0.0,1000.0,0,-123,-8,1207,-116,-7,1133
1781644844.8430839,1000.0,0.0,1000.0,0,-82,-8,1178,-77,-7,1103
1781644844.899125,1000.0,0.0,1000.0,0,0,-5,1235,0,-5,1161
1781644844.9462,1000.0,0.0,1000.0,0,159,-15,1895,162,-15,1925
1781644928.9715018,0.0,1000.0,1000.0,0,-16,-2,900,-15,-2,840
1781644929.0277247,0.0,1000.0,1000.0,0,-2,0,896,-2,0,836
1781644929.0752854,0.0,1000.0,1000.0,0,12,-2,877,11,-2,819
1781644929.128831,0.0,1000.0,1000.0,0,56,-2,845,52,-2,790
1781644929.1748252,0.0,1000.0,1000.0,0,13,-2,843,13,-2,788
1781644929.2410285,0.0,1000.0,1000.0,0,13,-2,824,12,-2,771
1781644929.2770402,0.0,1000.0,1000.0,0,55,-2,772,51,-2,723
1781644929.3330462,0.0,1000.0,1000.0,0,53,-1,745,50,-1,698
1781644929.382046,0.0,1000.0,1000.0,0,12,-2,768,11,-2,720
1781644929.4353235,0.0,1000.0,1000.0,0,8,-2,775,8,-2,726
1781644929.4837406,0.0,1000.0,1000.0,0,38,-2,757,35,-2,710
1781644929.5340097,0.0,1000.0,1000.0,0,5,-2,782,5,-2,732
1781644929.5814624,0.0,1000.0,1000.0,0,5,-2,788,5,-2,738
1781644929.633604,0.0,1000.0,1000.0,0,-7,-2,784,-7,-2,734
1781644929.681567,0.0,1000.0,1000.0,0,-20,-2,852,-19,-2,796
1781644929.759786,0.0,1000.0,1000.0,0,-25,-2,840,-24,-2,785
1781644929.786801,0.0,1000.0,1000.0,0,-40,-3,877,-38,-3,819
1781644929.836302,0.0,1000.0,1000.0,0,29,-3,779,27,-3,729
1781644929.885377,0.0,1000.0,1000.0,0,17,-4,776,16,-4,727
1781644929.937203,0.0,1000.0,1000.0,0,-41,-2,886,-38,-2,827
1781644929.9881368,0.0,1000.0,1000.0,0,-54,-1,893,-50,-1,833
1781644930.0395694,0.0,1000.0,1000.0,0,-83,0,920,-78,0,858
1781644930.0902517,0.0,1000.0,1000.0,0,-102,0,925,-95,0,863
1781644930.1398895,0.0,1000.0,1000.0,0,-118,0,930,-110,0,867
1781644930.1985042,0.0,1000.0,1000.0,0,-116,1,932,-108,1,869
1781644930.2437482,0.0,1000.0,1000.0,0,-117,-2,930,-109,-2,867
1781644930.2982457,0.0,1000.0,1000.0,0,-113,-2,925,-105,-2,863
1781644930.3440366,0.0,1000.0,1000.0,0,-104,-2,879,-97,-2,821
1781644930.4000878,0.0,1000.0,1000.0,0,-101,-1,865,-94,-1,808
1781644930.4461067,0.0,1000.0,1000.0,0,-94,-2,851,-88,-2,795
1781644930.5022879,0.0,1000.0,1000.0,0,-93,-2,864,-87,-2,807
1781644930.5461602,0.0,1000.0,1000.0,0,-90,0,881,-84,0,823
1781644930.604467,0.0,1000.0,1000.0,0,-86,0,867,-81,0,810
1781644930.647998,0.0,1000.0,1000.0,0,-84,0,871,-79,0,813
1781644930.7016938,0.0,1000.0,1000.0,0,-85,0,875,-79,0,817
1781644930.745196,0.0,1000.0,1000.0,0,-84,0,898,-78,0,838
1781644930.8022041,0.0,1000.0,1000.0,0,-82,0,904,-76,0,844
1781644930.8477154,0.0,1000.0,1000.0,0,-77,1,935,-72,1,872
1781644930.9016223,0.0,1000.0,1000.0,0,-73,0,999,-68,0,930
1781644930.9523468,0.0,1000.0,1000.0,0,-73,0,992,-68,0,924
1781644931.0043337,0.0,1000.0,1000.0,0,-73,0,1012,-68,0,943
1781644931.05334,0.0,1000.0,1000.0,0,-72,1,1016,-67,1,946
1781644931.1056345,0.0,1000.0,1000.0,0,-72,0,979,-67,0,912
1781644931.1565723,0.0,1000.0,1000.0,0,-78,0,997,-73,0,928
1781644931.205633,0.0,1000.0,1000.0,0,-88,-1,987,-82,-1,920
1781644931.2561972,0.0,1000.0,1000.0,0,-94,-1,1020,-87,-1,950
1781644931.3115118,0.0,1000.0,1000.0,0,-93,0,1023,-86,0,953
1781644931.3620121,0.0,1000.0,1000.0,0,-91,-1,1025,-85,-1,955
1781644931.4091277,0.0,1000.0,1000.0,0,-83,-1,1024,-77,-1,954
1781644931.4656405,0.0,1000.0,1000.0,0,-79,-1,1025,-74,-1,955
1781644931.508255,0.0,1000.0,1000.0,0,-72,4,1018,-67,4,948
1781644931.565622,0.0,1000.0,1000.0,0,-69,1,1013,-64,1,944
1781644931.6089385,0.0,1000.0,1000.0,0,-67,1,1019,-62,1,949
1781644931.6634257,0.0,1000.0,1000.0,0,-62,0,1021,-57,0,951
1781644931.707429,0.0,1000.0,1000.0,0,-62,1,1025,-58,1,955
1781644931.7739508,0.0,1000.0,1000.0,0,-62,0,1024,-57,0,954
1781644931.8099895,0.0,1000.0,1000.0,0,-60,-1,1022,-56,-1,952
1781644931.8656547,0.0,1000.0,1000.0,0,-62,0,1035,-58,0,964
1781644931.9121644,0.0,1000.0,1000.0,0,-64,-1,1039,-60,-1,967
1781644931.9682083,0.0,1000.0,1000.0,0,-66,-1,1047,-61,-1,974
1781644932.0138288,0.0,1000.0,1000.0,0,-68,-1,1044,-64,-1,972
1781644932.0688312,0.0,1000.0,1000.0,0,-69,0,1048,-64,0,975
1781644932.1155264,0.0,1000.0,1000.0,0,-73,-1,1051,-68,-1,978
1781644932.168068,0.0,1000.0,1000.0,0,-73,0,1053,-68,0,980
1781644932.2371197,0.0,1000.0,1000.0,0,-73,-1,1051,-68,-1,978
1781644932.2711477,0.0,1000.0,1000.0,0,-71,-1,1048,-66,-1,975
1781644932.318768,0.0,1000.0,1000.0,0,-72,0,1053,-67,0,980
1781644932.37079,0.0,1000.0,1000.0,0,-66,-1,1050,-61,-1,977
1781644932.420922,0.0,1000.0,1000.0,0,-65,0,1053,-60,0,980
1781644932.4706807,0.0,1000.0,1000.0,0,-66,-1,1052,-62,-1,979
1781644932.5211425,0.0,1000.0,1000.0,0,-66,0,1055,-62,0,981
1781644932.5726745,0.0,1000.0,1000.0,0,-57,-1,1056,-53,-1,982
1781644932.6220489,0.0,1000.0,1000.0,0,-55,0,1052,-51,0,979
1781644932.6723866,0.0,1000.0,1000.0,0,-51,0,1053,-47,0,980
1781644932.730933,0.0,1000.0,1000.0,0,-51,-1,1051,-47,-1,978
1781644932.7837062,0.0,1000.0,1000.0,0,-48,-3,1049,-45,-3,976
1781644932.8285735,0.0,1000.0,1000.0,0,-48,-1,1052,-45,-1,979
1781644932.8758094,0.0,1000.0,1000.0,0,-47,-1,1049,-43,-1,976
1781644932.929789,0.0,1000.0,1000.0,0,-45,-4,1038,-42,-4,966
1781644932.9757988,0.0,1000.0,1000.0,0,-44,-3,1024,-41,-2,954
1781644933.0314171,0.0,1000.0,1000.0,0,-45,-3,1009,-42,-2,940
1781644933.0766551,0.0,1000.0,1000.0,0,-49,-3,988,-46,-2,921
1781644933.1322782,0.0,1000.0,1000.0,0,-52,-3,1040,-48,-3,968
1781644933.1776814,0.0,1000.0,1000.0,0,-53,-1,1058,-49,-1,984
1781644933.234313,0.0,1000.0,1000.0,0,-52,-4,1045,-48,-4,973
1781644933.2784615,0.0,1000.0,1000.0,0,-50,-1,1055,-46,-1,981
1781644933.3337734,0.0,1000.0,1000.0,0,-49,-1,1050,-46,-1,977
1781644933.381537,0.0,1000.0,1000.0,0,-51,-1,1053,-47,-1,980
1781644933.4358478,0.0,1000.0,1000.0,0,-52,-1,1051,-49,-1,978
1781644933.4845784,0.0,1000.0,1000.0,0,-54,-1,1050,-50,-1,977
1781644933.534177,0.0,1000.0,1000.0,0,-55,-1,1042,-51,-1,970
1781644933.5842578,0.0,1000.0,1000.0,0,-56,-4,1051,-53,-4,978
1781644933.6346862,0.0,1000.0,1000.0,0,-53,-3,1041,-49,-3,969
1781644933.6839967,0.0,1000.0,1000.0,0,-62,-4,1049,-58,-4,976
1781644933.7345254,0.0,1000.0,1000.0,0,-66,-3,1053,-62,-3,980
1781644933.7845225,0.0,1000.0,1000.0,0,-64,-4,1045,-60,-4,973
1781644933.8351197,0.0,1000.0,1000.0,0,-48,-10,1053,-45,-9,980
1781644933.884821,0.0,1000.0,1000.0,0,-64,-11,1041,-60,-10,969
1781644933.9357061,0.0,1000.0,1000.0,0,-21,-11,1055,-19,-10,981
1781644933.985709,0.0,1000.0,1000.0,0,-140,-10,1048,-130,-9,975
1781644934.0362558,0.0,1000.0,1000.0,0,-132,-4,1047,-123,-4,974
1781644934.086468,0.0,1000.0,1000.0,0,-133,-3,1045,-124,-3,973
1781644934.1348548,0.0,1000.0,1000.0,0,-128,-4,1039,-119,-4,967
1781644934.183739,0.0,1000.0,1000.0,0,-124,-4,1038,-115,-4,966
1781644934.243984,0.0,1000.0,1000.0,0,-124,-4,1043,-116,-4,971
1781644934.2843883,0.0,1000.0,1000.0,0,-119,-3,1044,-111,-3,972
1781644934.3351665,0.0,1000.0,1000.0,0,-108,-3,1030,-101,-2,959
1781644934.392104,0.0,1000.0,1000.0,0,-102,-1,1033,-95,-1,962
1781644934.4383686,0.0,1000.0,1000.0,0,-89,-3,1045,-83,-3,973
1781644934.4942412,0.0,1000.0,1000.0,0,-82,-3,1039,-76,-2,967
1781644934.5356407,0.0,1000.0,1000.0,0,-79,-3,1021,-73,-2,951
1781644934.5976477,0.0,1000.0,1000.0,0,-75,-3,1017,-69,-2,947
1781644934.6348023,0.0,1000.0,1000.0,0,-73,-3,1008,-68,-2,939
1781644934.7036033,0.0,1000.0,1000.0,0,-74,-1,1011,-69,-1,942
1781644934.7341468,0.0,1000.0,1000.0,0,-72,-3,998,-67,-2,929
1781644934.8014615,0.0,1000.0,1000.0,0,-72,-3,1001,-67,-2,932
1781644934.8360016,0.0,1000.0,1000.0,0,-69,-3,990,-64,-2,923
1781644934.901689,0.0,1000.0,1000.0,0,-69,-1,992,-64,-1,924
1781644934.949512,0.0,1000.0,1000.0,0,-70,-3,988,-65,-2,921
1781644935.0024698,0.0,1000.0,1000.0,0,-72,-4,993,-67,-4,925
1781644935.050575,0.0,1000.0,1000.0,0,-75,-4,987,-70,-4,920
1781644935.1013806,0.0,1000.0,1000.0,0,-75,-3,991,-70,-2,924
1781644935.1503494,0.0,1000.0,1000.0,0,-79,-3,982,-73,-2,915
1781644935.202675,0.0,1000.0,1000.0,0,-85,-4,981,-79,-4,914
1781644935.2502894,0.0,1000.0,1000.0,0,-87,-9,981,-81,-8,914
1781644935.3047175,0.0,1000.0,1000.0,0,-96,-3,980,-90,-2,913
1781644935.3538125,0.0,1000.0,1000.0,0,-98,-4,982,-91,-4,915
1781644935.4055963,0.0,1000.0,1000.0,0,-105,-8,990,-98,-7,923
1781644935.4522119,0.0,1000.0,1000.0,0,-111,-1,984,-103,-1,917
1781644935.5067925,0.0,1000.0,1000.0,0,-33,-4,983,-31,-4,916
1781644935.5531745,0.0,1000.0,1000.0,0,-42,-3,982,-40,-2,915
1781644935.6025553,0.0,1000.0,1000.0,0,-149,-10,998,-139,-10,929
1781644935.657874,0.0,1000.0,1000.0,0,-165,-9,1013,-153,-9,944
1781644935.708081,0.0,1000.0,1000.0,0,-188,-9,1014,-175,-9,945
1781644935.7672172,0.0,1000.0,1000.0,0,-228,-10,1045,-212,-9,973
1781644935.8025963,0.0,1000.0,1000.0,0,-230,-10,1039,-214,-9,967
1781644935.867334,0.0,1000.0,1000.0,0,-218,-12,1026,-203,-11,956
1781644935.9170089,0.0,1000.0,1000.0,0,-239,-8,1055,-223,-8,981
1781644935.968508,0.0,1000.0,1000.0,0,-231,-9,1029,-215,-9,958
1781644936.016982,0.0,1000.0,1000.0,0,-251,-4,1057,-234,-4,983
1781644936.0678217,0.0,1000.0,1000.0,0,-38,-1,990,-35,-1,923
1781644936.1171925,0.0,1000.0,1000.0,0,-37,-4,987,-35,-4,920
1781644936.1674798,0.0,1000.0,1000.0,0,-39,-4,987,-36,-4,920
1781644936.2184253,0.0,1000.0,1000.0,0,-43,-3,986,-40,-2,919
1781644936.2687876,0.0,1000.0,1000.0,0,-258,-7,1058,-240,-6,984
1781644936.3190064,0.0,1000.0,1000.0,0,-40,-3,986,-37,-2,919
1781644936.370495,0.0,1000.0,1000.0,0,-40,-3,983,-37,-2,916
1781644936.4226186,0.0,1000.0,1000.0,0,-37,-3,982,-35,-2,915
1781644936.4687736,0.0,1000.0,1000.0,0,-36,-1,988,-34,-1,921
1781644936.5253687,0.0,1000.0,1000.0,0,-36,0,989,-34,0,922
1781644936.5687652,0.0,1000.0,1000.0,0,-35,-1,993,-33,-1,925
1781644936.6310449,0.0,1000.0,1000.0,0,-37,-1,984,-35,-1,917
1781644936.6689715,0.0,1000.0,1000.0,0,-35,-1,984,-32,-1,917
1781644936.732619,0.0,1000.0,1000.0,0,-36,-1,986,-34,-1,919
1781644936.7785978,0.0,1000.0,1000.0,0,-37,-1,981,-35,-1,914
1781644936.8339229,0.0,1000.0,1000.0,0,-35,-1,986,-32,-1,919
1781644936.8693535,0.0,1000.0,1000.0,0,-40,-1,977,-37,-1,911
1781644936.9341092,0.0,1000.0,1000.0,0,-36,-1,981,-33,-1,914
1781644936.969263,0.0,1000.0,1000.0,0,-36,-1,983,-34,-1,916
1781644937.0336351,0.0,1000.0,1000.0,0,-36,-1,982,-34,-1,915
1781644937.0834782,0.0,1000.0,1000.0,0,-35,-1,983,-32,-1,916
1781644937.133722,0.0,1000.0,1000.0,0,-35,-1,984,-32,-1,917
1781644937.1855233,0.0,1000.0,1000.0,0,-36,-3,984,-34,-2,917
1781644937.234075,0.0,1000.0,1000.0,0,-35,-1,983,-32,-1,916
1781644937.2858415,0.0,1000.0,1000.0,0,-32,-3,979,-30,-2,912
1781644937.338931,0.0,1000.0,1000.0,0,-36,-1,982,-34,-1,915
1781644937.3923285,0.0,1000.0,1000.0,0,-32,-1,981,-30,-1,914
1781644937.4352217,0.0,1000.0,1000.0,0,-32,-1,980,-30,-1,913
1781644937.4944425,0.0,1000.0,1000.0,0,-32,-4,981,-30,-4,914
1781644937.53566,0.0,1000.0,1000.0,0,-31,-3,975,-29,-2,909
1781644937.598147,0.0,1000.0,1000.0,0,-31,-1,974,-28,-1,908
1781644937.6355753,0.0,1000.0,1000.0,0,-29,-1,978,-27,-1,912
1781644937.6975915,0.0,1000.0,1000.0,0,-29,-1,980,-27,-1,913
1781644937.7354126,0.0,1000.0,1000.0,0,-28,-1,980,-26,-1,913
1781644937.8017688,0.0,1000.0,1000.0,0,-29,-4,975,-27,-4,909
1781644937.8354604,0.0,1000.0,1000.0,0,-27,-4,981,-25,-4,914
1781644937.903366,0.0,1000.0,1000.0,0,-29,-3,977,-27,-2,911
1781644937.9442062,0.0,1000.0,1000.0,0,-29,-4,975,-27,-4,909
1781644937.9981704,0.0,1000.0,1000.0,0,-29,-1,977,-27,-1,911
1781644938.0500066,0.0,1000.0,1000.0,0,-244,-8,1038,-227,-8,966
1781644938.1007156,0.0,1000.0,1000.0,0,-216,-3,1031,-201,-2,960
1781644938.154276,0.0,1000.0,1000.0,0,-196,-9,1016,-182,-9,946
1781644938.2044256,0.0,1000.0,1000.0,0,-160,-5,1006,-149,-5,937
1781644938.25374,0.0,1000.0,1000.0,0,-149,-8,994,-139,-7,926
1781644938.3045003,0.0,1000.0,1000.0,0,-125,-3,984,-117,-2,917
1781644938.3544133,0.0,1000.0,1000.0,0,-116,-4,981,-108,-4,914
1781644938.4074624,0.0,1000.0,1000.0,0,-99,-3,985,-93,-2,918
1781644938.4568598,0.0,1000.0,1000.0,0,-91,0,981,-85,0,914
1781644938.5051124,0.0,1000.0,1000.0,0,-79,-3,977,-74,-2,911
1781644938.5560672,0.0,1000.0,1000.0,0,-78,-1,977,-73,-1,911
1781644938.6053107,0.0,1000.0,1000.0,0,-77,0,978,-72,0,912
1781644938.6539247,0.0,1000.0,1000.0,0,-73,-3,981,-68,-2,914
1781644938.7064824,0.0,1000.0,1000.0,0,-72,-3,982,-67,-2,915
1781644938.7619565,0.0,1000.0,1000.0,0,-73,-3,979,-68,-2,912
1781644938.807816,0.0,1000.0,1000.0,0,-76,-3,982,-71,-2,915
1781644938.8633842,0.0,1000.0,1000.0,0,-77,-3,981,-72,-2,914
1781644938.9073758,0.0,1000.0,1000.0,0,-80,-1,986,-75,-1,919
1781644938.9615433,0.0,1000.0,1000.0,0,-78,-3,981,-73,-2,914
1781644939.007536,0.0,1000.0,1000.0,0,-90,-4,983,-84,-4,916
1781644939.0621247,0.0,1000.0,1000.0,0,-105,-3,990,-98,-2,923
1781644939.107517,0.0,1000.0,1000.0,0,-81,-4,964,-75,-4,899
1781644939.16207,0.0,1000.0,1000.0,0,-80,-3,970,-75,-2,904
1781644939.2075505,0.0,1000.0,1000.0,0,-83,-3,977,-78,-2,911
1781644939.2623978,0.0,1000.0,1000.0,0,-80,-5,971,-75,-5,905
1781644939.3073623,0.0,1000.0,1000.0,0,-32,-1,955,-30,-1,890
1781644939.361933,0.0,1000.0,1000.0,0,-32,0,965,-29,0,900
1781644939.4084308,0.0,1000.0,1000.0,0,-80,-3,980,-74,-2,913
1781644939.4633691,0.0,1000.0,1000.0,0,-82,-3,977,-76,-2,911
1781644939.5113692,0.0,1000.0,1000.0,0,-84,0,975,-79,0,909
1781644939.566452,0.0,1000.0,1000.0,0,-87,-3,975,-81,-2,909
1781644939.6129224,0.0,1000.0,1000.0,0,-86,0,980,-80,0,913
1781644939.6693432,0.0,1000.0,1000.0,0,-87,0,980,-81,0,913
1781644939.7134795,0.0,1000.0,1000.0,0,-87,-2,963,-81,-2,898
1781644939.768218,0.0,1000.0,1000.0,0,-88,-3,976,-82,-2,910
1781644939.8155305,0.0,1000.0,1000.0,0,-87,0,962,-81,0,896
1781644939.8673146,0.0,1000.0,1000.0,0,-43,0,956,-40,0,891
1781644939.9170206,0.0,1000.0,1000.0,0,-41,0,954,-38,0,889
1781644939.9702783,0.0,1000.0,1000.0,0,-89,-2,960,-83,-2,895
1781644940.0202644,0.0,1000.0,1000.0,0,-86,-1,956,-81,-1,891
1781644940.0730836,0.0,1000.0,1000.0,0,-98,-2,962,-92,-2,896
1781644940.1230648,0.0,1000.0,1000.0,0,-97,-4,960,-90,-3,895
1781644940.1735191,0.0,1000.0,1000.0,0,-48,-2,948,-45,-2,884
1781644940.2240622,0.0,1000.0,1000.0,0,-47,-4,944,-44,-3,880
1781644940.2728913,0.0,1000.0,1000.0,0,-46,-5,954,-43,-5,889
1781644940.3286417,0.0,1000.0,1000.0,0,-37,-2,934,-34,-2,871
1781644940.3732162,0.0,1000.0,1000.0,0,-42,-2,942,-39,-2,878
1781644940.4286637,0.0,1000.0,1000.0,0,-42,-2,925,-40,-2,863
1781644940.4750962,0.0,1000.0,1000.0,0,-45,-2,923,-42,-2,861
1781644940.53017,0.0,1000.0,1000.0,0,-47,-2,914,-44,-2,853
1781644940.5755427,0.0,1000.0,1000.0,0,-47,-2,899,-44,-2,839
1781644940.62981,0.0,1000.0,1000.0,0,-47,0,871,-44,0,813
1781644940.6764152,0.0,1000.0,1000.0,0,-48,0,873,-45,0,816
1781644940.73372,0.0,1000.0,1000.0,0,-49,0,869,-46,0,812
1781644940.779509,0.0,1000.0,1000.0,0,-50,-2,866,-47,-2,809
1781644940.8355165,0.0,1000.0,1000.0,0,-53,-3,860,-49,-3,803
1781644940.8809133,0.0,1000.0,1000.0,0,-49,-3,868,-46,-3,811
1781644940.935424,0.0,1000.0,1000.0,0,-50,-3,857,-47,-3,801
1781644940.9821906,0.0,1000.0,1000.0,0,-51,-3,862,-47,-3,805
1781644941.0334852,0.0,1000.0,1000.0,0,-50,-3,857,-47,-3,801
1781644941.0842679,0.0,1000.0,1000.0,0,-50,-1,854,-47,-1,798
1781644941.134984,0.0,1000.0,1000.0,0,-51,-2,860,-47,-2,803
1781644941.186201,0.0,1000.0,1000.0,0,-54,-1,877,-50,-1,819
1781644941.2391367,0.0,1000.0,1000.0,0,-53,-3,891,-49,-3,832
1781644941.2894528,0.0,1000.0,1000.0,0,-55,-3,890,-51,-3,831
1781644941.3372533,0.0,1000.0,1000.0,0,-51,-3,854,-48,-3,798
1781644941.3902478,0.0,1000.0,1000.0,0,-51,-3,869,-48,-3,812
1781644941.441653,0.0,1000.0,1000.0,0,-54,-1,889,-50,-1,830
1781644941.495349,0.0,1000.0,1000.0,0,-55,-3,893,-51,-3,833
1781644941.5429795,0.0,1000.0,1000.0,0,-56,0,868,-52,0,811
1781644941.5981195,0.0,1000.0,1000.0,0,-55,-2,878,-52,-2,820
1781644941.642479,0.0,1000.0,1000.0,0,-52,-1,901,-48,-1,841
1781644941.6960142,0.0,1000.0,1000.0,0,-58,0,918,-54,0,857
1781644941.741891,0.0,1000.0,1000.0,0,-49,0,915,-46,0,854
1781644941.7989395,0.0,1000.0,1000.0,0,-57,0,910,-53,0,850
1781644941.8454845,0.0,1000.0,1000.0,0,-37,-5,923,-35,-4,861
1781644941.901322,0.0,1000.0,1000.0,0,-52,0,910,-49,0,850
1781644941.9491057,0.0,1000.0,1000.0,0,-55,0,896,-51,0,836
1781644942.0015051,0.0,1000.0,1000.0,0,-58,0,898,-54,0,838
1781644942.0504413,0.0,1000.0,1000.0,0,-63,1,906,-59,1,846
1781644942.10123,0.0,1000.0,1000.0,0,-61,0,894,-57,0,835
1781644942.3521647,0.0,1000.0,1000.0,0,-71,0,868,-66,0,811
1781644942.6046293,0.0,1000.0,1000.0,0,-60,0,917,-56,0,856
1781644942.6569881,0.0,1000.0,1000.0,0,-61,1,891,-57,1,832
1781644942.706306,0.0,1000.0,1000.0,0,-50,0,914,-47,0,853
1781644942.761575,0.0,1000.0,1000.0,0,-53,1,896,-49,1,836
1781644942.8077788,0.0,1000.0,1000.0,0,-46,-2,916,-43,-2,854
1781644942.8617532,0.0,1000.0,1000.0,0,-39,0,910,-37,0,850
1781644942.9080596,0.0,1000.0,1000.0,0,-38,1,898,-35,1,838
1781644942.9638138,0.0,1000.0,1000.0,0,-36,2,908,-33,2,847
1781644943.0089138,0.0,1000.0,1000.0,0,-12,0,931,-11,0,868
1781644943.0662313,0.0,1000.0,1000.0,0,-18,0,924,-17,0,862
1781644943.1102676,0.0,1000.0,1000.0,0,7,0,933,7,0,871
1781644943.1654692,0.0,1000.0,1000.0,0,-34,0,920,-31,0,858
1781644943.212361,0.0,1000.0,1000.0,0,-34,1,927,-32,1,865
1781644943.2672026,0.0,1000.0,1000.0,0,31,-4,970,29,-4,904
1781644943.313181,0.0,1000.0,1000.0,0,21,0,976,19,0,910
1781644943.3691666,0.0,1000.0,1000.0,0,18,-2,962,17,-2,896
1781644943.4153345,0.0,1000.0,1000.0,0,-1,0,944,-1,0,880
1781644943.4681468,0.0,1000.0,1000.0,0,-6,-2,959,-6,-2,894
1781644943.516243,0.0,1000.0,1000.0,0,-23,-3,973,-21,-2,907
1781644943.5678115,0.0,1000.0,1000.0,0,-23,-3,974,-21,-2,908
1781644943.6696453,0.0,1000.0,1000.0,0,17,-10,991,16,-10,924
1781644943.719708,0.0,1000.0,1000.0,0,5,-10,991,5,-10,924
1781644943.7707956,0.0,1000.0,1000.0,0,9,-10,999,9,-10,930
1781644943.8211927,0.0,1000.0,1000.0,0,9,-10,991,9,-10,924
1781644943.8712955,0.0,1000.0,1000.0,0,8,-9,992,7,-8,924
1781644943.9235346,0.0,1000.0,1000.0,0,7,-10,983,6,-10,916
1781644943.9718688,0.0,1000.0,1000.0,0,-6,-10,981,-6,-10,914
1781644944.0287383,0.0,1000.0,1000.0,0,-9,-3,990,-8,-2,923
1781644944.0742126,0.0,1000.0,1000.0,0,-15,-3,988,-14,-2,921
1781644944.128201,0.0,1000.0,1000.0,0,-38,-3,999,-35,-2,930
1781644944.1757827,0.0,1000.0,1000.0,0,-21,-10,988,-19,-10,921
1781644944.2326102,0.0,1000.0,1000.0,0,-16,-3,1011,-15,-2,942
1781644944.2745547,0.0,1000.0,1000.0,0,-60,-1,1017,-56,-1,947
1781644944.33185,0.0,1000.0,1000.0,0,-60,-3,1039,-56,-2,967
1781644944.3761055,0.0,1000.0,1000.0,0,-56,-3,1024,-52,-2,954
1781644944.4322398,0.0,1000.0,1000.0,0,-51,-4,1019,-47,-4,949
1781644944.4759858,0.0,1000.0,1000.0,0,-54,-1,1031,-50,-1,960
1781644944.5324507,0.0,1000.0,1000.0,0,-55,0,1026,-51,0,956
1781644944.5765696,0.0,1000.0,1000.0,0,-61,-3,1019,-57,-2,949
1781644944.6324875,0.0,1000.0,1000.0,0,-65,0,1027,-60,0,957
1781644944.6759064,0.0,1000.0,1000.0,0,-74,0,1025,-69,0,955
1781644944.731754,0.0,1000.0,1000.0,0,-77,-1,1032,-72,-1,961
1781644944.777931,0.0,1000.0,1000.0,0,-82,-9,1024,-76,-9,954
1781644944.8341603,0.0,1000.0,1000.0,0,-83,-1,1035,-77,-1,964
1781644944.8797386,0.0,1000.0,1000.0,0,-83,-3,1019,-77,-2,949
1781644944.936251,0.0,1000.0,1000.0,0,-85,-1,1033,-79,-1,962
1781644944.9808555,0.0,1000.0,1000.0,0,-96,-3,1030,-89,-2,959
1781644945.0342875,0.0,1000.0,1000.0,0,-98,-4,1026,-91,-4,956
1781644945.0822678,0.0,1000.0,1000.0,0,-99,-3,1031,-92,-2,960
1781644945.1343744,0.0,1000.0,1000.0,0,-90,-3,1029,-84,-2,958
1781644945.1841156,0.0,1000.0,1000.0,0,-78,-3,1027,-73,-2,957
1781644945.2342632,0.0,1000.0,1000.0,0,-72,-4,1039,-67,-4,967
1781644945.2848797,0.0,1000.0,1000.0,0,-68,-3,1031,-63,-2,960
1781644945.3358583,0.0,1000.0,1000.0,0,-68,-3,1010,-63,-2,941
1781644945.384544,0.0,1000.0,1000.0,0,-68,-1,1024,-64,-1,954
1781644945.4353468,0.0,1000.0,1000.0,0,-67,-1,1029,-63,-1,958
1781644945.4865518,0.0,1000.0,1000.0,0,-65,-4,1013,-61,-4,944
1781644945.5379503,0.0,1000.0,1000.0,0,-67,-4,997,-62,-4,928
1781644945.5899615,0.0,1000.0,1000.0,0,-67,-4,1025,-63,-4,955
1781644945.639258,0.0,1000.0,1000.0,0,-81,-3,1048,-75,-3,975
1781644945.6955976,0.0,1000.0,1000.0,0,-82,-4,1044,-76,-4,972
1781644945.7414575,0.0,1000.0,1000.0,0,-88,-3,1045,-82,-3,973
1781644945.7957425,0.0,1000.0,1000.0,0,-87,-1,1053,-81,-1,980
1781644945.8420157,0.0,1000.0,1000.0,0,-85,-1,1042,-79,-1,970
1781644945.895652,0.0,1000.0,1000.0,0,-83,-1,1052,-77,-1,979
1781644945.942461,0.0,1000.0,1000.0,0,-78,-1,1044,-73,-1,972
1781644945.9988966,0.0,1000.0,1000.0,0,-78,-1,1041,-72,-1,969
1781644946.0436342,0.0,1000.0,1000.0,0,-76,-1,1041,-71,-1,969
1781644946.099096,0.0,1000.0,1000.0,0,-75,-1,1041,-70,-1,969
1781644946.144002,0.0,1000.0,1000.0,0,-72,-3,1020,-67,-2,950
1781644946.200193,0.0,1000.0,1000.0,0,-74,-3,1040,-68,-3,968
1781644946.2461703,0.0,1000.0,1000.0,0,-71,-3,1041,-66,-3,969
1781644946.3025355,0.0,1000.0,1000.0,0,-67,-3,1044,-62,-3,972
1781644946.3479085,0.0,1000.0,1000.0,0,-68,-4,1045,-64,-4,973
1781644946.4021652,0.0,1000.0,1000.0,0,-64,-1,1047,-60,-1,974
1781644946.4510832,0.0,1000.0,1000.0,0,-66,-4,1052,-62,-4,979
1781644946.500221,0.0,1000.0,1000.0,0,-65,-4,1057,-61,-4,983
1781644946.5526597,0.0,1000.0,1000.0,0,-64,-4,1040,-60,-4,968
1781644946.6037242,0.0,1000.0,1000.0,0,-73,-4,1049,-68,-4,976
1781644946.6533287,0.0,1000.0,1000.0,0,-73,-1,1039,-68,-1,967
1781644946.705846,0.0,1000.0,1000.0,0,-81,-4,1048,-75,-4,975
1781644946.7618027,0.0,1000.0,1000.0,0,-81,-3,1030,-75,-2,959
1781644946.8057015,0.0,1000.0,1000.0,0,-88,-1,1044,-82,-1,972
1781644946.8609707,0.0,1000.0,1000.0,0,-91,-3,1049,-84,-3,976
1781644946.9089372,0.0,1000.0,1000.0,0,-93,-4,1048,-87,-4,975
1781644946.96153,0.0,1000.0,1000.0,0,-95,-1,1047,-88,-1,974
1781644947.0089135,0.0,1000.0,1000.0,0,-93,-3,1049,-87,-3,976
1781644947.0658178,0.0,1000.0,1000.0,0,-90,-1,1040,-84,-1,968
1781644947.1096685,0.0,1000.0,1000.0,0,-90,-3,1043,-84,-3,971
1781644947.1652637,0.0,1000.0,1000.0,0,-89,-1,1034,-83,-1,963
1781644947.2102325,0.0,1000.0,1000.0,0,-90,-3,1023,-84,-2,953
1781644947.266412,0.0,1000.0,1000.0,0,-88,0,1018,-82,0,948
1781644947.313366,0.0,1000.0,1000.0,0,-90,-1,1025,-84,-1,955
1781644947.3687768,0.0,1000.0,1000.0,0,-89,-3,1019,-83,-2,949
1781644947.4155118,0.0,1000.0,1000.0,0,-84,-3,1000,-78,-2,931
1781644947.4676874,0.0,1000.0,1000.0,0,-86,0,1012,-80,0,943
1781644947.5172431,0.0,1000.0,1000.0,0,-86,0,999,-80,0,930
1781644947.5689235,0.0,1000.0,1000.0,0,-88,-3,999,-82,-2,930
1781644947.6184177,0.0,1000.0,1000.0,0,-91,-3,1004,-85,-2,935
1781644947.6718273,0.0,1000.0,1000.0,0,-93,-1,1011,-86,-1,942
1781644947.7204008,0.0,1000.0,1000.0,0,-95,-3,1005,-88,-2,936
1781644947.7740123,0.0,1000.0,1000.0,0,-95,0,1007,-89,0,938
1781644947.823807,0.0,1000.0,1000.0,0,-93,0,990,-87,0,923
1781644947.8727493,0.0,1000.0,1000.0,0,-96,-1,999,-89,-1,930
1781644947.928409,0.0,1000.0,1000.0,0,-97,-3,997,-90,-2,928
1781644947.975042,0.0,1000.0,1000.0,0,-98,-1,993,-91,-1,925
1781644948.0327437,0.0,1000.0,1000.0,0,-99,-3,1006,-92,-2,937
1781644948.0851345,0.0,1000.0,1000.0,0,-97,-3,1009,-90,-2,940
1781644948.128691,0.0,1000.0,1000.0,0,-98,0,1002,-92,0,933
1781644948.1759694,0.0,1000.0,1000.0,0,-99,0,1008,-92,0,939
1781644948.2320974,0.0,1000.0,1000.0,0,-98,-3,1006,-91,-2,937
1781644948.2763622,0.0,1000.0,1000.0,0,-98,-3,1000,-92,-2,931
1781644948.332196,0.0,1000.0,1000.0,0,-100,-3,1008,-94,-2,939
1781644948.3762925,0.0,1000.0,1000.0,0,-106,-3,1019,-98,-2,949
1781644948.4321542,0.0,1000.0,1000.0,0,-111,-3,1018,-103,-2,948
1781644948.4780307,0.0,1000.0,1000.0,0,-123,-3,1022,-115,-2,952
1781644948.53215,0.0,1000.0,1000.0,0,-135,-3,1007,-125,-2,938
1781644948.5790832,0.0,1000.0,1000.0,0,-164,-3,1018,-153,-2,948
1781644948.634291,0.0,1000.0,1000.0,0,-181,-3,1022,-169,-2,952
1781644948.6799636,0.0,1000.0,1000.0,0,-218,-3,1026,-203,-2,956
1781644948.7349703,0.0,1000.0,1000.0,0,-237,-3,1033,-221,-2,962
1781644948.7819195,0.0,1000.0,1000.0,0,-258,-3,1034,-240,-2,963
1781644948.8338273,0.0,1000.0,1000.0,0,-253,-3,1033,-236,-2,962
1781644948.8838577,0.0,1000.0,1000.0,0,-259,-9,1023,-241,-9,953
1781644948.9349241,0.0,1000.0,1000.0,0,-257,-11,1022,-240,-10,952
1781644948.9848776,0.0,1000.0,1000.0,0,-58,-1,999,-54,-1,930
1781644949.0366895,0.0,1000.0,1000.0,0,-253,-13,1016,-236,-12,946
1781644949.0894287,0.0,1000.0,1000.0,0,-252,-4,1017,-235,-4,947
1781644949.138985,0.0,1000.0,1000.0,0,-252,-4,1016,-234,-4,946
1781644949.1952229,0.0,1000.0,1000.0,0,-248,-4,1018,-231,-4,948
1781644949.2395945,0.0,1000.0,1000.0,0,-250,-4,1025,-233,-4,955
1781644949.2970579,0.0,1000.0,1000.0,0,-249,-4,1025,-232,-4,955
1781644949.3418183,0.0,1000.0,1000.0,0,-252,-4,1027,-235,-4,957
1781644949.3987305,0.0,1000.0,1000.0,0,-252,-4,1029,-235,-4,958
1781644949.444202,0.0,1000.0,1000.0,0,-255,-4,1041,-238,-4,969
1781644949.5004096,0.0,1000.0,1000.0,0,-256,-4,1048,-238,-4,975
1781644949.5462575,0.0,1000.0,1000.0,0,-253,-4,1039,-236,-4,967
1781644949.6006231,0.0,1000.0,1000.0,0,-252,-4,1033,-235,-4,962
1781644949.6470444,0.0,1000.0,1000.0,0,-259,-4,1051,-241,-4,978
1781644949.703391,0.0,1000.0,1000.0,0,-256,-5,1040,-239,-5,968
1781644949.748545,0.0,1000.0,1000.0,0,-256,-4,1038,-238,-4,966
1781644949.8018408,0.0,1000.0,1000.0,0,-263,-4,1056,-245,-4,982
1781644949.8475761,0.0,1000.0,1000.0,0,-260,-4,1042,-242,-4,970
1781644949.90086,0.0,1000.0,1000.0,0,-259,-4,1041,-241,-4,969
1781644949.9505246,0.0,1000.0,1000.0,0,-258,-4,1036,-240,-4,965
1781644950.0027015,0.0,1000.0,1000.0,0,-259,-4,1032,-241,-4,961
1781644950.0517387,0.0,1000.0,1000.0,0,-256,-3,1017,-238,-2,947
1781644950.1052067,0.0,1000.0,1000.0,0,-253,-4,1009,-235,-4,940
1781644950.153308,0.0,1000.0,1000.0,0,-253,-4,1004,-236,-4,935
1781644950.2056997,0.0,1000.0,1000.0,0,-244,-3,987,-227,-2,920
1781644950.256911,0.0,1000.0,1000.0,0,-242,-3,985,-225,-2,918
1781644950.307527,0.0,1000.0,1000.0,0,-234,-4,986,-218,-4,919
1781644950.3542824,0.0,1000.0,1000.0,0,-226,-4,982,-210,-4,915
1781644950.4055886,0.0,1000.0,1000.0,0,-205,-4,969,-191,-4,903
1781644950.461144,0.0,1000.0,1000.0,0,-189,-4,959,-176,-3,894
1781644950.508346,0.0,1000.0,1000.0,0,-148,-4,950,-138,-3,886
1781644950.562446,0.0,1000.0,1000.0,0,-127,-4,944,-119,-3,880
1781644950.6085427,0.0,1000.0,1000.0,0,-39,-2,933,-36,-2,871
1781644950.6618643,0.0,1000.0,1000.0,0,-15,-5,934,-14,-5,871
1781644950.7084033,0.0,1000.0,1000.0,0,-123,-2,921,-115,-2,859
1781644950.7658875,0.0,1000.0,1000.0,0,-114,-2,886,-106,-2,827
1781644950.812196,0.0,1000.0,1000.0,0,-95,-3,875,-89,-3,817
1781644950.86691,0.0,1000.0,1000.0,0,-86,-3,873,-80,-3,816
1781644950.912982,0.0,1000.0,1000.0,0,-66,-2,865,-61,-2,808
1781644950.9688134,0.0,1000.0,1000.0,0,-53,-4,854,-49,-4,798
1781645027.3741517,1000.0,0.0,1000.0,0,81,0,646,76,0,608
1781645027.4300752,1000.0,0.0,1000.0,0,82,1,659,77,1,620
1781645027.4733975,1000.0,0.0,1000.0,0,79,0,681,74,0,640
1781645027.529682,1000.0,0.0,1000.0,0,73,-2,688,69,-2,647
1781645027.5734508,1000.0,0.0,1000.0,0,56,-2,695,52,-2,653
1781645027.6310487,1000.0,0.0,1000.0,0,48,4,702,45,3,659
1781645027.6733863,1000.0,0.0,1000.0,0,44,2,701,42,2,658
1781645027.7321854,1000.0,0.0,1000.0,0,41,2,697,39,2,655
1781645027.7737162,1000.0,0.0,1000.0,0,40,3,697,38,3,655
1781645027.8336332,1000.0,0.0,1000.0,0,38,3,694,36,3,652
1781645027.8918524,1000.0,0.0,1000.0,0,40,2,669,38,2,629
1781645027.9387324,1000.0,0.0,1000.0,0,45,3,675,43,3,635
1781645027.989265,1000.0,0.0,1000.0,0,58,3,657,54,3,618
1781645028.0380976,1000.0,0.0,1000.0,0,64,9,653,61,9,615
1781645028.0951254,1000.0,0.0,1000.0,0,65,11,632,61,10,595
1781645028.1401265,1000.0,0.0,1000.0,0,62,17,643,58,16,605
1781645028.1957767,1000.0,0.0,1000.0,0,60,19,644,57,18,606
1781645028.241847,1000.0,0.0,1000.0,0,67,25,646,63,23,608
1781645028.2965245,1000.0,0.0,1000.0,0,70,29,646,66,27,608
1781645028.3424175,1000.0,0.0,1000.0,0,73,40,670,69,37,630
1781645028.3984067,1000.0,0.0,1000.0,0,82,46,700,77,43,657
1781645028.4451592,1000.0,0.0,1000.0,0,78,56,724,73,53,679
1781645028.500909,1000.0,0.0,1000.0,0,74,61,733,70,57,688
1781645028.548047,1000.0,0.0,1000.0,0,68,75,752,64,70,705
1781645028.598769,1000.0,0.0,1000.0,0,64,82,766,60,77,717
1781645028.6496332,1000.0,0.0,1000.0,0,57,93,794,54,87,744
1781645028.7011366,1000.0,0.0,1000.0,0,52,107,808,49,100,756
1781645028.752193,1000.0,0.0,1000.0,0,48,117,848,45,109,793
1781645028.8021176,1000.0,0.0,1000.0,0,46,123,868,43,115,811
1781645028.8597991,1000.0,0.0,1000.0,0,46,132,919,43,123,858
1781645028.9058583,1000.0,0.0,1000.0,0,40,138,944,37,128,880
1781645028.9601355,1000.0,0.0,1000.0,0,39,147,1010,36,137,941
1781645029.0062375,1000.0,0.0,1000.0,0,28,147,1043,26,136,971
1781645029.0618315,1000.0,0.0,1000.0,0,25,152,1106,23,142,1031
1781645029.107437,1000.0,0.0,1000.0,0,14,153,1135,13,143,1060
1781645029.1623569,1000.0,0.0,1000.0,0,6,165,1194,6,154,1119
1781645029.2093215,1000.0,0.0,1000.0,0,-21,165,1221,-19,155,1147
1781645029.2633984,1000.0,0.0,1000.0,0,-22,170,1270,-20,160,1195
1781645029.309695,1000.0,0.0,1000.0,0,-17,176,1324,-16,166,1250
1781645029.366868,1000.0,0.0,1000.0,0,-12,178,1339,-11,168,1265
1781645029.4129472,1000.0,0.0,1000.0,0,18,177,1362,17,167,1288
1781645029.466466,1000.0,0.0,1000.0,0,24,180,1373,22,171,1299
1781645029.51649,1000.0,0.0,1000.0,0,47,189,1383,45,179,1309
1781645029.5675552,1000.0,0.0,1000.0,0,60,192,1389,57,181,1315
1781645029.6211793,1000.0,0.0,1000.0,0,79,198,1397,75,188,1324
1781645029.670096,1000.0,0.0,1000.0,0,96,201,1406,91,191,1332
1781645029.7261968,1000.0,0.0,1000.0,0,91,201,1418,87,191,1344
1781645029.7719967,1000.0,0.0,1000.0,0,97,201,1420,92,191,1346
1781645029.8293188,1000.0,0.0,1000.0,0,99,208,1442,94,198,1368
1781645029.8740776,1000.0,0.0,1000.0,0,91,208,1442,86,198,1368
1781645029.9305768,1000.0,0.0,1000.0,0,88,205,1448,83,195,1374
1781645029.9762394,1000.0,0.0,1000.0,0,78,204,1450,74,193,1377
1781645030.0310857,1000.0,0.0,1000.0,0,72,205,1448,69,195,1374
1781645030.0764966,1000.0,0.0,1000.0,0,61,206,1455,58,196,1381
1781645030.131914,1000.0,0.0,1000.0,0,59,208,1455,56,198,1381
1781645030.1775434,1000.0,0.0,1000.0,0,48,207,1457,46,196,1383
1781645030.2344298,1000.0,0.0,1000.0,0,44,207,1461,42,197,1388
1781645030.2813373,1000.0,0.0,1000.0,0,23,211,1461,22,200,1388
1781645030.331932,1000.0,0.0,1000.0,0,10,214,1466,9,203,1392
1781645030.3843274,1000.0,0.0,1000.0,0,4,213,1473,4,202,1399
1781645030.4336882,1000.0,0.0,1000.0,0,-6,213,1475,-5,202,1401
1781645030.487909,1000.0,0.0,1000.0,0,-13,216,1484,-13,206,1410
1781645030.5376542,1000.0,0.0,1000.0,0,-23,220,1498,-22,209,1424
1781645030.5883803,1000.0,0.0,1000.0,0,-27,221,1486,-26,210,1413
1781645030.6385162,1000.0,0.0,1000.0,0,-27,217,1491,-26,207,1417
1781645030.6963136,1000.0,0.0,1000.0,0,-29,218,1479,-28,207,1406
1781645030.73904,1000.0,0.0,1000.0,0,-27,217,1475,-26,206,1401
1781645030.7955682,1000.0,0.0,1000.0,0,-25,216,1496,-24,205,1422
1781645030.8413067,1000.0,0.0,1000.0,0,-22,222,1534,-21,211,1460
1781645030.9001665,1000.0,0.0,1000.0,0,-12,220,1522,-11,209,1448
1781645030.9403658,1000.0,0.0,1000.0,0,2,220,1522,2,209,1448
1781645030.995986,1000.0,0.0,1000.0,0,20,210,1484,19,200,1410
1781645031.041743,1000.0,0.0,1000.0,0,39,199,1475,37,190,1401
1781645031.0963109,1000.0,0.0,1000.0,0,82,199,1489,78,190,1415
1781645031.1433716,1000.0,0.0,1000.0,0,35,193,1486,34,184,1413
1781645031.2004733,1000.0,0.0,1000.0,0,43,208,1493,41,198,1420
1781645031.242607,1000.0,0.0,1000.0,0,22,126,1503,21,120,1429
1781645031.308208,1000.0,0.0,1000.0,0,63,194,1450,60,184,1377
1781645031.3492157,1000.0,0.0,1000.0,0,69,174,1427,66,165,1353
1781645031.398182,1000.0,0.0,1000.0,0,69,168,1418,65,159,1344
1781645031.450095,1000.0,0.0,1000.0,0,81,161,1391,76,152,1317
1781645031.5018947,1000.0,0.0,1000.0,0,77,153,1389,73,145,1315
1781645031.554601,1000.0,0.0,1000.0,0,75,148,1362,71,140,1288
1781645031.601426,1000.0,0.0,1000.0,0,74,149,1370,70,141,1296
1781645031.653425,1000.0,0.0,1000.0,0,71,146,1343,67,138,1269
1781645031.704957,1000.0,0.0,1000.0,0,62,144,1341,58,136,1267
1781645031.7622144,1000.0,0.0,1000.0,0,55,140,1348,52,132,1274
1781645031.8070076,1000.0,0.0,1000.0,0,-242,147,1418,-229,139,1344
1781645031.8614388,1000.0,0.0,1000.0,0,56,123,1333,53,116,1259
1781645031.9080522,1000.0,0.0,1000.0,0,26,131,1328,25,123,1254
1781645031.9643426,1000.0,0.0,1000.0,0,28,128,1319,26,121,1244
1781645032.0110648,1000.0,0.0,1000.0,0,22,128,1268,21,121,1194
1781645032.0678074,1000.0,0.0,1000.0,0,18,122,1209,17,115,1134
1781645032.1139534,1000.0,0.0,1000.0,0,11,119,1195,10,112,1121
1781645032.1653743,1000.0,0.0,1000.0,0,12,127,1268,11,119,1194
1781645032.2181253,1000.0,0.0,1000.0,0,10,130,1290,10,123,1216
1781645032.2700527,1000.0,0.0,1000.0,0,10,128,1278,10,120,1204
1781645032.3221579,1000.0,0.0,1000.0,0,5,130,1271,5,123,1197
1781645032.3712664,1000.0,0.0,1000.0,0,5,128,1268,5,121,1194
1781645032.427095,1000.0,0.0,1000.0,0,5,128,1265,5,120,1190
1781645032.4722893,1000.0,0.0,1000.0,0,5,127,1255,5,119,1180
1781645032.5286856,1000.0,0.0,1000.0,0,3,109,1258,3,103,1184
1781645032.5738971,1000.0,0.0,1000.0,0,2,50,1277,2,47,1202
1781645032.6300476,1000.0,0.0,1000.0,0,5,34,1278,5,32,1204
1781645032.674728,1000.0,0.0,1000.0,0,5,-3,1290,5,-3,1216
1781645032.7317855,1000.0,0.0,1000.0,0,7,-13,1289,7,-13,1214
1781645032.7764635,1000.0,0.0,1000.0,0,2,-7,1290,2,-6,1216
1781645032.8317366,1000.0,0.0,1000.0,0,5,-15,1290,5,-14,1216
1781645032.8774145,1000.0,0.0,1000.0,0,-15,128,1268,-14,121,1194
1781645032.9322624,1000.0,0.0,1000.0,0,-5,119,1263,-5,112,1189
1781645032.9791675,1000.0,0.0,1000.0,0,114,119,1260,108,112,1185
1781645033.0314248,1000.0,0.0,1000.0,0,18,129,1255,17,121,1180
1781645033.0822198,1000.0,0.0,1000.0,0,13,127,1255,13,119,1180
1781645033.1325805,1000.0,0.0,1000.0,0,26,128,1253,25,121,1179
1781645033.1855402,1000.0,0.0,1000.0,0,18,127,1260,17,120,1185
1781645033.236398,1000.0,0.0,1000.0,0,23,122,1258,22,115,1184
1781645033.2874916,1000.0,0.0,1000.0,0,88,114,1260,83,107,1185
1781645033.3379657,1000.0,0.0,1000.0,0,45,129,1255,42,121,1180
1781645033.3926463,1000.0,0.0,1000.0,0,-5,130,1268,-5,122,1194
1781645033.4388235,1000.0,0.0,1000.0,0,20,125,1256,19,118,1182
1781645033.4960349,1000.0,0.0,1000.0,0,-126,128,1295,-118,120,1221
1781645033.5391665,1000.0,0.0,1000.0,0,17,122,1258,16,115,1184
1781645033.595722,1000.0,0.0,1000.0,0,8,124,1261,8,117,1187
1781645033.6410584,1000.0,0.0,1000.0,0,10,125,1268,10,118,1194
1781645033.697655,1000.0,0.0,1000.0,0,28,124,1261,27,117,1187
1781645033.7447994,1000.0,0.0,1000.0,0,68,122,1256,64,115,1182
1781645033.7999792,1000.0,0.0,1000.0,0,71,123,1261,67,115,1187
1781645033.846784,1000.0,0.0,1000.0,0,98,124,1263,92,117,1189
1781645033.8977244,1000.0,0.0,1000.0,0,98,123,1266,92,116,1192
1781645033.9487185,1000.0,0.0,1000.0,0,127,121,1266,119,114,1192
1781645033.999793,1000.0,0.0,1000.0,0,134,125,1270,126,118,1195
1781645034.051827,1000.0,0.0,1000.0,0,145,126,1266,136,119,1192
1781645034.1043673,1000.0,0.0,1000.0,0,134,119,1261,126,112,1187
1781645034.158712,1000.0,0.0,1000.0,0,126,119,1261,119,112,1187
1781645034.2040808,1000.0,0.0,1000.0,0,118,116,1245,111,109,1171
1781645034.2612407,1000.0,0.0,1000.0,0,87,115,1247,82,108,1172
1781645034.3040383,1000.0,0.0,1000.0,0,63,109,1226,59,103,1151
1781645034.3553395,1000.0,0.0,1000.0,0,45,106,1224,42,100,1150
1781645034.4085035,1000.0,0.0,1000.0,0,18,103,1224,17,97,1150
1781645034.4609864,1000.0,0.0,1000.0,0,7,102,1234,6,96,1159
1781645034.5049798,1000.0,0.0,1000.0,0,-13,101,1239,-12,95,1164
1781645034.561535,1000.0,0.0,1000.0,0,-18,101,1243,-17,95,1169
1781645034.6112595,1000.0,0.0,1000.0,0,-42,99,1240,-40,93,1166
1781645034.6552584,1000.0,0.0,1000.0,0,-52,96,1239,-49,90,1164
1781645034.7141242,1000.0,0.0,1000.0,0,-55,94,1239,-52,89,1164
1781645034.755542,1000.0,0.0,1000.0,0,-60,93,1239,-56,87,1164
1781645034.8251383,1000.0,0.0,1000.0,0,-55,90,1229,-51,85,1155
1781645034.8705635,1000.0,0.0,1000.0,0,-38,88,1221,-36,83,1147
1781645034.9261496,1000.0,0.0,1000.0,0,-38,88,1217,-36,82,1142
1781645034.9709573,1000.0,0.0,1000.0,0,-38,86,1215,-36,81,1140
1781645035.0283062,1000.0,0.0,1000.0,0,-36,86,1206,-34,80,1131
1781645035.07392,1000.0,0.0,1000.0,0,-39,84,1206,-37,79,1131
1781645035.1296597,1000.0,0.0,1000.0,0,-41,86,1192,-38,81,1118
1781645035.176659,1000.0,0.0,1000.0,0,-39,82,1185,-36,77,1110
1781645035.2332485,1000.0,0.0,1000.0,0,-35,79,1178,-33,74,1103
1781645035.2779872,1000.0,0.0,1000.0,0,-35,80,1176,-33,75,1102
1781645035.3228002,1000.0,0.0,1000.0,0,-38,80,1172,-36,75,1097
1781645035.3804355,1000.0,0.0,1000.0,0,-49,78,1166,-46,73,1091
1781645035.422723,1000.0,0.0,1000.0,0,-49,79,1163,-46,74,1089
1781645035.4802246,1000.0,0.0,1000.0,0,-36,80,1149,-34,75,1075
1781645035.5371995,1000.0,0.0,1000.0,0,-15,81,1141,-14,76,1066
1781645035.5876493,1000.0,0.0,1000.0,0,-6,81,1136,-5,75,1061
1781645035.6377702,1000.0,0.0,1000.0,0,18,77,1130,17,72,1056
1781645035.6951861,1000.0,0.0,1000.0,0,30,77,1128,28,72,1053
1781645035.737477,1000.0,0.0,1000.0,0,59,82,1120,55,77,1045
1781645035.791029,1000.0,0.0,1000.0,0,78,82,1117,73,77,1042
1781645035.8372993,1000.0,0.0,1000.0,0,109,78,1121,102,73,1046
1781645035.894555,1000.0,0.0,1000.0,0,110,76,1120,103,71,1045
1781645035.9408722,1000.0,0.0,1000.0,0,85,78,1120,80,73,1045
1781645035.988736,1000.0,0.0,1000.0,0,80,78,1121,74,73,1046
1781645036.0414686,1000.0,0.0,1000.0,0,85,79,1120,80,74,1045
1781645036.0970888,1000.0,0.0,1000.0,0,80,77,1121,74,71,1046
1781645036.1393588,1000.0,0.0,1000.0,0,119,76,1120,111,71,1045
1781645036.200156,1000.0,0.0,1000.0,0,112,79,1120,104,74,1045
1781645036.2421684,1000.0,0.0,1000.0,0,118,82,1119,110,77,1044
1781645036.2971077,1000.0,0.0,1000.0,0,125,85,1119,117,80,1044
1781645036.3394299,1000.0,0.0,1000.0,0,118,85,1119,110,80,1044
1781645036.398462,1000.0,0.0,1000.0,0,116,84,1121,109,78,1046
1781645036.4542267,1000.0,0.0,1000.0,0,102,81,1123,95,76,1048
1781645036.4997668,1000.0,0.0,1000.0,0,90,83,1125,84,77,1050
1781645036.55387,1000.0,0.0,1000.0,0,85,82,1129,79,76,1054
1781645036.6041222,1000.0,0.0,1000.0,0,71,83,1130,67,78,1056
1781645036.6587996,1000.0,0.0,1000.0,0,61,83,1133,57,78,1058
1781645036.704287,1000.0,0.0,1000.0,0,62,83,1130,58,78,1056
1781645036.7584746,1000.0,0.0,1000.0,0,64,83,1133,60,78,1058
1781645036.8056238,1000.0,0.0,1000.0,0,54,82,1137,50,77,1062
1781645036.8616984,1000.0,0.0,1000.0,0,50,84,1140,46,78,1065
1781645036.9056275,1000.0,0.0,1000.0,0,54,83,1143,51,77,1068
1781645036.961383,1000.0,0.0,1000.0,0,56,82,1140,52,77,1065
1781645037.005953,1000.0,0.0,1000.0,0,51,82,1141,48,77,1066
1781645037.0553937,1000.0,0.0,1000.0,0,45,81,1145,42,76,1071
1781645037.111317,1000.0,0.0,1000.0,0,38,83,1145,35,77,1071
1781645037.1554153,1000.0,0.0,1000.0,0,41,83,1143,38,77,1068
1781645037.2099254,1000.0,0.0,1000.0,0,44,81,1145,41,76,1071
1781645037.2557023,1000.0,0.0,1000.0,0,40,81,1139,38,75,1064
1781645037.3115869,1000.0,0.0,1000.0,0,36,82,1141,34,77,1066
1781645037.3553965,1000.0,0.0,1000.0,0,32,81,1139,29,75,1064
1781645037.4144306,1000.0,0.0,1000.0,0,33,82,1136,31,77,1061
1781645037.469837,1000.0,0.0,1000.0,0,30,82,1135,28,77,1060
1781645037.5211456,1000.0,0.0,1000.0,0,31,82,1130,29,76,1056
1781645037.5705035,1000.0,0.0,1000.0,0,37,80,1130,35,75,1056
1781645037.6220396,1000.0,0.0,1000.0,0,46,80,1129,43,75,1054
1781645037.6702988,1000.0,0.0,1000.0,0,67,80,1129,62,75,1054
1781645037.728988,1000.0,0.0,1000.0,0,76,80,1127,71,75,1052
1781645037.7729738,1000.0,0.0,1000.0,0,79,80,1127,73,75,1052
1781645037.8303177,1000.0,0.0,1000.0,0,80,77,1128,75,72,1053
1781645037.8739684,1000.0,0.0,1000.0,0,79,77,1128,73,72,1053
1781645037.9219701,1000.0,0.0,1000.0,0,79,77,1128,73,72,1053
1781645037.977519,1000.0,0.0,1000.0,0,80,77,1129,75,72,1054
1781645038.0220778,1000.0,0.0,1000.0,0,85,80,1129,79,75,1054
1781645038.0788965,1000.0,0.0,1000.0,0,97,80,1130,90,75,1056
1781645038.122349,1000.0,0.0,1000.0,0,104,80,1132,97,75,1057
1781645038.1830127,1000.0,0.0,1000.0,0,130,82,1135,121,77,1060
1781645038.2223668,1000.0,0.0,1000.0,0,146,84,1136,137,78,1061
1781645038.2845464,1000.0,0.0,1000.0,0,158,83,1135,148,78,1060
1781645038.3372402,1000.0,0.0,1000.0,0,184,90,1137,172,84,1062
1781645038.392131,1000.0,0.0,1000.0,0,208,91,1140,194,85,1065
1781645038.4371843,1000.0,0.0,1000.0,0,239,87,1147,224,82,1072
1781645038.494818,1000.0,0.0,1000.0,0,257,87,1166,241,82,1091
1781645038.5385811,1000.0,0.0,1000.0,0,295,91,1171,276,85,1096
1781645038.5947196,1000.0,0.0,1000.0,0,311,91,1173,291,85,1099
1781645038.638634,1000.0,0.0,1000.0,0,340,90,1188,319,85,1113
1781645038.6971078,1000.0,0.0,1000.0,0,347,91,1181,325,86,1106
1781645038.7388856,1000.0,0.0,1000.0,0,365,96,1184,342,90,1109
1781645038.7989285,1000.0,0.0,1000.0,0,366,94,1168,343,88,1093
1781645038.8387263,1000.0,0.0,1000.0,0,373,93,1158,348,87,1083
1781645038.8995733,1000.0,0.0,1000.0,0,373,95,1151,349,89,1076
1781645038.938827,1000.0,0.0,1000.0,0,375,96,1156,351,89,1082
1781645038.9989803,1000.0,0.0,1000.0,0,372,94,1156,348,88,1082
1781645039.0391414,1000.0,0.0,1000.0,0,370,96,1161,347,90,1086
1781645039.103873,1000.0,0.0,1000.0,0,368,95,1162,344,89,1087
1781645039.158356,1000.0,0.0,1000.0,0,366,95,1165,342,89,1090
1781645039.205175,1000.0,0.0,1000.0,0,361,95,1171,338,89,1096
1781645039.258335,1000.0,0.0,1000.0,0,366,99,1175,342,92,1100
1781645039.3051727,1000.0,0.0,1000.0,0,368,96,1176,344,90,1102
1781645039.3613777,1000.0,0.0,1000.0,0,369,98,1179,345,91,1104
1781645039.4051259,1000.0,0.0,1000.0,0,376,99,1179,352,93,1104
1781645039.4614122,1000.0,0.0,1000.0,0,381,98,1185,357,92,1110
1781645039.504954,1000.0,0.0,1000.0,0,388,99,1181,363,93,1106
1781645039.5635598,1000.0,0.0,1000.0,0,392,101,1184,367,95,1109
1781645039.6053772,1000.0,0.0,1000.0,0,410,98,1186,384,92,1112
1781645039.665306,1000.0,0.0,1000.0,0,430,100,1189,403,94,1115
1781645039.7055173,1000.0,0.0,1000.0,0,444,100,1195,416,94,1121
1781645039.7647173,1000.0,0.0,1000.0,0,451,100,1189,423,94,1115
1781645039.8059158,1000.0,0.0,1000.0,0,481,103,1204,451,96,1130
1781645039.8632274,1000.0,0.0,1000.0,0,492,103,1201,462,96,1127
1781645039.9055068,1000.0,0.0,1000.0,0,512,107,1210,480,100,1136
1781645039.9543703,1000.0,0.0,1000.0,0,520,105,1215,488,99,1140
1781645040.0182278,1000.0,0.0,1000.0,0,525,107,1210,492,100,1136
1781645040.070002,1000.0,0.0,1000.0,0,534,105,1215,502,99,1140
1781645040.1213906,1000.0,0.0,1000.0,0,536,105,1210,503,98,1136
1781645040.1719708,1000.0,0.0,1000.0,0,536,104,1200,502,98,1125
1781645040.2293499,1000.0,0.0,1000.0,0,542,101,1206,508,95,1131
1781645040.2735484,1000.0,0.0,1000.0,0,546,104,1203,513,98,1128
1781645040.331528,1000.0,0.0,1000.0,0,544,102,1194,510,96,1119
1781645040.3779,1000.0,0.0,1000.0,0,544,103,1194,510,97,1119
1781645040.4320095,1000.0,0.0,1000.0,0,544,103,1191,510,97,1116
1781645040.479828,1000.0,0.0,1000.0,0,547,102,1197,513,96,1122
1781645040.5333557,1000.0,0.0,1000.0,0,546,102,1194,511,96,1119
1781645040.5804994,1000.0,0.0,1000.0,0,552,105,1207,518,98,1133
1781645040.6347601,1000.0,0.0,1000.0,0,551,103,1206,517,97,1131
1781645040.688387,1000.0,0.0,1000.0,0,552,103,1207,518,97,1133
1781645040.7381775,1000.0,0.0,1000.0,0,554,100,1212,520,94,1137
1781645040.7927241,1000.0,0.0,1000.0,0,552,102,1212,518,96,1137
1781645040.838503,1000.0,0.0,1000.0,0,554,102,1215,520,96,1140
1781645040.8941817,1000.0,0.0,1000.0,0,553,102,1213,519,96,1139
1781645040.939898,1000.0,0.0,1000.0,0,553,102,1213,519,96,1139
1781645040.995757,1000.0,0.0,1000.0,0,554,102,1215,520,96,1140
1781645041.0405807,1000.0,0.0,1000.0,0,553,99,1210,519,92,1136
1781645041.097488,1000.0,0.0,1000.0,0,550,100,1203,516,93,1128
1781645041.1421597,1000.0,0.0,1000.0,0,553,98,1204,519,92,1130
1781645041.1979778,1000.0,0.0,1000.0,0,556,100,1207,522,94,1133
1781645041.242718,1000.0,0.0,1000.0,0,553,97,1186,518,91,1112
1781645041.2980134,1000.0,0.0,1000.0,0,553,100,1186,518,93,1112
1781645041.3436742,1000.0,0.0,1000.0,0,562,95,1186,527,89,1112
1781645041.4003305,1000.0,0.0,1000.0,0,568,96,1192,533,90,1118
1781645041.4449081,1000.0,0.0,1000.0,0,573,96,1192,537,90,1118
1781645041.5012126,1000.0,0.0,1000.0,0,567,95,1186,531,89,1112
1781645041.54573,1000.0,0.0,1000.0,0,573,94,1189,537,88,1115
1781645041.5991483,1000.0,0.0,1000.0,0,574,97,1188,538,91,1113
1781645041.649263,1000.0,0.0,1000.0,0,571,96,1185,535,90,1110
1781645041.7000968,1000.0,0.0,1000.0,0,570,97,1186,534,91,1112
1781645041.750293,1000.0,0.0,1000.0,0,571,95,1188,535,89,1113
1781645041.8024628,1000.0,0.0,1000.0,0,572,100,1188,536,94,1113
1781645041.8544924,1000.0,0.0,1000.0,0,578,99,1194,542,93,1119
1781645041.9042463,1000.0,0.0,1000.0,0,578,99,1194,542,93,1119
1781645041.9584057,1000.0,0.0,1000.0,0,582,100,1204,546,93,1130
1781645042.0073652,1000.0,0.0,1000.0,0,595,106,1201,558,99,1127
1781645042.061485,1000.0,0.0,1000.0,0,594,106,1206,557,100,1131
1781645042.1071398,1000.0,0.0,1000.0,0,602,104,1203,564,98,1128
1781645042.1616542,1000.0,0.0,1000.0,0,602,106,1204,565,99,1130
1781645042.2047873,1000.0,0.0,1000.0,0,602,106,1200,564,99,1125
1781645042.2626247,1000.0,0.0,1000.0,0,605,106,1209,567,100,1134
1781645042.307559,1000.0,0.0,1000.0,0,596,106,1200,558,99,1125
1781645042.3643274,1000.0,0.0,1000.0,0,601,106,1207,564,100,1133
1781645042.4047186,1000.0,0.0,1000.0,0,604,105,1213,567,99,1139
1781645042.4658973,1000.0,0.0,1000.0,0,602,107,1217,565,100,1142
1781645042.505074,1000.0,0.0,1000.0,0,605,101,1217,568,94,1142
1781645042.5645754,1000.0,0.0,1000.0,0,606,102,1218,569,96,1144
1781645042.6050742,1000.0,0.0,1000.0,0,609,101,1224,572,95,1150
1781645042.6656713,1000.0,0.0,1000.0,0,604,105,1227,568,98,1153
1781645042.705092,1000.0,0.0,1000.0,0,600,102,1227,563,95,1153
1781645042.7670228,1000.0,0.0,1000.0,0,596,103,1223,559,97,1148
1781645042.8194926,1000.0,0.0,1000.0,0,602,101,1226,565,95,1151
1781645042.8694468,1000.0,0.0,1000.0,0,594,101,1223,558,95,1148
1781645042.9208307,1000.0,0.0,1000.0,0,592,101,1226,556,95,1151
1781645042.9694648,1000.0,0.0,1000.0,0,596,100,1226,559,94,1151
1781645043.0220177,1000.0,0.0,1000.0,0,601,102,1218,565,96,1144
1781645043.0709143,1000.0,0.0,1000.0,0,605,103,1220,568,96,1145
1781645043.1277483,1000.0,0.0,1000.0,0,605,102,1218,568,96,1144
1781645043.1713078,1000.0,0.0,1000.0,0,604,104,1220,567,98,1145
1781645043.2307985,1000.0,0.0,1000.0,0,609,102,1217,571,96,1142
1781645043.2715285,1000.0,0.0,1000.0,0,616,102,1209,578,95,1134
1781645043.3332434,1000.0,0.0,1000.0,0,618,103,1204,580,96,1130
1781645043.3718581,1000.0,0.0,1000.0,0,617,100,1192,578,94,1118
1781645043.430514,1000.0,0.0,1000.0,0,618,100,1191,579,94,1116
1781645043.47154,1000.0,0.0,1000.0,0,622,100,1192,583,94,1118
1781645043.5318995,1000.0,0.0,1000.0,0,629,101,1201,590,95,1127
1781645043.5850646,1000.0,0.0,1000.0,0,629,99,1194,589,93,1119
1781645043.6361032,1000.0,0.0,1000.0,0,638,100,1206,599,94,1131
1781645043.6862178,1000.0,0.0,1000.0,0,640,103,1210,601,97,1136
1781645043.7367864,1000.0,0.0,1000.0,0,648,102,1215,608,96,1140
1781645043.7862492,1000.0,0.0,1000.0,0,654,104,1221,614,98,1147
1781645043.837757,1000.0,0.0,1000.0,0,651,103,1221,611,96,1147
1781645043.8947043,1000.0,0.0,1000.0,0,652,103,1223,612,97,1148
1781645043.9378357,1000.0,0.0,1000.0,0,651,104,1218,611,98,1144
1781645043.994689,1000.0,0.0,1000.0,0,652,103,1223,612,97,1148
1781645044.0380714,1000.0,0.0,1000.0,0,656,101,1218,616,95,1144
1781645044.0957065,1000.0,0.0,1000.0,0,658,100,1223,618,93,1148
1781645044.1379879,1000.0,0.0,1000.0,0,657,98,1221,617,92,1147
1781645044.196978,1000.0,0.0,1000.0,0,661,100,1227,621,94,1153
1781645044.238386,1000.0,0.0,1000.0,0,655,100,1229,615,94,1155
1781645044.2993426,1000.0,0.0,1000.0,0,655,100,1229,615,94,1155
1781645044.3381546,1000.0,0.0,1000.0,0,650,97,1227,610,91,1153
1781645044.4003055,1000.0,0.0,1000.0,0,650,97,1229,611,91,1155
1781645044.437883,1000.0,0.0,1000.0,0,645,95,1226,606,89,1151
1781645044.4978375,1000.0,0.0,1000.0,0,645,93,1226,606,88,1151
1781645044.554147,1000.0,0.0,1000.0,0,642,92,1229,603,86,1155
1781645044.6029077,1000.0,0.0,1000.0,0,637,96,1224,598,91,1150
1781645044.652638,1000.0,0.0,1000.0,0,636,97,1226,597,91,1151
1781645044.7045834,1000.0,0.0,1000.0,0,636,95,1223,597,89,1148
1781645044.7584357,1000.0,0.0,1000.0,0,633,95,1220,594,89,1145
1781645044.8029034,1000.0,0.0,1000.0,0,634,95,1223,596,89,1148
1781645044.8584933,1000.0,0.0,1000.0,0,632,94,1218,593,89,1144
1781645044.904225,1000.0,0.0,1000.0,0,628,92,1210,589,87,1136
1781645044.9604688,1000.0,0.0,1000.0,0,628,92,1210,589,87,1136
1781645045.0051913,1000.0,0.0,1000.0,0,630,92,1206,591,86,1131
1781645045.0618699,1000.0,0.0,1000.0,0,627,90,1197,588,84,1122
1781645045.1065876,1000.0,0.0,1000.0,0,638,92,1203,598,86,1128
1781645045.1625743,1000.0,0.0,1000.0,0,631,90,1184,591,84,1109
1781645045.2042532,1000.0,0.0,1000.0,0,643,84,1184,603,79,1109
1781645045.265002,1000.0,0.0,1000.0,0,643,81,1181,603,76,1106
1781645045.3085961,1000.0,0.0,1000.0,0,652,82,1185,611,77,1110
1781645045.360728,1000.0,0.0,1000.0,0,649,84,1179,608,78,1104
1781645045.404695,1000.0,0.0,1000.0,0,652,88,1176,610,82,1102
1781645045.4651544,1000.0,0.0,1000.0,0,655,87,1182,614,81,1107
1781645045.5545487,1000.0,0.0,1000.0,0,657,88,1182,615,83,1107
1781645045.7199516,1000.0,0.0,1000.0,0,665,90,1186,623,85,1112
1781645045.7705986,1000.0,0.0,1000.0,0,668,92,1184,626,86,1109
1781645045.8248296,1000.0,0.0,1000.0,0,666,90,1188,624,85,1113
1781645045.8707826,1000.0,0.0,1000.0,0,676,93,1200,634,87,1125
1781645045.9282985,1000.0,0.0,1000.0,0,677,91,1198,634,86,1124
1781645045.9712157,1000.0,0.0,1000.0,0,679,95,1206,637,89,1131
1781645046.0283532,1000.0,0.0,1000.0,0,677,91,1210,635,85,1136
1781645046.074032,1000.0,0.0,1000.0,0,675,91,1215,633,85,1140
1781645046.1294453,1000.0,0.0,1000.0,0,677,89,1213,636,84,1139
1781645046.1713605,1000.0,0.0,1000.0,0,680,90,1218,638,84,1144
1781645046.2298312,1000.0,0.0,1000.0,0,677,90,1220,636,84,1145
1781645046.2711942,1000.0,0.0,1000.0,0,680,89,1227,639,83,1153
1781645046.376873,1000.0,0.0,1000.0,0,680,90,1224,639,85,1150
1781645046.431617,1000.0,0.0,1000.0,0,681,90,1226,639,85,1151
1781645046.5211744,1000.0,0.0,1000.0,0,679,90,1223,638,84,1148
1781645046.5836244,1000.0,0.0,1000.0,0,681,88,1220,639,83,1145
1781645046.6364563,1000.0,0.0,1000.0,0,677,89,1213,636,84,1139
1781645046.6861792,1000.0,0.0,1000.0,0,676,86,1212,635,81,1137
1781645046.7367156,1000.0,0.0,1000.0,0,675,87,1210,634,82,1136
1781645046.884316,1000.0,0.0,1000.0,0,675,87,1210,634,82,1136
1781645047.090893,1000.0,0.0,1000.0,0,671,90,1209,630,85,1134
1781645047.1406796,1000.0,0.0,1000.0,0,676,89,1212,635,84,1137
1781645047.196999,1000.0,0.0,1000.0,0,672,94,1210,631,88,1136
1781645047.23784,1000.0,0.0,1000.0,0,677,93,1220,636,87,1145
1781645047.2988846,1000.0,0.0,1000.0,0,678,96,1221,637,90,1147
1781645047.337577,1000.0,0.0,1000.0,0,677,93,1220,636,87,1145
1781645047.3986502,1000.0,0.0,1000.0,0,679,96,1223,638,90,1148
1781645047.4377615,1000.0,0.0,1000.0,0,676,98,1220,634,92,1145
1781645047.4967914,1000.0,0.0,1000.0,0,676,95,1220,634,89,1145
1781645047.5376818,1000.0,0.0,1000.0,0,674,94,1217,633,88,1142
1781645047.598562,1000.0,0.0,1000.0,0,676,95,1220,634,89,1145
1781645047.652392,1000.0,0.0,1000.0,0,675,94,1218,634,89,1144
1781645047.7025266,1000.0,0.0,1000.0,0,672,89,1213,631,84,1139
1781645047.7522187,1000.0,0.0,1000.0,0,676,90,1220,634,84,1145
1781645047.8043118,1000.0,0.0,1000.0,0,672,90,1221,631,84,1147
1781645047.8607657,1000.0,0.0,1000.0,0,669,98,1220,628,92,1145
1781645047.9043248,1000.0,0.0,1000.0,0,660,96,1223,620,90,1148
1781645047.9612951,1000.0,0.0,1000.0,0,662,98,1229,622,92,1155
1781645048.003846,1000.0,0.0,1000.0,0,650,93,1226,611,88,1151
1781645048.0640242,1000.0,0.0,1000.0,0,650,95,1229,611,89,1155
1781645048.1114995,1000.0,0.0,1000.0,0,648,95,1231,609,90,1156
1781645048.1656656,1000.0,0.0,1000.0,0,648,96,1237,609,90,1162
1781645048.2109668,1000.0,0.0,1000.0,0,644,98,1229,605,92,1155
1781645048.266992,1000.0,0.0,1000.0,0,645,97,1226,606,91,1151
1781645048.3131256,1000.0,0.0,1000.0,0,644,98,1220,604,92,1145
1781645048.364872,1000.0,0.0,1000.0,0,643,98,1218,604,92,1144
1781645048.4157705,1000.0,0.0,1000.0,0,640,99,1210,601,92,1136
1781645048.4665422,1000.0,0.0,1000.0,0,643,98,1209,603,92,1134
1781645048.5175898,1000.0,0.0,1000.0,0,644,98,1209,605,92,1134
1781645048.5694344,1000.0,0.0,1000.0,0,648,99,1213,609,93,1139
1781645048.6215696,1000.0,0.0,1000.0,0,652,99,1213,612,93,1139
1781645048.6707041,1000.0,0.0,1000.0,0,653,96,1213,613,90,1139
1781645048.725724,1000.0,0.0,1000.0,0,656,97,1215,615,91,1140
1781645048.772419,1000.0,0.0,1000.0,0,652,96,1212,612,90,1137
1781645048.828386,1000.0,0.0,1000.0,0,657,101,1217,616,94,1142
1781645048.8727481,1000.0,0.0,1000.0,0,659,94,1215,618,88,1140
1781645048.928975,1000.0,0.0,1000.0,0,661,95,1220,621,89,1145
1781645048.9754918,1000.0,0.0,1000.0,0,659,94,1215,618,88,1140
1781645049.0314515,1000.0,0.0,1000.0,0,659,94,1215,618,88,1140
1781645049.076572,1000.0,0.0,1000.0,0,660,96,1217,619,90,1142
1781645049.131949,1000.0,0.0,1000.0,0,661,97,1217,621,91,1142
1781645049.175909,1000.0,0.0,1000.0,0,661,98,1218,620,92,1144
1781645049.2326264,1000.0,0.0,1000.0,0,661,96,1217,621,90,1142
1781645049.279061,1000.0,0.0,1000.0,0,662,98,1218,622,92,1144
1781645049.3332455,1000.0,0.0,1000.0,0,660,96,1215,620,90,1140
1781645049.3816884,1000.0,0.0,1000.0,0,663,96,1220,622,90,1145
1781645049.434369,1000.0,0.0,1000.0,0,665,98,1220,624,92,1145
1781645049.4880176,1000.0,0.0,1000.0,0,665,98,1220,624,92,1145
1781645049.5373757,1000.0,0.0,1000.0,0,662,97,1215,621,91,1140
1781645049.587834,1000.0,0.0,1000.0,0,665,98,1218,625,92,1144
1781645049.6363778,1000.0,0.0,1000.0,0,667,98,1218,626,92,1144
1781645049.6926105,1000.0,0.0,1000.0,0,668,98,1220,627,92,1145
1781645049.736814,1000.0,0.0,1000.0,0,669,101,1220,628,95,1145
1781645049.7912169,1000.0,0.0,1000.0,0,668,97,1217,627,91,1142
1781645049.836225,1000.0,0.0,1000.0,0,668,96,1217,627,90,1142
1781645049.8880494,1000.0,0.0,1000.0,0,669,101,1217,628,94,1142
1781645049.9374306,1000.0,0.0,1000.0,0,670,101,1221,629,95,1147
1781645049.992929,1000.0,0.0,1000.0,0,668,104,1223,627,98,1148
1781645050.041373,1000.0,0.0,1000.0,0,664,103,1224,624,97,1150
1781645050.0906453,1000.0,0.0,1000.0,0,662,103,1227,622,97,1153
1781645050.1388583,1000.0,0.0,1000.0,0,659,105,1235,619,99,1161
1781645050.1949685,1000.0,0.0,1000.0,0,656,107,1240,617,101,1166
1781645050.2392402,1000.0,0.0,1000.0,0,647,111,1239,608,104,1164
1781645050.294801,1000.0,0.0,1000.0,0,643,113,1250,605,107,1175
1781645050.339932,1000.0,0.0,1000.0,0,639,116,1265,602,109,1190
1781645050.3955684,1000.0,0.0,1000.0,0,633,117,1275,596,110,1200
1781645050.4409993,1000.0,0.0,1000.0,0,616,116,1285,580,110,1211
1781645050.4972923,1000.0,0.0,1000.0,0,609,120,1289,574,113,1214
1781645050.541949,1000.0,0.0,1000.0,0,601,119,1290,567,112,1216
1781645050.5971594,1000.0,0.0,1000.0,0,596,118,1289,561,112,1214
1781645050.642682,1000.0,0.0,1000.0,0,583,118,1283,549,111,1209
1781645050.6965437,1000.0,0.0,1000.0,0,577,118,1285,544,111,1211
1781645050.7437737,1000.0,0.0,1000.0,0,567,114,1282,534,108,1207
1781645050.7996206,1000.0,0.0,1000.0,0,561,117,1275,528,110,1200
1781645050.8447776,1000.0,0.0,1000.0,0,555,116,1266,523,110,1192
1781645050.9002533,1000.0,0.0,1000.0,0,551,115,1256,518,109,1182
1781645050.9460905,1000.0,0.0,1000.0,0,546,115,1248,513,108,1174
1781645050.9994643,1000.0,0.0,1000.0,0,544,118,1245,512,111,1171
1781645051.0496192,1000.0,0.0,1000.0,0,543,116,1242,510,109,1167
1781645051.1010897,1000.0,0.0,1000.0,0,543,117,1239,511,110,1164
1781645051.1508777,1000.0,0.0,1000.0,0,542,118,1232,509,111,1158
1781645051.2016947,1000.0,0.0,1000.0,0,546,120,1239,514,113,1164
1781645051.2507348,1000.0,0.0,1000.0,0,546,118,1231,513,111,1156
1781645051.3024743,1000.0,0.0,1000.0,0,546,118,1231,513,111,1156
1781645051.3519208,1000.0,0.0,1000.0,0,549,121,1231,516,114,1156
1781645051.403422,1000.0,0.0,1000.0,0,552,118,1234,519,111,1159
1781645051.459574,1000.0,0.0,1000.0,0,552,118,1234,519,111,1159
1781645051.5052495,1000.0,0.0,1000.0,0,556,120,1239,523,113,1164
1781645051.5617206,1000.0,0.0,1000.0,0,555,120,1235,521,113,1161
1781645051.6060355,1000.0,0.0,1000.0,0,563,119,1240,530,112,1166
1781645051.6621614,1000.0,0.0,1000.0,0,563,120,1239,529,113,1164
1781645051.7076542,1000.0,0.0,1000.0,0,567,123,1245,533,115,1171
1781645051.763918,1000.0,0.0,1000.0,0,568,124,1247,534,117,1172
1781645051.8089755,1000.0,0.0,1000.0,0,569,121,1245,535,114,1171
1781645051.8659456,1000.0,0.0,1000.0,0,569,121,1245,535,114,1171
1781645051.912505,1000.0,0.0,1000.0,0,571,121,1245,536,114,1171
1781645051.9673142,1000.0,0.0,1000.0,0,570,121,1243,536,114,1169
1781645052.0125809,1000.0,0.0,1000.0,0,574,118,1248,539,111,1174
1781645052.066138,1000.0,0.0,1000.0,0,571,123,1247,537,115,1172
1781645052.1141725,1000.0,0.0,1000.0,0,571,118,1247,537,111,1172
1781645052.1659043,1000.0,0.0,1000.0,0,570,118,1248,536,111,1174
1781645052.216918,1000.0,0.0,1000.0,0,570,119,1243,536,112,1169
1781645052.2685645,1000.0,0.0,1000.0,0,579,118,1247,545,111,1172
1781645052.317169,1000.0,0.0,1000.0,0,580,121,1243,545,114,1169
1781645052.3695815,1000.0,0.0,1000.0,0,580,122,1240,545,115,1166
1781645052.4263775,1000.0,0.0,1000.0,0,584,119,1239,549,112,1164
1781645052.4724777,1000.0,0.0,1000.0,0,593,116,1247,557,109,1172
1781645052.5291069,1000.0,0.0,1000.0,0,593,118,1245,558,111,1171
1781645052.5741696,1000.0,0.0,1000.0,0,598,116,1245,563,109,1171
1781645052.6291084,1000.0,0.0,1000.0,0,598,116,1242,563,109,1167
1781645052.673798,1000.0,0.0,1000.0,0,595,117,1235,559,110,1161
1781645052.7293541,1000.0,0.0,1000.0,0,598,119,1242,563,112,1167
1781645052.7726405,1000.0,0.0,1000.0,0,598,117,1240,562,110,1166
1781645052.8293612,1000.0,0.0,1000.0,0,600,116,1245,564,109,1171
1781645052.8759086,1000.0,0.0,1000.0,0,606,113,1247,569,106,1172
1781645052.931575,1000.0,0.0,1000.0,0,614,112,1260,577,106,1185
1781645052.9756787,1000.0,0.0,1000.0,0,611,111,1261,575,104,1187
1781645053.0318277,1000.0,0.0,1000.0,0,614,116,1265,578,109,1190
1781645053.0777907,1000.0,0.0,1000.0,0,613,116,1261,577,109,1187
1781645053.1334383,1000.0,0.0,1000.0,0,614,113,1263,577,106,1189
1781645053.1801147,1000.0,0.0,1000.0,0,612,113,1263,576,106,1189
1781645053.232049,1000.0,0.0,1000.0,0,611,114,1261,575,108,1187
1781645053.2818959,1000.0,0.0,1000.0,0,607,112,1256,571,106,1182
1781645053.3331983,1000.0,0.0,1000.0,0,601,113,1247,565,106,1172
1781645053.383991,1000.0,0.0,1000.0,0,603,113,1245,567,106,1171
1781645053.4354682,1000.0,0.0,1000.0,0,605,111,1248,569,105,1174
1781645053.4873157,1000.0,0.0,1000.0,0,602,109,1242,566,103,1167
1781645053.5366907,1000.0,0.0,1000.0,0,601,113,1243,565,106,1169
1781645053.5922818,1000.0,0.0,1000.0,0,603,109,1242,567,103,1167
1781645053.6366897,1000.0,0.0,1000.0,0,601,112,1240,565,106,1166
1781645053.6891508,1000.0,0.0,1000.0,0,598,112,1240,562,106,1166
1781645053.7380176,1000.0,0.0,1000.0,0,599,111,1240,563,104,1166
1781645053.7955334,1000.0,0.0,1000.0,0,602,113,1243,566,106,1169
1781645053.8412418,1000.0,0.0,1000.0,0,599,109,1240,563,103,1166
1781645053.8974402,1000.0,0.0,1000.0,0,598,112,1240,562,106,1166
1781645053.9433932,1000.0,0.0,1000.0,0,598,111,1239,562,104,1164
1781645053.9985392,1000.0,0.0,1000.0,0,598,112,1237,562,105,1162
1781645054.0446146,1000.0,0.0,1000.0,0,597,110,1235,561,104,1161
1781645054.100443,1000.0,0.0,1000.0,0,598,109,1239,562,102,1164
1781645054.1382587,1000.0,0.0,1000.0,0,598,112,1240,562,106,1166
1781645054.1924696,1000.0,0.0,1000.0,0,597,112,1239,561,105,1164
1781645054.2366478,1000.0,0.0,1000.0,0,599,114,1240,563,107,1166
1781645054.2986014,1000.0,0.0,1000.0,0,594,115,1237,559,108,1162
1781645054.3497245,1000.0,0.0,1000.0,0,595,115,1239,559,109,1164
1781645054.4030242,1000.0,0.0,1000.0,0,592,114,1245,556,108,1171
1781645054.453251,1000.0,0.0,1000.0,0,590,115,1239,555,109,1164
1781645054.5025992,1000.0,0.0,1000.0,0,580,118,1245,546,111,1171
1781645054.5533028,1000.0,0.0,1000.0,0,581,121,1247,546,114,1172
1781645054.6028688,1000.0,0.0,1000.0,0,576,121,1247,542,114,1172
1781645054.6585336,1000.0,0.0,1000.0,0,570,121,1248,536,114,1174
1781645054.7029676,1000.0,0.0,1000.0,0,560,126,1261,527,118,1187
1781645054.7608373,1000.0,0.0,1000.0,0,551,128,1265,519,120,1190
1781645054.8036315,1000.0,0.0,1000.0,0,537,135,1270,505,127,1195
1781645054.8618355,1000.0,0.0,1000.0,0,521,140,1271,490,132,1197
1781645054.9035,1000.0,0.0,1000.0,0,484,138,1283,456,130,1209
1781645054.9638724,1000.0,0.0,1000.0,0,454,142,1290,428,134,1216
1781645055.003166,1000.0,0.0,1000.0,0,410,144,1317,387,135,1243
1781645055.0654492,1000.0,0.0,1000.0,0,387,149,1350,365,141,1276
1781645055.1035063,1000.0,0.0,1000.0,0,557,240,2154,560,241,2163
1781645055.1656675,1000.0,0.0,1000.0,0,508,232,2102,513,234,2121
1781645055.2034082,1000.0,0.0,1000.0,0,318,151,1383,301,143,1309
1781645055.264085,1000.0,0.0,1000.0,0,299,149,1346,282,140,1272
1781645055.3158498,1000.0,0.0,1000.0,0,295,153,1328,278,145,1254
1781645055.3682933,1000.0,0.0,1000.0,0,289,153,1326,273,145,1252
1781645055.4199207,1000.0,0.0,1000.0,0,284,154,1319,268,145,1244
1781645055.4692082,1000.0,0.0,1000.0,0,280,155,1315,264,147,1241
1781645055.5251193,1000.0,0.0,1000.0,0,281,153,1311,265,145,1237
1781645055.569746,1000.0,0.0,1000.0,0,278,156,1317,263,147,1243
1781645055.628254,1000.0,0.0,1000.0,0,273,155,1315,258,147,1241
1781645055.6698346,1000.0,0.0,1000.0,0,272,156,1320,257,147,1246
1781645055.7275922,1000.0,0.0,1000.0,0,274,156,1319,258,147,1244
1781645055.7700684,1000.0,0.0,1000.0,0,264,160,1324,250,151,1250
1781645055.8271534,1000.0,0.0,1000.0,0,259,163,1324,245,154,1250
1781645055.8697157,1000.0,0.0,1000.0,0,243,164,1331,230,155,1257
1781645055.92861,1000.0,0.0,1000.0,0,237,167,1335,224,157,1261
1781645055.9695592,1000.0,0.0,1000.0,0,232,172,1348,219,162,1274
1781645056.0318816,1000.0,0.0,1000.0,0,223,174,1356,211,165,1282
1781645056.0758724,1000.0,0.0,1000.0,0,211,180,1373,200,171,1299
1781645056.130933,1000.0,0.0,1000.0,0,190,181,1375,180,171,1301
1781645056.1697366,1000.0,0.0,1000.0,0,148,183,1391,140,173,1317
1781645056.231391,1000.0,0.0,1000.0,0,128,183,1395,122,174,1322
1781645056.269995,1000.0,0.0,1000.0,0,94,183,1408,89,173,1334
1781645056.3330815,1000.0,0.0,1000.0,0,69,184,1412,65,174,1338
1781645056.3821585,1000.0,0.0,1000.0,0,37,181,1418,35,171,1344
1781645056.4348035,1000.0,0.0,1000.0,0,4,182,1427,4,172,1353
1781645056.4920435,1000.0,0.0,1000.0,0,-5,179,1420,-5,170,1346
1781645056.5361803,1000.0,0.0,1000.0,0,-18,177,1420,-18,168,1346
1781645056.5919096,1000.0,0.0,1000.0,0,-26,176,1412,-24,167,1338
1781645056.637466,1000.0,0.0,1000.0,0,-29,179,1406,-28,170,1332
1781645056.6933012,1000.0,0.0,1000.0,0,-27,178,1397,-26,169,1324
1781645056.7363067,1000.0,0.0,1000.0,0,-22,178,1395,-21,168,1322
1781645056.7960842,1000.0,0.0,1000.0,0,-20,174,1393,-19,165,1320
1781645056.8364582,1000.0,0.0,1000.0,0,-20,175,1391,-19,166,1317
1781645056.8962421,1000.0,0.0,1000.0,0,-20,173,1389,-19,164,1315
1781645056.936796,1000.0,0.0,1000.0,0,-20,173,1389,-19,164,1315
1781645056.9990091,1000.0,0.0,1000.0,0,-20,173,1383,-19,163,1309
1781645057.0364645,1000.0,0.0,1000.0,0,-23,170,1379,-22,161,1305
1781645057.0944967,1000.0,0.0,1000.0,0,-23,174,1381,-22,165,1307
1781645057.1367488,1000.0,0.0,1000.0,0,-29,172,1379,-27,163,1305
1781645057.1941257,1000.0,0.0,1000.0,0,-31,172,1381,-29,163,1307
1781645057.236191,1000.0,0.0,1000.0,0,-34,172,1379,-32,163,1305
1781645057.2956662,1000.0,0.0,1000.0,0,-36,170,1379,-34,161,1305
1781645057.3361812,1000.0,0.0,1000.0,0,-38,172,1377,-36,163,1303
1781645057.401291,1000.0,0.0,1000.0,0,-42,169,1381,-39,160,1307
1781645057.4520955,1000.0,0.0,1000.0,0,-41,171,1368,-39,161,1294
1781645057.5031674,1000.0,0.0,1000.0,0,-43,167,1370,-41,158,1296
1781645057.5586362,1000.0,0.0,1000.0,0,-43,167,1368,-41,158,1294
1781645057.6027036,1000.0,0.0,1000.0,0,-43,165,1364,-40,156,1290
1781645057.6593235,1000.0,0.0,1000.0,0,-43,164,1360,-40,155,1286
1781645057.7024207,1000.0,0.0,1000.0,0,-43,166,1360,-40,157,1286
1781645057.7596262,1000.0,0.0,1000.0,0,-42,165,1350,-40,156,1276
1781645057.802791,1000.0,0.0,1000.0,0,-43,162,1358,-40,153,1284
1781645057.8617644,1000.0,0.0,1000.0,0,-42,165,1350,-40,156,1276
1781645057.90301,1000.0,0.0,1000.0,0,-44,163,1346,-42,154,1272
1781645057.9638443,1000.0,0.0,1000.0,0,-44,163,1350,-42,154,1276
1781645058.0096476,1000.0,0.0,1000.0,0,-46,161,1345,-43,152,1270
1781645058.065456,1000.0,0.0,1000.0,0,-46,162,1343,-43,153,1269
1781645058.1126502,1000.0,0.0,1000.0,0,-44,162,1343,-41,153,1269
1781645058.1650434,1000.0,0.0,1000.0,0,-42,160,1341,-40,151,1267
1781645058.21431,1000.0,0.0,1000.0,0,-44,162,1341,-41,153,1267
1781645058.2686152,1000.0,0.0,1000.0,0,-44,164,1343,-41,155,1269
1781645058.3172262,1000.0,0.0,1000.0,0,-44,160,1341,-41,151,1267
1781645058.3699474,1000.0,0.0,1000.0,0,-42,162,1337,-40,153,1263
1781645058.4206684,1000.0,0.0,1000.0,0,-42,162,1337,-40,153,1263
1781645058.4713042,1000.0,0.0,1000.0,0,-40,160,1337,-38,151,1263
1781645058.526005,1000.0,0.0,1000.0,0,-42,158,1341,-40,150,1267
1781645058.5720792,1000.0,0.0,1000.0,0,-44,160,1341,-41,151,1267
1781645058.6281807,1000.0,0.0,1000.0,0,-44,160,1339,-41,151,1265
1781645058.6732147,1000.0,0.0,1000.0,0,-44,159,1343,-41,150,1269
1781645058.7297485,1000.0,0.0,1000.0,0,-44,157,1341,-41,148,1267
1781645058.7748804,1000.0,0.0,1000.0,0,-44,159,1343,-41,150,1269
1781645058.8314626,1000.0,0.0,1000.0,0,-46,157,1343,-43,148,1269
1781645058.8770614,1000.0,0.0,1000.0,0,-49,157,1341,-46,148,1267
1781645058.9317787,1000.0,0.0,1000.0,0,-49,154,1337,-46,146,1263
1781645058.9774315,1000.0,0.0,1000.0,0,-54,153,1339,-51,144,1265
1781645059.0343616,1000.0,0.0,1000.0,0,-54,153,1339,-51,144,1265
1781645059.079665,1000.0,0.0,1000.0,0,-52,149,1337,-50,141,1263
1781645059.1332755,1000.0,0.0,1000.0,0,-47,146,1337,-45,138,1263
1781645059.1822205,1000.0,0.0,1000.0,0,-40,144,1333,-38,136,1259
1781645059.2332141,1000.0,0.0,1000.0,0,-24,137,1337,-23,129,1263
1781645059.2852182,1000.0,0.0,1000.0,0,-17,137,1333,-16,129,1259
1781645059.3359425,1000.0,0.0,1000.0,0,7,129,1331,7,122,1257
1781645059.3920262,1000.0,0.0,1000.0,0,25,124,1328,23,117,1254
1781645059.4372962,1000.0,0.0,1000.0,0,58,115,1330,55,109,1255
1781645059.4978259,1000.0,0.0,1000.0,0,75,103,1328,71,97,1254
1781645059.5388196,1000.0,0.0,1000.0,0,107,95,1335,101,89,1261
1781645059.5928023,1000.0,0.0,1000.0,0,95,86,1313,90,81,1239
1781645059.6405993,1000.0,0.0,1000.0,0,112,67,1315,106,64,1241
1781645059.69587,1000.0,0.0,1000.0,0,105,57,1283,99,54,1209
1781645059.7429237,1000.0,0.0,1000.0,0,99,43,1271,93,41,1197
1781645059.7977834,1000.0,0.0,1000.0,0,94,39,1229,88,36,1155
1781645059.8451302,1000.0,0.0,1000.0,0,91,29,1213,85,27,1139
1781645059.8991544,1000.0,0.0,1000.0,0,91,26,1169,85,24,1094
1781645059.94659,1000.0,0.0,1000.0,0,92,19,1082,86,17,1007
1781645076.52468,0.0,0.0,1000.0,0,81,12,972,75,11,906
1781645076.5593357,0.0,0.0,1000.0,0,83,9,946,78,8,882
1781645076.6610847,0.0,0.0,1000.0,0,79,7,879,73,6,821
1781645076.7609901,0.0,0.0,1000.0,0,77,3,826,72,3,772
1781645076.9148514,0.0,0.0,1000.0,0,78,1,760,73,1,712
1781645077.1687524,0.0,0.0,1000.0,0,87,8,741,81,7,695
1781645077.2243714,0.0,0.0,1000.0,0,85,8,739,80,7,693
1781645077.2681174,0.0,0.0,1000.0,0,86,11,739,81,10,693
1781645077.3243372,0.0,0.0,1000.0,0,86,12,747,81,11,701
1781645077.3703332,0.0,0.0,1000.0,0,86,11,742,80,10,696
1781645077.4245477,0.0,0.0,1000.0,0,85,11,739,80,10,693
1781645077.4685004,0.0,0.0,1000.0,0,89,12,755,84,11,708
1781645077.5250175,0.0,0.0,1000.0,0,90,12,749,84,11,702
1781645077.5710173,0.0,0.0,1000.0,0,89,11,741,83,10,695
1781645077.6269152,0.0,0.0,1000.0,0,87,8,748,82,7,701
1781645077.672977,0.0,0.0,1000.0,0,80,8,757,75,7,710
1781645077.72793,0.0,0.0,1000.0,0,77,8,758,72,7,710
1781645077.7739475,0.0,0.0,1000.0,0,67,9,761,63,8,713
1781645077.8270702,0.0,0.0,1000.0,0,65,10,755,60,9,708
1781645077.87659,0.0,0.0,1000.0,0,54,11,776,51,11,727
1781645077.928178,0.0,0.0,1000.0,0,48,18,780,45,17,731
1781645077.975171,0.0,0.0,1000.0,0,48,21,790,45,19,740
1781645078.0356953,0.0,0.0,1000.0,0,46,28,797,43,26,746
1781645078.0830355,0.0,0.0,1000.0,0,47,32,809,44,30,757
1781645078.1305976,0.0,0.0,1000.0,0,51,35,819,47,33,766
1781645078.1776514,0.0,0.0,1000.0,0,55,42,849,51,40,794
1781645078.23078,0.0,0.0,1000.0,0,58,49,866,54,46,809
1781645078.2818997,0.0,0.0,1000.0,0,59,51,891,55,48,832
1781645078.3315222,0.0,0.0,1000.0,0,62,56,895,58,53,836
1781645078.381992,0.0,0.0,1000.0,0,67,61,924,62,57,862
1781645078.4315357,0.0,0.0,1000.0,0,68,63,945,64,59,882
1781645078.487389,0.0,0.0,1000.0,0,72,68,981,67,64,914
1781645078.5318756,0.0,0.0,1000.0,0,80,75,1033,75,69,962
1781645078.5891826,0.0,0.0,1000.0,0,87,79,1053,81,73,980
1781645078.6363246,0.0,0.0,1000.0,0,95,83,1065,89,77,991
1781645078.6902592,0.0,0.0,1000.0,0,96,83,1077,90,78,1002
1781645078.7333581,0.0,0.0,1000.0,0,118,84,1084,110,78,1009
1781645078.7908616,0.0,0.0,1000.0,0,119,84,1087,110,78,1012
1781645078.833724,0.0,0.0,1000.0,0,123,87,1101,115,81,1026
1781645078.8946714,0.0,0.0,1000.0,0,122,87,1107,114,81,1032
1781645078.9337099,0.0,0.0,1000.0,0,125,88,1123,117,83,1048
1781645078.9873645,0.0,0.0,1000.0,0,128,88,1121,120,82,1046
1781645079.0323036,0.0,0.0,1000.0,0,126,89,1129,118,83,1054
1781645079.092611,0.0,0.0,1000.0,0,122,89,1130,114,83,1056
1781645079.1483898,0.0,0.0,1000.0,0,128,92,1129,119,86,1054
1781645079.1922917,0.0,0.0,1000.0,0,119,92,1133,111,86,1058
1781645079.2506003,0.0,0.0,1000.0,0,124,91,1133,115,85,1058
1781645079.2968686,0.0,0.0,1000.0,0,118,89,1135,110,83,1060
1781645079.3530636,0.0,0.0,1000.0,0,124,92,1136,116,86,1061
1781645079.4000869,0.0,0.0,1000.0,0,119,90,1136,112,84,1061
1781645079.4579587,0.0,0.0,1000.0,0,121,87,1136,113,81,1061
1781645079.499438,0.0,0.0,1000.0,0,118,87,1137,110,81,1062
1781645079.6008525,0.0,0.0,1000.0,0,115,91,1137,108,85,1062
1781645079.6565917,0.0,0.0,1000.0,0,106,88,1137,99,82,1062
1781645079.758131,0.0,0.0,1000.0,0,106,88,1140,99,83,1065
1781645079.800791,0.0,0.0,1000.0,0,103,88,1136,96,82,1061
1781645079.8999624,0.0,0.0,1000.0,0,104,86,1135,98,81,1060
1781645080.2237954,0.0,0.0,1000.0,0,93,83,1127,87,77,1052
1781645080.4197624,0.0,0.0,1000.0,0,93,83,1125,87,77,1050
1781645080.4653745,0.0,0.0,1000.0,0,92,83,1124,86,77,1049
1781645080.5224233,0.0,0.0,1000.0,0,91,82,1121,85,77,1046
1781645080.5647593,0.0,0.0,1000.0,0,92,83,1123,85,77,1048
1781645080.6161325,0.0,0.0,1000.0,0,92,84,1123,85,78,1048
1781645080.693265,0.0,0.0,1000.0,0,91,84,1117,85,78,1042
1781645080.7195098,0.0,0.0,1000.0,0,91,85,1120,85,80,1045
1781645080.7664142,0.0,0.0,1000.0,0,91,85,1117,85,79,1042
1781645080.8241901,0.0,0.0,1000.0,0,90,85,1119,84,80,1044
1781645080.866621,0.0,0.0,1000.0,0,91,87,1117,85,81,1042
1781645080.923452,0.0,0.0,1000.0,0,91,85,1117,85,79,1042
1781645080.966555,0.0,0.0,1000.0,0,91,85,1120,85,80,1045
1781645081.166122,0.0,0.0,1000.0,0,92,86,1124,86,80,1049
1781645081.240141,0.0,0.0,1000.0,0,92,84,1127,86,79,1052
1781645081.276316,0.0,0.0,1000.0,0,95,86,1127,88,80,1052
1781645081.315947,0.0,0.0,1000.0,0,96,86,1127,90,80,1052
1781645081.3770208,0.0,0.0,1000.0,0,98,84,1125,91,79,1050
1781645081.4164085,0.0,0.0,1000.0,0,98,84,1128,91,79,1053
1781645081.481816,0.0,0.0,1000.0,0,102,86,1129,96,80,1054
1781645081.5313694,0.0,0.0,1000.0,0,108,83,1127,101,77,1052
1781645081.5814505,0.0,0.0,1000.0,0,107,86,1128,100,80,1053
1781645081.6312559,0.0,0.0,1000.0,0,115,84,1127,108,79,1052
1781645081.6888804,0.0,0.0,1000.0,0,115,86,1125,108,80,1050
1781645081.7329986,0.0,0.0,1000.0,0,121,84,1124,113,79,1049
1781645081.7842867,0.0,0.0,1000.0,0,122,83,1128,113,77,1053
1781645081.835876,0.0,0.0,1000.0,0,121,84,1127,113,79,1052
1781645081.8826642,0.0,0.0,1000.0,0,118,86,1125,110,80,1050
1781645081.9356654,0.0,0.0,1000.0,0,116,85,1121,109,80,1046
1781645081.9827893,0.0,0.0,1000.0,0,121,85,1121,113,80,1046
1781645082.0362742,0.0,0.0,1000.0,0,123,84,1124,114,79,1049
1781645082.0940897,0.0,0.0,1000.0,0,119,84,1121,111,78,1046
1781645082.1388948,0.0,0.0,1000.0,0,118,86,1123,110,80,1048
1781645082.19311,0.0,0.0,1000.0,0,121,84,1119,112,78,1044
1781645082.2392132,0.0,0.0,1000.0,0,120,83,1123,112,77,1048
1781645082.3103192,0.0,0.0,1000.0,0,121,82,1120,113,77,1045
1781645082.3453243,0.0,0.0,1000.0,0,121,82,1121,113,77,1046
1781645082.3957756,0.0,0.0,1000.0,0,113,85,1121,106,80,1046
1781645082.4461443,0.0,0.0,1000.0,0,116,85,1121,109,80,1046
1781645082.4977927,0.0,0.0,1000.0,0,115,86,1123,107,80,1048
1781645082.5536146,0.0,0.0,1000.0,0,122,83,1123,114,77,1048
1781645082.5987916,0.0,0.0,1000.0,0,121,86,1123,113,80,1048
1781645082.6550255,0.0,0.0,1000.0,0,122,83,1123,114,77,1048
1781645082.7009895,0.0,0.0,1000.0,0,121,84,1121,113,78,1046
1781645082.7555466,0.0,0.0,1000.0,0,121,84,1121,113,78,1046
1781645082.8055298,0.0,0.0,1000.0,0,122,83,1123,114,77,1048
1781645082.8570518,0.0,0.0,1000.0,0,121,82,1120,113,77,1045
1781645082.9046226,0.0,0.0,1000.0,0,124,82,1121,116,77,1046
1781645082.962256,0.0,0.0,1000.0,0,125,82,1120,117,77,1045
1781645083.0058804,0.0,0.0,1000.0,0,124,83,1124,116,77,1049
1781645083.0619507,0.0,0.0,1000.0,0,123,82,1119,115,77,1044
1781645083.1078832,0.0,0.0,1000.0,0,124,83,1123,116,77,1048
1781645083.1593833,0.0,0.0,1000.0,0,124,82,1121,116,77,1046
1781645083.2609997,0.0,0.0,1000.0,0,124,83,1123,116,77,1048
1781645083.3290014,0.0,0.0,1000.0,0,124,82,1121,116,77,1046
1781645083.3625915,0.0,0.0,1000.0,0,122,81,1120,114,75,1045
1781645083.4651253,0.0,0.0,1000.0,0,120,83,1123,112,77,1048
1781645083.5215092,0.0,0.0,1000.0,0,124,83,1123,116,77,1048
1781645083.6236665,0.0,0.0,1000.0,0,125,83,1123,117,77,1048
1781645084.352308,0.0,0.0,1000.0,0,120,82,1117,112,77,1042
1781645084.4825077,0.0,0.0,1000.0,0,122,81,1119,114,75,1044
1781645084.7323153,0.0,0.0,1000.0,0,122,81,1119,114,75,1044
1781645084.7882164,0.0,0.0,1000.0,0,125,81,1119,117,75,1044
1781645084.948521,0.0,0.0,1000.0,0,120,82,1117,112,77,1042
1781645084.9977489,0.0,0.0,1000.0,0,122,81,1119,114,75,1044
1781645085.0990222,0.0,0.0,1000.0,0,120,81,1117,112,75,1042
1781645085.1991045,0.0,0.0,1000.0,0,122,81,1115,113,75,1040
1781645085.2553732,0.0,0.0,1000.0,0,120,78,1115,112,72,1040
1781645085.3991516,0.0,0.0,1000.0,0,121,82,1110,113,76,1035
1781645085.4546602,0.0,0.0,1000.0,0,120,82,1111,112,76,1036
1781645086.0656877,0.0,0.0,1000.0,0,120,77,1099,112,71,1024
1781645086.631968,0.0,0.0,1000.0,0,73,62,1117,69,58,1042
1781645086.6816049,0.0,0.0,1000.0,0,54,61,1113,51,57,1038
1781645086.7308936,0.0,0.0,1000.0,0,29,67,1110,27,63,1035
1781645086.8883684,0.0,0.0,1000.0,0,38,84,1081,36,78,1006
1781645086.9953403,0.0,0.0,1000.0,0,47,90,1053,44,84,980
1781645087.0940776,0.0,0.0,1000.0,0,56,93,1013,52,87,944
1781645087.2443006,0.0,0.0,1000.0,0,58,95,924,54,88,862
1781645087.3441072,0.0,0.0,1000.0,0,55,90,876,52,84,818
1781645087.396662,0.0,0.0,1000.0,0,57,89,866,53,83,809
1781645087.452699,0.0,0.0,1000.0,0,56,85,834,52,80,780
1781645087.500325,0.0,0.0,1000.0,0,54,84,823,51,79,770
1781645087.5577729,0.0,0.0,1000.0,0,53,81,799,49,76,748
1781645087.601557,0.0,0.0,1000.0,0,51,81,795,48,76,744
1781645087.656754,0.0,0.0,1000.0,0,53,84,776,50,78,727
1781645087.7038584,0.0,0.0,1000.0,0,57,78,772,53,73,723
1781645087.7583392,0.0,0.0,1000.0,0,58,80,764,55,75,716
1781645087.8060439,0.0,0.0,1000.0,0,59,81,759,55,76,711
1781645087.8611581,0.0,0.0,1000.0,0,59,79,758,55,74,710
1781645087.9083672,0.0,0.0,1000.0,0,59,82,758,55,76,710
1781645087.959061,0.0,0.0,1000.0,0,59,83,755,55,78,708
1781645088.0094867,0.0,0.0,1000.0,0,58,81,748,54,75,701
1781645088.0612776,0.0,0.0,1000.0,0,59,83,755,55,78,708
1781645088.1640527,0.0,0.0,1000.0,0,56,83,751,53,78,704
1781645088.2141001,0.0,0.0,1000.0,0,58,82,745,54,77,698
1781645088.3652868,0.0,0.0,1000.0,0,51,84,751,48,79,704
1781645088.5222387,0.0,0.0,1000.0,0,40,86,752,37,81,705
1781645088.6226678,0.0,0.0,1000.0,0,28,86,747,26,81,701
1781645088.7652,0.0,0.0,1000.0,0,13,87,756,12,82,709
1781645088.8237822,0.0,0.0,1000.0,0,10,87,751,9,81,704
1781645088.8653884,0.0,0.0,1000.0,0,-1,88,757,-1,82,710
1781645088.9269714,0.0,0.0,1000.0,0,-3,85,754,-3,80,707
1781645088.9654856,0.0,0.0,1000.0,0,-9,86,753,-8,81,706
1781645089.0216591,0.0,0.0,1000.0,0,-11,88,757,-10,83,710
1781645089.065592,0.0,0.0,1000.0,0,-20,87,755,-18,82,708
1781645089.1259444,0.0,0.0,1000.0,0,-26,86,744,-25,81,697
1781645089.1655176,0.0,0.0,1000.0,0,-30,88,754,-28,83,707
1781645089.2275777,0.0,0.0,1000.0,0,-39,87,751,-37,81,704
1781645089.2802384,0.0,0.0,1000.0,0,-39,88,751,-37,82,704
1781645089.3303058,0.0,0.0,1000.0,0,-48,91,760,-45,85,712
1781645089.3807425,0.0,0.0,1000.0,0,-50,89,757,-46,84,710
1781645089.433978,0.0,0.0,1000.0,0,-54,90,759,-50,84,711
1781645089.4870625,0.0,0.0,1000.0,0,-59,90,760,-55,84,712
1781645089.5327713,0.0,0.0,1000.0,0,-62,90,758,-58,84,710
1781645089.597618,0.0,0.0,1000.0,0,-65,88,757,-60,83,710
1781645089.629941,0.0,0.0,1000.0,0,-66,88,750,-62,82,703
1781645089.6809962,0.0,0.0,1000.0,0,-68,88,756,-64,83,709
1781645089.7369905,0.0,0.0,1000.0,0,-72,89,755,-68,84,708
1781645089.7959905,0.0,0.0,1000.0,0,-75,91,759,-70,85,711
1781645089.8416324,0.0,0.0,1000.0,0,-76,89,750,-71,83,703
1781645089.8819165,0.0,0.0,1000.0,0,-76,89,754,-71,84,707
1781645089.9323637,0.0,0.0,1000.0,0,-78,89,749,-73,84,702
1781645089.9937932,0.0,0.0,1000.0,0,-79,87,754,-74,82,707
1781645090.040996,0.0,0.0,1000.0,0,-80,87,755,-75,82,708
1781645090.0932195,0.0,0.0,1000.0,0,-88,85,757,-83,79,710
1781645090.1450238,0.0,0.0,1000.0,0,-89,79,754,-83,74,707
1781645090.1955502,0.0,0.0,1000.0,0,-106,75,753,-99,70,706
1781645090.2487726,0.0,0.0,1000.0,0,-117,71,757,-110,66,710
1781645090.2974663,0.0,0.0,1000.0,0,-129,62,757,-121,58,710
1781645090.3535366,0.0,0.0,1000.0,0,-118,57,752,-111,54,705
1781645090.3991299,0.0,0.0,1000.0,0,-92,47,739,-86,44,693
1781645090.456204,0.0,0.0,1000.0,0,-78,41,728,-73,39,683
1781645090.5012534,0.0,0.0,1000.0,0,-59,36,722,-55,34,677
1781645090.5564878,0.0,0.0,1000.0,0,-49,33,734,-46,31,689
1781645090.6027381,0.0,0.0,1000.0,0,-27,30,714,-25,28,670
1781645090.6584702,0.0,0.0,1000.0,0,-23,36,745,-22,34,698
1781645090.7035155,0.0,0.0,1000.0,0,-18,46,812,-17,43,759
1781645090.7586493,0.0,0.0,1000.0,0,-11,50,826,-10,47,772
1781645090.8051689,0.0,0.0,1000.0,0,-1,58,847,-1,54,792
1781645090.8621478,0.0,0.0,1000.0,0,12,62,868,11,58,811
1781645090.9083004,0.0,0.0,1000.0,0,22,67,892,21,62,833
1781645090.9614978,0.0,0.0,1000.0,0,26,69,903,24,64,843
1781645091.0114403,0.0,0.0,1000.0,0,32,79,935,30,73,872
1781645091.0629427,0.0,0.0,1000.0,0,35,85,955,33,79,890
1781645091.1147137,0.0,0.0,1000.0,0,35,90,989,33,84,922
1781645091.1645422,0.0,0.0,1000.0,0,24,92,1004,22,86,935
1781645091.219991,0.0,0.0,1000.0,0,15,98,1023,14,91,953
1781645091.2668064,0.0,0.0,1000.0,0,-12,100,1034,-11,94,963
1781645091.3201182,0.0,0.0,1000.0,0,-26,107,1063,-25,100,989
1781645091.3656719,0.0,0.0,1000.0,0,-37,111,1084,-34,103,1009
1781645091.4214458,0.0,0.0,1000.0,0,-39,116,1116,-37,108,1041
1781645091.4663382,0.0,0.0,1000.0,0,-31,115,1121,-29,107,1046
1781645091.5208669,0.0,0.0,1000.0,0,-33,119,1137,-31,112,1062
1781645091.5671227,0.0,0.0,1000.0,0,-19,121,1141,-18,113,1066
1781645091.6229239,0.0,0.0,1000.0,0,-15,122,1161,-14,114,1086
1781645091.6682043,0.0,0.0,1000.0,0,3,120,1156,3,112,1082
1781645091.7239847,0.0,0.0,1000.0,0,8,121,1163,7,113,1089
1781645091.7692955,0.0,0.0,1000.0,0,15,121,1166,14,113,1091
1781645091.8238237,0.0,0.0,1000.0,0,17,122,1172,16,114,1097
1781645091.8703635,0.0,0.0,1000.0,0,17,124,1178,16,116,1103
1781645091.9261384,0.0,0.0,1000.0,0,14,124,1178,13,116,1103
1781645091.9709792,0.0,0.0,1000.0,0,14,126,1182,13,118,1107
1781645092.0269463,0.0,0.0,1000.0,0,16,126,1184,15,118,1109
1781645092.0727048,0.0,0.0,1000.0,0,14,128,1186,13,120,1112
1781645092.1283183,0.0,0.0,1000.0,0,13,125,1192,12,117,1118
1781645092.1739805,0.0,0.0,1000.0,0,13,127,1189,12,119,1115
1781645092.2281654,0.0,0.0,1000.0,0,14,129,1195,13,121,1121
1781645092.2741466,0.0,0.0,1000.0,0,13,126,1198,12,118,1124
1781645092.3260713,0.0,0.0,1000.0,0,16,127,1198,15,120,1124
1781645092.375746,0.0,0.0,1000.0,0,16,126,1195,15,118,1121
1781645092.4281094,0.0,0.0,1000.0,0,14,125,1201,13,117,1127
1781645092.4769466,0.0,0.0,1000.0,0,19,125,1206,18,117,1131
1781645092.5302157,0.0,0.0,1000.0,0,18,125,1206,16,117,1131
1781645092.5801275,0.0,0.0,1000.0,0,19,123,1203,18,116,1128
1781645092.6299706,0.0,0.0,1000.0,0,22,120,1203,21,113,1128
1781645092.6816318,0.0,0.0,1000.0,0,17,123,1200,16,115,1125
1781645092.7302082,0.0,0.0,1000.0,0,17,120,1201,16,112,1127
1781645092.7800193,0.0,0.0,1000.0,0,19,123,1197,18,115,1122
1781645093.2339654,0.0,0.0,1000.0,0,-62,116,1206,-58,108,1131
1781645093.2898068,0.0,0.0,1000.0,0,-76,115,1204,-71,108,1130
1781645093.3335757,0.0,0.0,1000.0,0,-100,116,1207,-94,109,1133
1781645093.3899949,0.0,0.0,1000.0,0,-109,116,1206,-102,108,1131
1781645093.4359632,0.0,0.0,1000.0,0,-123,112,1204,-116,105,1130
1781645093.4929957,0.0,0.0,1000.0,0,-122,112,1206,-114,105,1131
1781645093.5392733,0.0,0.0,1000.0,0,-120,109,1200,-112,102,1125
1781645093.594996,0.0,0.0,1000.0,0,-111,108,1194,-104,101,1119
1781645093.6401663,0.0,0.0,1000.0,0,-109,106,1188,-102,99,1113
1781645093.6950476,0.0,0.0,1000.0,0,-107,105,1188,-101,98,1113
1781645093.7408688,0.0,0.0,1000.0,0,-108,104,1178,-101,97,1103
1781645093.7943347,0.0,0.0,1000.0,0,-103,100,1173,-96,94,1099
1781645093.8409758,0.0,0.0,1000.0,0,-107,101,1168,-100,95,1093
1781645093.893024,0.0,0.0,1000.0,0,-108,102,1162,-101,96,1087
1781645093.9440253,0.0,0.0,1000.0,0,-113,100,1154,-106,94,1079
1781645093.9959178,0.0,0.0,1000.0,0,-148,100,1151,-138,93,1076
1781645094.0448039,0.0,0.0,1000.0,0,-142,102,1140,-133,95,1065
1781645094.0969133,0.0,0.0,1000.0,0,-117,98,1133,-110,92,1058
1781645094.1461775,0.0,0.0,1000.0,0,-105,98,1130,-98,91,1056
1781645094.1966348,0.0,0.0,1000.0,0,-78,104,1128,-73,97,1053
1781645094.2479208,0.0,0.0,1000.0,0,-83,105,1128,-77,98,1053
1781645094.2975838,0.0,0.0,1000.0,0,-68,107,1129,-64,100,1054
1781645094.3539379,0.0,0.0,1000.0,0,-65,108,1130,-61,101,1056
1781645094.39801,0.0,0.0,1000.0,0,-67,110,1136,-63,103,1061
1781645094.4554899,0.0,0.0,1000.0,0,-68,114,1147,-63,107,1072
1781645094.4986055,0.0,0.0,1000.0,0,-64,113,1161,-60,106,1086
1781645094.5544124,0.0,0.0,1000.0,0,-55,113,1166,-51,106,1091
1781645094.5981476,0.0,0.0,1000.0,0,-8,117,1172,-7,110,1097
1781645094.6573105,0.0,0.0,1000.0,0,-6,117,1169,-6,109,1094
1781645094.6982186,0.0,0.0,1000.0,0,-42,121,1182,-39,113,1107
1781645094.7582405,0.0,0.0,1000.0,0,-42,120,1188,-39,113,1113
1781645094.798219,0.0,0.0,1000.0,0,-40,121,1185,-38,114,1110
1781645094.8591366,0.0,0.0,1000.0,0,-34,126,1181,-32,118,1106
1781645094.898272,0.0,0.0,1000.0,0,-32,127,1178,-30,119,1103
1781645094.9585977,0.0,0.0,1000.0,0,-50,128,1200,-47,120,1125
1781645095.0120246,0.0,0.0,1000.0,0,-79,132,1213,-75,124,1139
1781645095.0630178,0.0,0.0,1000.0,0,-112,133,1218,-105,125,1144
1781645095.1143878,0.0,0.0,1000.0,0,-121,133,1218,-114,125,1144
1781645095.1633646,0.0,0.0,1000.0,0,-125,132,1223,-117,124,1148
1781645095.216205,0.0,0.0,1000.0,0,-123,132,1223,-116,124,1148
1781645095.2632036,0.0,0.0,1000.0,0,-120,132,1223,-113,124,1148
1781645095.3204725,0.0,0.0,1000.0,0,-104,129,1215,-97,121,1140
1781645095.3648312,0.0,0.0,1000.0,0,-90,129,1210,-85,121,1136
1781645095.4200554,0.0,0.0,1000.0,0,-82,130,1207,-77,122,1133
1781645095.4648056,0.0,0.0,1000.0,0,-64,127,1198,-60,120,1124
1781645095.5234287,0.0,0.0,1000.0,0,-53,125,1186,-49,117,1112
1781645095.5647027,0.0,0.0,1000.0,0,-34,124,1179,-32,116,1104
1781645095.6244237,0.0,0.0,1000.0,0,-25,121,1178,-23,113,1103
1781645095.6649554,0.0,0.0,1000.0,0,-15,120,1171,-14,112,1096
1781645095.7336147,0.0,0.0,1000.0,0,-9,120,1173,-9,113,1099
1781645095.7734873,0.0,0.0,1000.0,0,-18,120,1171,-17,112,1096
1781645095.8277788,0.0,0.0,1000.0,0,-8,118,1171,-7,111,1096
1781645095.8748424,0.0,0.0,1000.0,0,-3,121,1169,-3,114,1094
1781645095.9132183,0.0,0.0,1000.0,0,-3,121,1165,-3,113,1090
1781645095.9738247,0.0,0.0,1000.0,0,-6,118,1166,-6,110,1091
1781645096.0749266,0.0,0.0,1000.0,0,2,120,1168,2,112,1093
1781645096.128518,0.0,0.0,1000.0,0,-11,117,1173,-10,110,1099
1781645096.1783314,0.0,0.0,1000.0,0,-65,120,1184,-61,112,1109
1781645096.2298317,0.0,0.0,1000.0,0,12,118,1171,12,111,1096
1781645096.2813113,0.0,0.0,1000.0,0,11,119,1176,10,111,1102
1781645096.3311956,0.0,0.0,1000.0,0,13,116,1179,12,109,1104
1781645096.3862898,0.0,0.0,1000.0,0,13,119,1194,12,112,1119
1781645096.4330094,0.0,0.0,1000.0,0,16,117,1188,15,110,1113
1781645096.4880693,0.0,0.0,1000.0,0,19,118,1195,18,110,1121
1781645096.5340102,0.0,0.0,1000.0,0,19,119,1209,18,112,1134
1781645096.5899637,0.0,0.0,1000.0,0,22,118,1213,21,111,1139
1781645096.63576,0.0,0.0,1000.0,0,16,118,1215,15,111,1140
1781645096.6915493,0.0,0.0,1000.0,0,16,116,1173,15,108,1099
1781645096.738319,0.0,0.0,1000.0,0,20,111,1137,18,103,1062
1781645096.7926488,0.0,0.0,1000.0,0,17,114,1173,16,107,1099
1781645096.838673,0.0,0.0,1000.0,0,12,114,1173,12,107,1099
1781645096.8945336,0.0,0.0,1000.0,0,14,114,1173,13,107,1099
1781645096.9399667,0.0,0.0,1000.0,0,17,109,1133,15,101,1058
1781645096.995163,0.0,0.0,1000.0,0,15,110,1147,14,103,1072
1781645097.0400925,0.0,0.0,1000.0,0,11,111,1207,11,104,1133
1781645097.0934048,0.0,0.0,1000.0,0,13,110,1213,12,103,1139
1781645097.1427088,0.0,0.0,1000.0,0,6,103,1185,6,96,1110
1781645097.1939235,0.0,0.0,1000.0,0,-1,105,1210,-1,98,1136
1781645097.2418284,0.0,0.0,1000.0,0,-8,104,1217,-7,97,1142
1781645097.294409,0.0,0.0,1000.0,0,-9,103,1220,-9,96,1145
1781645097.34522,0.0,0.0,1000.0,0,-9,93,1123,-8,87,1048
1781645097.3959577,0.0,0.0,1000.0,0,-10,90,1104,-9,84,1029
1781645097.4487708,0.0,0.0,1000.0,0,-10,93,1125,-10,87,1050
1781645097.4984186,0.0,0.0,1000.0,0,-4,89,1127,-4,83,1052
1781645097.5537133,0.0,0.0,1000.0,0,-3,88,1120,-3,82,1045
1781645097.5985878,0.0,0.0,1000.0,0,13,84,1108,12,79,1033
1781645097.653746,0.0,0.0,1000.0,0,13,83,1096,12,78,1021
1781645097.6989915,0.0,0.0,1000.0,0,23,81,1088,21,76,1013
1781645097.7574158,0.0,0.0,1000.0,0,33,85,1129,31,79,1054
1781645097.7995224,0.0,0.0,1000.0,0,47,85,1120,44,80,1045
1781645097.856583,0.0,0.0,1000.0,0,61,83,1104,57,77,1029
1781645097.899875,0.0,0.0,1000.0,0,67,80,1104,62,74,1029
1781645097.956587,0.0,0.0,1000.0,0,76,79,1097,71,74,1022
1781645098.0030227,0.0,0.0,1000.0,0,78,79,1097,73,74,1022
1781645098.0586667,0.0,0.0,1000.0,0,79,84,1117,74,78,1042
1781645098.0973887,0.0,0.0,1000.0,0,73,78,1043,68,73,971
1781645098.1590295,0.0,0.0,1000.0,0,75,77,1042,70,71,970
1781645098.1977565,0.0,0.0,1000.0,0,79,76,1048,73,70,975
1781645098.2603579,0.0,0.0,1000.0,0,78,76,1047,73,70,974
1781645098.2977338,0.0,0.0,1000.0,0,76,72,1038,71,67,966
1781645098.3597035,0.0,0.0,1000.0,0,74,72,1036,69,67,965
1781645098.3978229,0.0,0.0,1000.0,0,68,69,1029,63,64,958
1781645098.4590838,0.0,0.0,1000.0,0,59,66,1043,55,61,971
1781645098.511476,0.0,0.0,1000.0,0,57,68,1076,53,63,1001
1781645098.5630844,0.0,0.0,1000.0,0,52,68,1098,48,63,1023
1781645098.6123204,0.0,0.0,1000.0,0,49,67,1101,46,62,1026
1781645098.6624632,0.0,0.0,1000.0,0,38,65,1103,35,61,1028
1781645098.7199202,0.0,0.0,1000.0,0,32,63,1096,30,59,1021
1781645098.764144,0.0,0.0,1000.0,0,9,64,1089,8,60,1014
1781645098.8199725,0.0,0.0,1000.0,0,-3,63,1091,-3,59,1016
1781645098.8641872,0.0,0.0,1000.0,0,-17,66,1092,-16,61,1017
1781645098.922586,0.0,0.0,1000.0,0,-26,66,1092,-24,61,1017
1781645098.964327,0.0,0.0,1000.0,0,-28,66,1087,-26,61,1012
1781645099.0261934,0.0,0.0,1000.0,0,-18,64,1083,-17,60,1008
1781645099.0692298,0.0,0.0,1000.0,0,-6,63,1084,-5,58,1009
1781645099.1224535,0.0,0.0,1000.0,0,9,64,1064,8,60,990
1781645099.1641629,0.0,0.0,1000.0,0,22,63,1063,21,58,989
1781645099.2239072,0.0,0.0,1000.0,0,24,63,1062,22,58,988
1781645099.2641928,0.0,0.0,1000.0,0,27,63,1062,25,58,988
1781645099.3252885,0.0,0.0,1000.0,0,28,65,1057,26,61,983
1781645099.3645287,0.0,0.0,1000.0,0,28,65,1059,26,61,986
1781645099.4265738,0.0,0.0,1000.0,0,28,65,1056,26,61,982
1781645099.4645078,0.0,0.0,1000.0,0,29,65,1058,27,61,984
1781645099.526095,0.0,0.0,1000.0,0,32,65,1052,30,60,979
1781645099.564306,0.0,0.0,1000.0,0,35,65,1051,32,60,978
1781645099.6229956,0.0,0.0,1000.0,0,35,65,1052,32,60,979
1781645099.6644046,0.0,0.0,1000.0,0,38,65,1056,35,61,982
1781645099.727537,0.0,0.0,1000.0,0,40,66,1055,37,62,981
1781645099.7781763,0.0,0.0,1000.0,0,39,68,1057,36,63,983
1781645099.8289907,0.0,0.0,1000.0,0,39,68,1056,36,63,982
1781645099.8785868,0.0,0.0,1000.0,0,39,67,1056,36,62,982
1781645099.9309185,0.0,0.0,1000.0,0,43,66,1051,40,62,978
1781645099.9812596,0.0,0.0,1000.0,0,46,68,1055,43,63,981
1781645100.030301,0.0,0.0,1000.0,0,51,65,1053,48,61,980
1781645100.0811796,0.0,0.0,1000.0,0,55,65,1050,51,60,977
1781645100.1326087,0.0,0.0,1000.0,0,69,65,1049,64,60,976
1781645100.1878283,0.0,0.0,1000.0,0,72,63,1049,67,59,976
1781645100.2324996,0.0,0.0,1000.0,0,70,66,1047,65,61,974
1781645100.2898211,0.0,0.0,1000.0,0,74,66,1047,69,61,974
1781645100.3338819,0.0,0.0,1000.0,0,76,66,1051,71,62,978
1781645100.390198,0.0,0.0,1000.0,0,77,66,1049,72,62,976
1781645100.433703,0.0,0.0,1000.0,0,77,66,1049,72,62,976
1781645100.4907415,0.0,0.0,1000.0,0,79,66,1048,73,61,975
1781645100.5355837,0.0,0.0,1000.0,0,76,67,1048,71,63,975
1781645100.591322,0.0,0.0,1000.0,0,73,68,1050,68,63,977
1781645100.6396391,0.0,0.0,1000.0,0,74,69,1048,69,64,975
1781645100.695178,0.0,0.0,1000.0,0,76,68,1050,71,63,977
1781645100.7396176,0.0,0.0,1000.0,0,79,70,1050,73,65,977
1781645100.794683,0.0,0.0,1000.0,0,79,70,1049,73,65,976
1781645100.8394024,0.0,0.0,1000.0,0,77,70,1050,72,65,977
1781645100.8953052,0.0,0.0,1000.0,0,77,70,1051,72,66,978
1781645100.9397993,0.0,0.0,1000.0,0,78,71,1053,72,66,980
1781645100.9934623,0.0,0.0,1000.0,0,77,70,1052,72,66,979
1781645101.0443082,0.0,0.0,1000.0,0,79,70,1052,73,66,979
1781645101.0953915,0.0,0.0,1000.0,0,79,72,1053,73,67,980
1781645101.1429536,0.0,0.0,1000.0,0,79,71,1055,74,66,981
1781645101.1946383,0.0,0.0,1000.0,0,79,72,1055,74,67,981
1781645101.2456958,0.0,0.0,1000.0,0,79,72,1055,74,67,981
1781645101.2964594,0.0,0.0,1000.0,0,79,70,1052,73,66,979
1781645101.346613,0.0,0.0,1000.0,0,79,71,1056,74,66,982
1781645101.398297,0.0,0.0,1000.0,0,80,72,1055,75,67,981
1781645101.4542463,0.0,0.0,1000.0,0,79,72,1055,74,67,981
1781645101.498173,0.0,0.0,1000.0,0,80,72,1052,75,67,979
1781645101.5547752,0.0,0.0,1000.0,0,80,72,1055,75,67,981
1781645101.599995,0.0,0.0,1000.0,0,82,72,1055,76,67,981
1781645101.6573641,0.0,0.0,1000.0,0,83,72,1057,78,67,983
1781645101.7000623,0.0,0.0,1000.0,0,83,72,1058,78,67,984
1781645101.7560735,0.0,0.0,1000.0,0,85,72,1057,79,67,983
1781645101.8022587,0.0,0.0,1000.0,0,86,72,1057,80,67,983
1781645101.8579042,0.0,0.0,1000.0,0,88,72,1058,82,67,984
1781645101.9020252,0.0,0.0,1000.0,0,87,72,1056,81,67,982
1781645101.9592547,0.0,0.0,1000.0,0,88,71,1058,82,66,984
1781645102.004778,0.0,0.0,1000.0,0,89,72,1056,83,67,982
1781645102.0614984,0.0,0.0,1000.0,0,89,74,1057,83,68,983
1781645102.1081116,0.0,0.0,1000.0,0,89,71,1059,83,66,986
1781645102.155132,0.0,0.0,1000.0,0,91,71,1059,84,66,986
1781645102.1975574,0.0,0.0,1000.0,0,90,71,1058,84,66,984
1781645102.26101,0.0,0.0,1000.0,0,90,71,1058,84,66,984
1781645102.3088913,0.0,0.0,1000.0,0,91,71,1059,84,66,986
1781645102.3617098,0.0,0.0,1000.0,0,93,70,1059,87,65,986
1781645102.402816,0.0,0.0,1000.0,0,92,69,1057,85,65,983
1781645102.4617324,0.0,0.0,1000.0,0,93,69,1057,87,65,983
1781645102.5120046,0.0,0.0,1000.0,0,93,67,1058,87,62,984
1781645102.561962,0.0,0.0,1000.0,0,93,67,1058,87,62,984
1781645102.6144693,0.0,0.0,1000.0,0,92,67,1057,85,62,983
1781645102.663158,0.0,0.0,1000.0,0,92,68,1058,85,63,984
1781645102.7162223,0.0,0.0,1000.0,0,92,67,1057,85,62,983
1781645102.7646677,0.0,0.0,1000.0,0,92,65,1056,85,61,982
1781645102.8172672,0.0,0.0,1000.0,0,90,65,1056,84,61,982
1781645102.8657105,0.0,0.0,1000.0,0,90,65,1057,84,61,983
1781645102.9210932,0.0,0.0,1000.0,0,90,64,1052,84,59,979
1781645102.963272,0.0,0.0,1000.0,0,89,62,1056,83,58,982
1781645103.0200818,0.0,0.0,1000.0,0,90,64,1052,84,59,979
1781645103.0640552,0.0,0.0,1000.0,0,88,61,1050,82,56,977
1781645103.122507,0.0,0.0,1000.0,0,90,62,1048,83,58,975
1781645103.1638587,0.0,0.0,1000.0,0,88,62,1045,82,58,973
1781645103.2255926,0.0,0.0,1000.0,0,87,60,1045,81,56,973
1781645103.2636752,0.0,0.0,1000.0,0,88,62,1044,82,57,972
1781645103.3252473,0.0,0.0,1000.0,0,84,60,1042,78,56,970
1781645103.3635364,0.0,0.0,1000.0,0,85,60,1039,79,56,967
1781645103.4242272,0.0,0.0,1000.0,0,88,60,1042,82,56,970
1781645103.463425,0.0,0.0,1000.0,0,85,60,1038,79,56,966
1781645103.5285032,0.0,0.0,1000.0,0,85,60,1038,79,56,966
1781645103.563788,0.0,0.0,1000.0,0,86,60,1042,80,56,970
1781645103.622835,0.0,0.0,1000.0,0,86,61,1034,80,57,963
1781645103.6637404,0.0,0.0,1000.0,0,87,60,1036,81,56,965
1781645103.7261317,0.0,0.0,1000.0,0,86,60,1038,80,56,966
1781645103.7782903,0.0,0.0,1000.0,0,87,60,1038,81,56,966
1781645103.8292775,0.0,0.0,1000.0,0,87,61,1035,81,57,964
1781645103.8781984,0.0,0.0,1000.0,0,87,60,1035,81,56,964
1781645103.9302194,0.0,0.0,1000.0,0,82,59,1039,76,55,967
1781645103.978541,0.0,0.0,1000.0,0,81,58,1033,76,54,962
1781645104.0299854,0.0,0.0,1000.0,0,83,59,1036,77,54,965
1781645104.0840185,0.0,0.0,1000.0,0,85,59,1039,79,55,967
1781645104.1319122,0.0,0.0,1000.0,0,83,59,1038,77,55,966
1781645104.1891782,0.0,0.0,1000.0,0,86,57,1036,80,53,965
1781645104.2331634,0.0,0.0,1000.0,0,83,57,1039,78,53,967
1781645104.2898777,0.0,0.0,1000.0,0,83,57,1041,78,53,969
1781645104.3336027,0.0,0.0,1000.0,0,82,55,1040,76,51,968
1781645104.3895872,0.0,0.0,1000.0,0,83,55,1038,77,51,966
1781645104.4334354,0.0,0.0,1000.0,0,84,53,1036,79,49,965
1781645104.490433,0.0,0.0,1000.0,0,84,53,1034,78,49,963
1781645104.5358548,0.0,0.0,1000.0,0,89,48,1041,83,45,969
1781645104.5915902,0.0,0.0,1000.0,0,93,45,1038,86,42,966
1781645104.6376646,0.0,0.0,1000.0,0,98,41,1032,91,38,961
1781645104.695015,0.0,0.0,1000.0,0,100,39,1033,94,37,962
1781645104.7398388,0.0,0.0,1000.0,0,102,37,1031,95,34,960
1781645104.7956166,0.0,0.0,1000.0,0,104,34,1025,97,31,955
1781645104.8418312,0.0,0.0,1000.0,0,102,42,1020,95,39,950
1781645104.8935723,0.0,0.0,1000.0,0,100,41,1017,93,39,947
1781645104.9439783,0.0,0.0,1000.0,0,98,41,1012,92,38,943
1781645104.9943192,0.0,0.0,1000.0,0,98,48,1009,91,44,940
1781645105.045273,0.0,0.0,1000.0,0,98,44,993,91,41,925
1781645105.0966396,0.0,0.0,1000.0,0,103,44,989,96,41,922
1781645105.146508,0.0,0.0,1000.0,0,102,46,972,95,43,906
1781645105.1970415,0.0,0.0,1000.0,0,103,53,956,96,49,891
1781645105.249864,0.0,0.0,1000.0,0,100,52,929,93,49,867
1781645105.2979832,0.0,0.0,1000.0,0,100,50,914,93,47,853
1781645105.3564837,0.0,0.0,1000.0,0,95,48,874,89,45,816
1781645105.4014666,0.0,0.0,1000.0,0,96,49,872,90,46,815
1781645105.4568603,0.0,0.0,1000.0,0,91,46,839,86,43,784
1781645105.5022805,0.0,0.0,1000.0,0,90,45,821,84,42,768
1781645105.5572865,0.0,0.0,1000.0,0,90,45,812,84,42,759
1781645105.604776,0.0,0.0,1000.0,0,88,44,800,83,41,749
1781645105.6603298,0.0,0.0,1000.0,0,89,42,785,83,40,735
1781645105.703037,0.0,0.0,1000.0,0,88,42,784,82,40,734
1781645105.7600842,0.0,0.0,1000.0,0,86,41,780,81,38,731
1781645105.8051074,0.0,0.0,1000.0,0,85,42,776,79,39,727
1781645105.8600986,0.0,0.0,1000.0,0,85,43,776,79,40,727
1781645105.904122,0.0,0.0,1000.0,0,84,41,769,79,39,720
1781645105.9601681,0.0,0.0,1000.0,0,82,41,765,77,39,717
1781645106.0035856,0.0,0.0,1000.0,0,80,42,765,75,40,717
1781645106.061825,0.0,0.0,1000.0,0,80,42,766,74,40,717
1781645106.1000307,0.0,0.0,1000.0,0,80,42,764,75,39,716
1781645106.161252,0.0,0.0,1000.0,0,80,42,760,75,39,712
1781645106.1965659,0.0,0.0,1000.0,0,80,42,758,75,39,710
1781645106.2616687,0.0,0.0,1000.0,0,78,42,757,73,39,710
1781645106.296791,0.0,0.0,1000.0,0,76,41,745,72,39,698
1781645106.3615892,0.0,0.0,1000.0,0,75,41,744,71,38,697
1781645106.396831,0.0,0.0,1000.0,0,74,41,739,69,38,693
1781645106.4612648,0.0,0.0,1000.0,0,70,42,743,66,39,697
1781645106.4957128,0.0,0.0,1000.0,0,67,44,739,63,41,693
1781645106.5590277,0.0,0.0,1000.0,0,66,42,743,62,39,697
1781645106.5968192,0.0,0.0,1000.0,0,65,42,742,61,39,696
1781645106.6587405,0.0,0.0,1000.0,0,65,47,741,61,44,695
1781645106.7102969,0.0,0.0,1000.0,0,64,45,737,60,42,691
1781645106.7612612,0.0,0.0,1000.0,0,66,44,735,62,42,690
1781645106.8114235,0.0,0.0,1000.0,0,64,44,728,60,41,683
1781645106.861891,0.0,0.0,1000.0,0,69,43,724,65,40,679
1781645106.9119291,0.0,0.0,1000.0,0,68,42,718,64,39,674
1781645106.9612896,0.0,0.0,1000.0,0,70,41,711,66,39,668
1781645107.004485,0.0,0.0,1000.0,0,72,41,705,68,38,662
1781645107.0615294,0.0,0.0,1000.0,0,70,39,698,66,36,656
1781645107.1114278,0.0,0.0,1000.0,0,68,37,690,64,35,649
1781645107.1631806,0.0,0.0,1000.0,0,67,33,697,63,31,655
1781645107.212083,0.0,0.0,1000.0,0,64,32,693,60,30,651
1781645107.2613738,0.0,0.0,1000.0,0,61,29,696,58,27,654
1781645107.312524,0.0,0.0,1000.0,0,59,27,701,55,25,658
1781645107.3652654,0.0,0.0,1000.0,0,56,24,713,53,23,669
1781645107.4196548,0.0,0.0,1000.0,0,56,24,723,53,22,678
1781645107.463252,0.0,0.0,1000.0,0,50,26,735,47,24,690
1781645107.5753663,0.0,0.0,1000.0,0,52,26,742,48,25,696
1781645107.5942898,0.0,0.0,1000.0,0,54,28,754,50,26,707
1781645107.6215434,0.0,0.0,1000.0,0,57,30,760,53,28,712
1781645107.6628888,0.0,0.0,1000.0,0,62,32,774,58,30,725
1781645107.7195673,0.0,0.0,1000.0,0,68,32,779,63,30,729
1781645107.7630208,0.0,0.0,1000.0,0,71,34,792,66,32,742
1781645107.8252738,0.0,0.0,1000.0,0,74,36,800,69,33,749
1781645107.863176,0.0,0.0,1000.0,0,84,42,819,79,39,766
1781645107.9278061,0.0,0.0,1000.0,0,90,42,826,84,40,772
1781645107.9684465,0.0,0.0,1000.0,0,94,46,850,88,43,794
1781645108.0261881,0.0,0.0,1000.0,0,96,46,858,90,43,802
1781645108.077418,0.0,0.0,1000.0,0,98,49,867,92,46,810
1781645108.1314712,0.0,0.0,1000.0,0,93,50,870,87,47,813
1781645108.1828637,0.0,0.0,1000.0,0,91,50,864,85,47,807
1781645108.231356,0.0,0.0,1000.0,0,91,50,861,85,47,805
1781645108.2851174,0.0,0.0,1000.0,0,90,51,865,84,48,808
1781645108.3329268,0.0,0.0,1000.0,0,90,53,863,84,50,806
1781645108.386235,0.0,0.0,1000.0,0,88,50,841,83,46,786
1781645108.4329026,0.0,0.0,1000.0,0,86,51,839,80,47,784
1781645108.4900124,0.0,0.0,1000.0,0,83,50,824,78,47,771
1781645108.536387,0.0,0.0,1000.0,0,79,50,814,74,47,761
1781645108.5921352,0.0,0.0,1000.0,0,78,50,788,73,47,738
1781645108.637939,0.0,0.0,1000.0,0,77,47,784,72,44,734
1781645108.6959496,0.0,0.0,1000.0,0,77,49,779,72,46,729
1781645108.7393398,0.0,0.0,1000.0,0,75,47,763,71,44,715
1781645108.7941327,0.0,0.0,1000.0,0,74,47,743,70,44,697
1781645108.8416414,0.0,0.0,1000.0,0,75,47,756,70,44,709
1781645108.893161,0.0,0.0,1000.0,0,75,48,741,70,45,695
1781645108.9434588,0.0,0.0,1000.0,0,74,46,734,70,43,689
1781645108.9959655,0.0,0.0,1000.0,0,73,46,730,68,43,685
1781645109.0422914,0.0,0.0,1000.0,0,73,46,728,68,43,683
1781645109.095865,0.0,0.0,1000.0,0,74,44,720,69,42,676
1781645109.145859,0.0,0.0,1000.0,0,71,43,706,66,40,663
1781645109.196241,0.0,0.0,1000.0,0,71,42,703,67,39,660
1781645109.246482,0.0,0.0,1000.0,0,71,41,702,67,38,659
1781645109.297049,0.0,0.0,1000.0,0,70,41,700,66,39,657
1781645109.3486946,0.0,0.0,1000.0,0,69,42,697,65,40,655
1781645109.3981194,0.0,0.0,1000.0,0,70,41,698,66,39,656
1781645109.4536664,0.0,0.0,1000.0,0,71,42,693,67,39,651
1781645109.498353,0.0,0.0,1000.0,0,69,41,694,65,39,652
1781645109.5539181,0.0,0.0,1000.0,0,69,41,697,65,39,655
1781645109.5988564,0.0,0.0,1000.0,0,67,43,693,63,40,651
1781645109.6548433,0.0,0.0,1000.0,0,68,44,693,64,41,651
1781645109.7008274,0.0,0.0,1000.0,0,68,43,692,64,40,650
1781645109.7552545,0.0,0.0,1000.0,0,67,44,691,63,41,649
1781645109.802426,0.0,0.0,1000.0,0,66,44,690,62,41,649
1781645109.8566554,0.0,0.0,1000.0,0,65,41,686,61,39,645
1781645109.9008946,0.0,0.0,1000.0,0,68,43,690,64,40,649
1781645109.9584274,0.0,0.0,1000.0,0,69,43,690,65,40,649
1781645110.0017638,0.0,0.0,1000.0,0,68,43,690,64,40,649
1781645110.0583003,0.0,0.0,1000.0,0,68,44,690,64,41,649
1781645110.0962572,0.0,0.0,1000.0,0,70,44,690,66,42,649
1781645110.1621087,0.0,0.0,1000.0,0,68,46,691,64,44,649
1781645110.1962762,0.0,0.0,1000.0,0,70,45,691,66,43,649
1781645110.2600265,0.0,0.0,1000.0,0,72,45,689,67,43,648
1781645110.3063877,0.0,0.0,1000.0,0,73,46,694,69,44,652
1781645110.3611276,0.0,0.0,1000.0,0,71,46,691,67,44,649
1781645110.4089863,0.0,0.0,1000.0,0,72,47,693,68,44,651
1781645110.460894,0.0,0.0,1000.0,0,77,47,692,73,44,650
1781645110.5117378,0.0,0.0,1000.0,0,77,47,690,72,44,649
1781645110.5622358,0.0,0.0,1000.0,0,78,47,691,73,44,649
1781645310.5163198,0.0,0.0,2000.0,0,-134,-5,794,-126,-5,744
1781645310.5968592,0.0,0.0,2000.0,0,-124,-4,779,-116,-4,729
1781645310.6188622,0.0,0.0,2000.0,0,-118,-2,757,-111,-2,710
1781645310.670414,0.0,0.0,2000.0,0,-111,-4,748,-104,-4,701
1781645310.716651,0.0,0.0,2000.0,0,-105,-4,737,-99,-4,691
1781645310.7705364,0.0,0.0,2000.0,0,-99,-4,726,-93,-4,681
1781645310.8193266,0.0,0.0,2000.0,0,-100,-4,710,-94,-3,667
1781645310.8709202,0.0,0.0,2000.0,0,-92,-4,705,-86,-3,662
1781645310.9260602,0.0,0.0,2000.0,0,-87,-4,696,-81,-3,654
1781645310.972664,0.0,0.0,2000.0,0,-86,-4,688,-81,-3,647
1781645311.0286498,0.0,0.0,2000.0,0,-88,-4,677,-83,-3,636
1781645311.0768878,0.0,0.0,2000.0,0,-95,-3,670,-89,-2,630
1781645311.1309192,0.0,0.0,2000.0,0,-93,-5,653,-87,-5,615
1781645311.1782076,0.0,0.0,2000.0,0,-99,-5,649,-93,-5,611
1781645311.2310991,0.0,0.0,2000.0,0,-95,-3,642,-90,-3,605
1781645311.280141,0.0,0.0,2000.0,0,-82,-3,646,-77,-2,608
1781645311.330429,0.0,0.0,2000.0,0,-76,-2,653,-72,-2,615
1781645311.381925,0.0,0.0,2000.0,0,-67,-3,659,-63,-2,620
1781645311.433507,0.0,0.0,2000.0,0,-62,-2,662,-59,-2,623
1781645311.4845839,0.0,0.0,2000.0,0,-55,0,671,-51,0,631
1781645311.5371528,0.0,0.0,2000.0,0,-55,2,667,-52,2,627
1781645311.5871663,0.0,0.0,2000.0,0,-58,3,672,-55,3,632
1781645311.6361594,0.0,0.0,2000.0,0,-62,1,669,-59,1,629
1781645311.7087748,0.0,0.0,2000.0,0,-65,0,681,-61,0,640
1781645311.7459044,0.0,0.0,2000.0,0,-77,2,687,-72,2,646
1781645311.7875452,0.0,0.0,2000.0,0,-83,2,706,-78,2,663
1781645311.8372667,0.0,0.0,2000.0,0,-101,2,719,-95,2,675
1781645311.8971305,0.0,0.0,2000.0,0,-112,1,749,-105,1,702
1781645311.9412405,0.0,0.0,2000.0,0,-127,1,764,-119,1,716
1781645311.997253,0.0,0.0,2000.0,0,-140,0,798,-131,0,747
1781645312.0430532,0.0,0.0,2000.0,0,-167,0,842,-156,0,787
1781645312.0966184,0.0,0.0,2000.0,0,-175,0,865,-163,0,808
1781645312.136064,0.0,0.0,2000.0,0,-189,-1,877,-176,-1,819
1781645312.208501,0.0,0.0,2000.0,0,-190,-2,889,-178,-2,830
1781645312.2434556,0.0,0.0,2000.0,0,-185,-2,896,-172,-2,836
1781645312.2983098,0.0,0.0,2000.0,0,-185,-4,908,-172,-3,847
1781645312.3489728,0.0,0.0,2000.0,0,-181,0,933,-169,0,871
1781645312.4008722,0.0,0.0,2000.0,0,-172,1,948,-160,1,884
1781645312.4481332,0.0,0.0,2000.0,0,-170,8,980,-158,7,913
1781645312.5009787,0.0,0.0,2000.0,0,-166,13,994,-154,12,926
1781645312.5562277,0.0,0.0,2000.0,0,-162,15,1027,-151,14,957
1781645312.601376,0.0,0.0,2000.0,0,-155,22,1047,-144,20,974
1781645312.6582377,0.0,0.0,2000.0,0,-148,27,1068,-138,25,993
1781645312.7175658,0.0,0.0,2000.0,0,-140,33,1078,-130,30,1003
1781645312.7564528,0.0,0.0,2000.0,0,-136,38,1099,-126,35,1024
1781645312.8019805,0.0,0.0,2000.0,0,-125,43,1120,-116,40,1045
1781645312.86164,0.0,0.0,2000.0,0,-125,43,1139,-117,41,1064
1781645312.903018,0.0,0.0,2000.0,0,-231,51,1099,-215,47,1024
1781645312.9642265,0.0,0.0,2000.0,0,-191,44,1127,-178,41,1052
1781645313.00287,0.0,0.0,2000.0,0,-186,72,1136,-174,67,1061
1781645313.0605328,0.0,0.0,2000.0,0,-137,76,1176,-129,71,1102
1781645313.103485,0.0,0.0,2000.0,0,-161,83,1169,-151,78,1094
1781645313.160627,0.0,0.0,2000.0,0,-162,86,1173,-151,81,1099
1781645313.2310283,0.0,0.0,2000.0,0,-169,91,1175,-159,85,1100
1781645313.266054,0.0,0.0,2000.0,0,-133,93,1206,-125,88,1131
1781645313.3068972,0.0,0.0,2000.0,0,-142,96,1218,-133,90,1144
1781645313.3676074,0.0,0.0,2000.0,0,-163,101,1217,-153,94,1142
1781645313.4253473,0.0,0.0,2000.0,0,-168,100,1245,-158,94,1171
1781645313.4693005,0.0,0.0,2000.0,0,-182,102,1248,-171,96,1174
1781645313.5254426,0.0,0.0,2000.0,0,-217,99,1273,-204,93,1199
1781645313.5757055,0.0,0.0,2000.0,0,-264,93,1290,-249,88,1216
1781645313.6242628,0.0,0.0,2000.0,0,-201,87,1299,-190,82,1225
1781645313.6688468,0.0,0.0,2000.0,0,-209,89,1308,-197,84,1234
1781645313.7287166,0.0,0.0,2000.0,0,-225,86,1317,-212,82,1243
1781645313.7695475,0.0,0.0,2000.0,0,-232,87,1320,-219,82,1246
1781645313.8464432,0.0,0.0,2000.0,0,-243,87,1322,-229,82,1248
1781645313.8854098,0.0,0.0,2000.0,0,-238,92,1326,-225,87,1252
1781645313.9333613,0.0,0.0,2000.0,0,-239,96,1328,-225,91,1254
1781645313.978549,0.0,0.0,2000.0,0,-231,102,1335,-218,96,1261
1781645314.031521,0.0,0.0,2000.0,0,-223,109,1339,-211,103,1265
1781645314.0843675,0.0,0.0,2000.0,0,-210,124,1383,-199,117,1309
1781645314.13489,0.0,0.0,2000.0,0,-192,135,1391,-181,128,1317
1781645314.1865468,0.0,0.0,2000.0,0,-160,144,1422,-152,136,1349
1781645314.2355642,0.0,0.0,2000.0,0,-149,152,1461,-142,144,1388
1781645314.2912407,0.0,0.0,2000.0,0,-136,159,1477,-129,151,1404
1781645314.3370602,0.0,0.0,2000.0,0,-57,191,1691,-56,187,1656
1781645314.3945906,0.0,0.0,2000.0,0,-87,176,1541,-83,168,1468
1781645314.435148,0.0,0.0,2000.0,0,-186,143,1496,-177,136,1422
1781645314.494561,0.0,0.0,2000.0,0,-95,181,1549,-91,172,1475
1781645314.5355525,0.0,0.0,2000.0,0,-96,184,1556,-91,175,1483
1781645314.6010826,0.0,0.0,2000.0,0,-100,190,1590,-96,182,1522
1781645314.639003,0.0,0.0,2000.0,0,-103,194,1606,-99,186,1543
1781645314.7009206,0.0,0.0,2000.0,0,-108,198,1619,-104,191,1561
1781645314.7359915,0.0,0.0,2000.0,0,-96,209,1661,-93,204,1617
1781645314.8009367,0.0,0.0,2000.0,0,-89,212,1664,-87,206,1621
1781645314.8426008,0.0,0.0,2000.0,0,-87,216,1697,-85,212,1663
1781645314.8985593,0.0,0.0,2000.0,0,-82,221,1700,-81,217,1667
1781645314.9464629,0.0,0.0,2000.0,0,-78,225,1712,-77,221,1683
1781645315.0104554,0.0,0.0,2000.0,0,-81,233,1721,-80,229,1696
1781645315.0528736,0.0,0.0,2000.0,0,-71,233,1759,-71,232,1746
1781645315.1021247,0.0,0.0,2000.0,0,-65,242,1772,-65,241,1763
1781645315.1505015,0.0,0.0,2000.0,0,-63,246,1782,-63,245,1776
1781645315.200829,0.0,0.0,2000.0,0,-61,251,1785,-61,250,1780
1781645315.2587192,0.0,0.0,2000.0,0,-56,254,1792,-56,254,1789
1781645315.3027613,0.0,0.0,2000.0,0,-58,254,1789,-58,253,1785
1781645315.3584669,0.0,0.0,2000.0,0,-54,253,1799,-54,253,1798
1781645315.4020572,0.0,0.0,2000.0,0,-63,255,1795,-63,254,1794
1781645315.4575875,0.0,0.0,2000.0,0,-61,255,1799,-61,255,1798
1781645315.5015323,0.0,0.0,2000.0,0,-54,258,1805,-54,259,1807
1781645315.5742471,0.0,0.0,2000.0,0,-50,259,1812,-50,260,1816
1781645315.614378,0.0,0.0,2000.0,0,-57,258,1805,-57,259,1807
1781645315.652712,0.0,0.0,2000.0,0,-59,258,1802,-59,258,1803
1781645315.7088058,0.0,0.0,2000.0,0,-59,262,1812,-59,262,1816
1781645315.766999,0.0,0.0,2000.0,0,-57,263,1819,-57,264,1825
1781645315.803133,0.0,0.0,2000.0,0,-54,262,1812,-55,262,1816
1781645315.8669908,0.0,0.0,2000.0,0,-55,263,1819,-55,264,1825
1781645315.911653,0.0,0.0,2000.0,0,-55,262,1816,-55,263,1821
1781645315.9672012,0.0,0.0,2000.0,0,-59,262,1816,-60,263,1821
1781645316.01208,0.0,0.0,2000.0,0,-59,261,1809,-59,262,1812
1781645316.0610037,0.0,0.0,2000.0,0,-62,261,1809,-62,262,1812
1781645316.1247785,0.0,0.0,2000.0,0,-62,262,1816,-62,263,1821
1781645316.1677468,0.0,0.0,2000.0,0,-62,265,1816,-62,265,1821
1781645316.2219903,0.0,0.0,2000.0,0,-62,265,1816,-62,265,1821
1781645316.271511,0.0,0.0,2000.0,0,-57,268,1823,-57,269,1830
1781645316.3212652,0.0,0.0,2000.0,0,-59,265,1819,-60,266,1825
1781645316.3719976,0.0,0.0,2000.0,0,-64,266,1823,-65,267,1830
1781645316.426418,0.0,0.0,2000.0,0,-59,265,1819,-60,266,1825
1781645316.473287,0.0,0.0,2000.0,0,-67,263,1823,-67,264,1830
1781645316.5284624,0.0,0.0,2000.0,0,-67,263,1823,-67,264,1830
1781645316.575616,0.0,0.0,2000.0,0,-72,263,1823,-72,264,1830
1781645316.6425724,0.0,0.0,2000.0,0,-78,262,1816,-79,263,1821
1781645316.6800961,0.0,0.0,2000.0,0,-76,260,1819,-76,261,1825
1781645316.73305,0.0,0.0,2000.0,0,-69,260,1819,-69,261,1825
1781645316.776587,0.0,0.0,2000.0,0,-72,256,1823,-72,257,1830
1781645316.8485875,0.0,0.0,2000.0,0,-79,251,1823,-79,252,1830
1781645316.8861148,0.0,0.0,2000.0,0,-86,247,1826,-86,248,1834
1781645316.9311156,0.0,0.0,2000.0,0,-88,246,1819,-88,247,1825
1781645316.9827976,0.0,0.0,2000.0,0,-79,233,1829,-79,234,1839
1781645317.0376785,0.0,0.0,2000.0,0,-77,231,1837,-77,233,1848
1781645317.0925808,0.0,0.0,2000.0,0,-79,233,1829,-79,234,1839
1781645317.138226,0.0,0.0,2000.0,0,-74,239,1823,-74,240,1830
1781645317.194922,0.0,0.0,2000.0,0,-69,240,1829,-70,241,1839
1781645317.2399213,0.0,0.0,2000.0,0,-65,246,1837,-65,248,1848
1781645317.2945266,0.0,0.0,2000.0,0,-69,245,1826,-70,246,1834
1781645317.3420005,0.0,0.0,2000.0,0,-67,240,1829,-67,241,1839
1781645317.4018042,0.0,0.0,2000.0,0,-67,241,1833,-68,242,1844
1781645317.446489,0.0,0.0,2000.0,0,-69,238,1829,-70,239,1839
1781645317.4994164,0.0,0.0,2000.0,0,-72,240,1829,-72,241,1839
1781645317.5491817,0.0,0.0,2000.0,0,-81,237,1823,-81,238,1830
1781645317.600215,0.0,0.0,2000.0,0,-81,240,1826,-82,241,1834
1781645317.652096,0.0,0.0,2000.0,0,-89,240,1829,-89,241,1839
1781645317.7024257,0.0,0.0,2000.0,0,-91,239,1823,-91,240,1830
1781645317.7543669,0.0,0.0,2000.0,0,-98,241,1833,-99,242,1844
1781645317.8042774,0.0,0.0,2000.0,0,-105,240,1829,-106,241,1839
1781645317.8597727,0.0,0.0,2000.0,0,-113,241,1833,-114,242,1844
1781645317.9036367,0.0,0.0,2000.0,0,-120,243,1833,-121,244,1844
1781645317.956199,0.0,0.0,2000.0,0,-120,243,1829,-120,244,1839
1781645318.027727,0.0,0.0,2000.0,0,-115,245,1826,-115,246,1834
1781645318.061763,0.0,0.0,2000.0,0,-115,227,1837,-116,228,1848
1781645318.1064534,0.0,0.0,2000.0,0,-110,238,1829,-111,239,1839
1781645318.165322,0.0,0.0,2000.0,0,-112,241,1851,-113,243,1867
1781645318.2095337,0.0,0.0,2000.0,0,-104,248,1854,-105,251,1872
1781645318.2656782,0.0,0.0,2000.0,0,-99,249,1844,-100,251,1858
1781645318.311768,0.0,0.0,2000.0,0,-114,249,1858,-116,251,1877
1781645318.3690598,0.0,0.0,2000.0,0,-319,265,1960,-326,271,2007
1781645318.4112563,0.0,0.0,2000.0,0,-119,245,1851,-120,248,1867
1781645318.466263,0.0,0.0,2000.0,0,-110,251,1872,-112,254,1896
1781645318.5177748,0.0,0.0,2000.0,0,-113,250,1869,-114,253,1891
1781645318.5648148,0.0,0.0,2000.0,0,-114,246,1858,-116,249,1877
1781645318.6177108,0.0,0.0,2000.0,0,-106,247,1844,-107,249,1858
1781645318.6682997,0.0,0.0,2000.0,0,-107,250,1865,-109,253,1886
1781645318.7184603,0.0,0.0,2000.0,0,-114,247,1844,-114,249,1858
1781645318.7705514,0.0,0.0,2000.0,0,-119,248,1851,-120,250,1867
1781645318.8240628,0.0,0.0,2000.0,0,-119,249,1858,-120,251,1877
1781645318.8715308,0.0,0.0,2000.0,0,-149,249,1858,-150,251,1877
1781645318.9211473,0.0,0.0,2000.0,0,-116,242,1844,-117,244,1858
1781645318.97112,0.0,0.0,2000.0,0,-154,247,1865,-156,250,1886
1781645319.0416353,0.0,0.0,2000.0,0,-141,243,1851,-142,245,1867
1781645319.0731497,0.0,0.0,2000.0,0,-117,243,1829,-118,244,1839
1781645319.1277153,0.0,0.0,2000.0,0,-107,246,1854,-108,248,1872
1781645319.17388,0.0,0.0,2000.0,0,-123,244,1837,-124,245,1848
1781645319.2288291,0.0,0.0,2000.0,0,-122,243,1833,-123,244,1844
1781645319.2745032,0.0,0.0,2000.0,0,-112,244,1858,-113,246,1877
1781645319.3330905,0.0,0.0,2000.0,0,-127,244,1858,-128,246,1877
1781645319.3787246,0.0,0.0,2000.0,0,-69,247,1883,-70,251,1910
1781645319.4322639,0.0,0.0,2000.0,0,-167,379,1851,-169,382,1867
1781645319.482208,0.0,0.0,2000.0,0,-177,319,1854,-179,322,1872
1781645319.549867,0.0,0.0,2000.0,0,-180,309,1851,-181,311,1867
1781645319.63592,0.0,0.0,2000.0,0,-64,247,1880,-65,250,1905
1781645319.738677,0.0,0.0,2000.0,0,-153,43,1910,-156,43,1945
1781645319.7946808,0.0,0.0,2000.0,0,-150,77,1880,-152,78,1905
1781645319.8391452,0.0,0.0,2000.0,0,-146,240,1861,-148,242,1881
1781645319.8956978,0.0,0.0,2000.0,0,-147,240,1869,-149,243,1891
1781645319.9424143,0.0,0.0,2000.0,0,-109,245,1883,-110,248,1910
1781645319.9970376,0.0,0.0,2000.0,0,-163,504,1854,-164,509,1872
1781645320.062044,0.0,0.0,2000.0,0,-42,384,1913,-43,392,1950
1781645320.1399593,0.0,0.0,2000.0,0,-120,243,1869,-121,246,1891
1781645320.1997848,0.0,0.0,2000.0,0,-122,-117,1937,-125,-120,1981
1781645320.2341685,0.0,0.0,2000.0,0,-142,70,1906,-145,71,1940
1781645320.295196,0.0,0.0,2000.0,0,-143,178,1883,-145,181,1910
1781645320.3476663,0.0,0.0,2000.0,0,-139,200,1861,-141,203,1881
1781645320.4001641,0.0,0.0,2000.0,0,-139,120,1861,-141,121,1881
1781645320.4496572,0.0,0.0,2000.0,0,-142,65,1898,-144,66,1930
1781645320.5001495,0.0,0.0,2000.0,0,-111,-88,1925,-113,-90,1965
1781645320.5990953,0.0,0.0,2000.0,0,-133,236,1851,-135,238,1867
1781645320.7404847,0.0,0.0,2000.0,0,-13,-135,1973,-13,-138,2017
1781645320.7997692,0.0,0.0,2000.0,0,-118,-45,1921,-121,-46,1960
1781645320.8515246,0.0,0.0,2000.0,0,-145,28,1902,-147,28,1935
1781645320.9008822,0.0,0.0,2000.0,0,-142,63,1906,-145,64,1940
1781645320.9584577,0.0,0.0,2000.0,0,-137,45,1906,-140,46,1940
1781645321.0017366,0.0,0.0,2000.0,0,-147,25,1898,-149,25,1930
1781645321.0613883,0.0,0.0,2000.0,0,-147,25,1906,-150,26,1940
1781645321.1020248,0.0,0.0,2000.0,0,-137,20,1902,-139,20,1935
1781645321.1644177,0.0,0.0,2000.0,0,-142,20,1906,-145,20,1940
1781645321.2021244,0.0,0.0,2000.0,0,-141,-13,1917,-143,-13,1955
1781645321.2642467,0.0,0.0,2000.0,0,-131,234,1858,-133,237,1877
1781645321.3022482,0.0,0.0,2000.0,0,-129,240,1861,-131,242,1881
1781645321.365407,0.0,0.0,2000.0,0,-122,242,1858,-123,244,1877
1781645321.4021723,0.0,0.0,2000.0,0,-138,240,1847,-139,242,1862
1781645321.4669318,0.0,0.0,2000.0,0,-141,242,1858,-143,244,1877
1781645321.502389,0.0,0.0,2000.0,0,-138,235,1847,-139,237,1862
1781645321.5668283,0.0,0.0,2000.0,0,-143,235,1847,-144,237,1862
1781645321.6124864,0.0,0.0,2000.0,0,-143,235,1847,-144,237,1862
1781645321.6665328,0.0,0.0,2000.0,0,-141,237,1861,-143,240,1881
1781645321.7167213,0.0,0.0,2000.0,0,-138,235,1844,-139,237,1858
1781645321.7687664,0.0,0.0,2000.0,0,-136,236,1854,-137,238,1872
1781645321.8203251,0.0,0.0,2000.0,0,-137,233,1829,-137,234,1839
1781645321.8696558,0.0,0.0,2000.0,0,-148,231,1816,-148,232,1821
1781645321.925345,0.0,0.0,2000.0,0,-150,236,1851,-152,238,1867
1781645321.968454,0.0,0.0,2000.0,0,-154,237,1861,-155,240,1881
1781645322.0288343,0.0,0.0,2000.0,0,-154,238,1865,-156,240,1886
1781645322.068771,0.0,0.0,2000.0,0,-151,237,1861,-153,240,1881
1781645322.1308649,0.0,0.0,2000.0,0,-146,237,1858,-148,239,1877
1781645322.1755044,0.0,0.0,2000.0,0,-142,238,1869,-144,241,1891
1781645322.2315724,0.0,0.0,2000.0,0,-147,238,1869,-149,241,1891
1781645322.2765934,0.0,0.0,2000.0,0,-143,240,1887,-146,244,1915
1781645322.3345244,0.0,0.0,2000.0,0,-148,245,1887,-151,249,1915
1781645322.380158,0.0,0.0,2000.0,0,-149,247,1898,-152,251,1930
1781645322.4315715,0.0,0.0,2000.0,0,-147,248,1906,-150,252,1940
1781645322.4820728,0.0,0.0,2000.0,0,-150,251,1910,-153,255,1945
1781645322.5334089,0.0,0.0,2000.0,0,-149,249,1898,-152,253,1930
1781645322.5843318,0.0,0.0,2000.0,0,-152,253,1906,-155,257,1940
1781645322.635495,0.0,0.0,2000.0,0,-152,252,1898,-154,256,1930
1781645322.68737,0.0,0.0,2000.0,0,-155,259,1913,-158,264,1950
1781645322.7362878,0.0,0.0,2000.0,0,-155,253,1910,-158,258,1945
1781645322.7929063,0.0,0.0,2000.0,0,-151,254,1917,-154,259,1955
1781645322.8372784,0.0,0.0,2000.0,0,-149,252,1921,-152,257,1960
1781645322.8949196,0.0,0.0,2000.0,0,-148,254,1917,-151,259,1955
1781645322.9403906,0.0,0.0,2000.0,0,-144,258,1925,-147,263,1965
1781645322.9953964,0.0,0.0,2000.0,0,-141,255,1925,-144,261,1965
1781645323.0422633,0.0,0.0,2000.0,0,-134,255,1925,-136,261,1965
1781645323.0982928,0.0,0.0,2000.0,0,-139,255,1925,-142,261,1965
1781645323.1435466,0.0,0.0,2000.0,0,-129,253,1929,-132,259,1970
1781645323.2016802,0.0,0.0,2000.0,0,-131,253,1929,-134,259,1970
1781645323.2451887,0.0,0.0,2000.0,0,-132,254,1933,-135,259,1976
1781645323.299712,0.0,0.0,2000.0,0,-126,253,1925,-129,258,1965
1781645323.3484476,0.0,0.0,2000.0,0,-121,255,1921,-123,260,1960
1781645323.3996983,0.0,0.0,2000.0,0,-124,256,1929,-126,261,1970
1781645323.4511883,0.0,0.0,2000.0,0,-124,255,1925,-126,261,1965
1781645323.5007463,0.0,0.0,2000.0,0,-119,255,1925,-121,261,1965
1781645323.552145,0.0,0.0,2000.0,0,-116,255,1925,-118,261,1965
1781645323.6044815,0.0,0.0,2000.0,0,-114,256,1933,-116,262,1976
1781645323.6595504,0.0,0.0,2000.0,0,-111,253,1929,-114,259,1970
1781645323.7062933,0.0,0.0,2000.0,0,-111,252,1921,-113,257,1960
1781645323.7625124,0.0,0.0,2000.0,0,-114,256,1933,-116,262,1976
1781645323.8081338,0.0,0.0,2000.0,0,-114,253,1929,-116,259,1970
1781645323.863461,0.0,0.0,2000.0,0,-113,252,1921,-116,257,1960
1781645323.9083421,0.0,0.0,2000.0,0,-113,252,1921,-116,257,1960
1781645323.964709,0.0,0.0,2000.0,0,-116,253,1929,-119,259,1970
1781645324.011154,0.0,0.0,2000.0,0,-116,253,1929,-119,259,1970
1781645324.0658698,0.0,0.0,2000.0,0,-113,255,1925,-116,261,1965
1781645324.112438,0.0,0.0,2000.0,0,-121,256,1929,-124,261,1970
1781645324.167259,0.0,0.0,2000.0,0,-119,253,1929,-121,259,1970
1781645324.2134883,0.0,0.0,2000.0,0,-119,253,1929,-121,259,1970
1781645324.266318,0.0,0.0,2000.0,0,-116,255,1925,-118,261,1965
1781645324.3145034,0.0,0.0,2000.0,0,-114,256,1929,-116,261,1970
1781645324.366239,0.0,0.0,2000.0,0,-111,256,1929,-114,261,1970
1781645324.4157758,0.0,0.0,2000.0,0,-106,256,1933,-109,262,1976
1781645324.4673884,0.0,0.0,2000.0,0,-109,254,1933,-111,259,1976
1781645324.5178692,0.0,0.0,2000.0,0,-106,256,1929,-108,261,1970
1781645324.5684307,0.0,0.0,2000.0,0,-109,254,1933,-111,259,1976
1781645324.619321,0.0,0.0,2000.0,0,-109,256,1933,-111,262,1976
1781645324.6699774,0.0,0.0,2000.0,0,-112,257,1937,-114,263,1981
1781645324.7262778,0.0,0.0,2000.0,0,-114,256,1933,-116,262,1976
1781645324.7717397,0.0,0.0,2000.0,0,-111,256,1933,-114,262,1976
1781645324.8302286,0.0,0.0,2000.0,0,-111,254,1933,-114,259,1976
1781645324.8772068,0.0,0.0,2000.0,0,-112,257,1937,-114,263,1981
1781645324.9329834,0.0,0.0,2000.0,0,-114,258,1929,-116,264,1970
1781645324.977416,0.0,0.0,2000.0,0,-114,259,1937,-117,265,1981
1781645325.033836,0.0,0.0,2000.0,0,-112,257,1941,-114,263,1986
1781645325.0807745,0.0,0.0,2000.0,0,-112,259,1937,-114,265,1981
1781645325.1321247,0.0,0.0,2000.0,0,-112,260,1941,-114,266,1986
1781645325.184492,0.0,0.0,2000.0,0,-114,257,1937,-117,263,1981
1781645325.2362845,0.0,0.0,2000.0,0,-109,254,1937,-112,260,1981
1781645325.2870746,0.0,0.0,2000.0,0,-109,256,1933,-111,262,1976
1781645325.3370414,0.0,0.0,2000.0,0,-111,254,1933,-114,259,1976
1781645325.3954074,0.0,0.0,2000.0,0,-114,259,1933,-116,265,1976
1781645325.439229,0.0,0.0,2000.0,0,-111,259,1933,-114,265,1976
1781645325.495717,0.0,0.0,2000.0,0,-111,256,1933,-114,262,1976
1781645325.5415769,0.0,0.0,2000.0,0,-112,257,1937,-114,263,1981
1781645325.5978746,0.0,0.0,2000.0,0,-109,256,1933,-111,262,1976
1781645325.6433685,0.0,0.0,2000.0,0,-114,257,1937,-117,263,1981
1781645325.7005348,0.0,0.0,2000.0,0,-109,256,1933,-111,262,1976
1781645325.7442923,0.0,0.0,2000.0,0,-112,254,1937,-114,260,1981
1781645325.8000083,0.0,0.0,2000.0,0,-112,255,1941,-114,261,1986
1781645325.8468032,0.0,0.0,2000.0,0,-112,255,1941,-114,261,1986
1781645325.8995767,0.0,0.0,2000.0,0,-112,254,1937,-114,260,1981
1781645325.956125,0.0,0.0,2000.0,0,-109,254,1933,-111,259,1976
1781645325.9981253,0.0,0.0,2000.0,0,-114,254,1933,-116,259,1976
1781645326.049092,0.0,0.0,2000.0,0,-109,257,1937,-112,263,1981
1781645326.100857,0.0,0.0,2000.0,0,-106,254,1933,-109,259,1976
1781645326.151565,0.0,0.0,2000.0,0,-104,256,1933,-106,262,1976
1781645326.2032654,0.0,0.0,2000.0,0,-109,256,1933,-111,262,1976
1781645326.2595117,0.0,0.0,2000.0,0,-111,255,1925,-113,261,1965
1781645326.306632,0.0,0.0,2000.0,0,-116,256,1929,-119,261,1970
1781645326.3626342,0.0,0.0,2000.0,0,-114,254,1933,-116,259,1976
1781645326.4070466,0.0,0.0,2000.0,0,-116,253,1929,-119,259,1970
1781645326.46343,0.0,0.0,2000.0,0,-119,251,1933,-122,257,1976
1781645326.5085855,0.0,0.0,2000.0,0,-111,254,1933,-114,259,1976
1781645326.5664089,0.0,0.0,2000.0,0,-111,255,1925,-113,261,1965
1781645326.6099827,0.0,0.0,2000.0,0,-104,256,1933,-106,262,1976
1781645326.6676512,0.0,0.0,2000.0,0,-99,253,1929,-101,259,1970
1781645326.7128444,0.0,0.0,2000.0,0,-81,256,1929,-83,261,1970
1781645326.7661843,0.0,0.0,2000.0,0,-78,259,1933,-80,265,1976
1781645326.8154094,0.0,0.0,2000.0,0,-73,259,1937,-75,265,1981
1781645326.8670597,0.0,0.0,2000.0,0,-66,259,1937,-67,265,1981
1781645326.9163725,0.0,0.0,2000.0,0,-69,257,1941,-70,263,1986
1781645326.9670837,0.0,0.0,2000.0,0,-69,261,1948,-71,267,1996
1781645327.0165648,0.0,0.0,2000.0,0,-68,259,1937,-70,265,1981
1781645327.0680256,0.0,0.0,2000.0,0,-74,264,1948,-76,270,1996
1781645327.1213267,0.0,0.0,2000.0,0,-76,264,1948,-78,270,1996
1781645327.1721256,0.0,0.0,2000.0,0,-82,258,1948,-84,265,1996
1781645327.2285163,0.0,0.0,2000.0,0,-84,261,1952,-86,268,2001
1781645327.2729232,0.0,0.0,2000.0,0,-87,263,1960,-89,269,2007
1781645327.3287938,0.0,0.0,2000.0,0,-87,263,1964,-89,269,2011
1781645327.375497,0.0,0.0,2000.0,0,-90,264,1968,-92,270,2014
1781645327.4307573,0.0,0.0,2000.0,0,-90,264,1968,-92,270,2014
1781645327.4773507,0.0,0.0,2000.0,0,-88,264,1973,-90,270,2017
1781645327.5340376,0.0,0.0,2000.0,0,-90,264,1968,-92,270,2014
1781645327.5783117,0.0,0.0,2000.0,0,-88,264,1973,-90,270,2017
1781645327.632039,0.0,0.0,2000.0,0,-93,265,1977,-95,271,2020
1781645327.6816988,0.0,0.0,2000.0,0,-93,265,1977,-95,271,2020
1781645327.7333715,0.0,0.0,2000.0,0,-98,264,1973,-100,270,2017
1781645327.78305,0.0,0.0,2000.0,0,-93,261,1964,-95,267,2011
1781645327.8363307,0.0,0.0,2000.0,0,-93,258,1968,-95,264,2014
1781645327.8877306,0.0,0.0,2000.0,0,-90,258,1968,-92,264,2014
1781645327.9378045,0.0,0.0,2000.0,0,-95,264,1968,-98,270,2014
1781645327.9928916,0.0,0.0,2000.0,0,-95,261,1968,-98,267,2014
1781645328.040453,0.0,0.0,2000.0,0,-95,261,1968,-98,267,2014
1781645328.0951443,0.0,0.0,2000.0,0,-98,263,1964,-100,269,2011
1781645328.1342425,0.0,0.0,2000.0,0,-103,264,1968,-105,270,2014
1781645328.1947722,0.0,0.0,2000.0,0,-105,263,1960,-108,269,2007
1781645328.2341812,0.0,0.0,2000.0,0,-103,269,1973,-106,275,2017
1781645328.299046,0.0,0.0,2000.0,0,-106,269,1968,-108,275,2014
1781645328.3443303,0.0,0.0,2000.0,0,-101,272,1973,-103,278,2017
1781645328.399559,0.0,0.0,2000.0,0,-105,268,1964,-108,275,2011
1781645328.445994,0.0,0.0,2000.0,0,-100,270,1956,-102,276,2004
1781645328.4987931,0.0,0.0,2000.0,0,-103,270,1960,-105,277,2007
1781645328.5501144,0.0,0.0,2000.0,0,-100,273,1960,-103,279,2007
1781645328.5997634,0.0,0.0,2000.0,0,-95,270,1960,-97,277,2007
1781645328.6504452,0.0,0.0,2000.0,0,-98,273,1960,-100,279,2007
1781645328.7015831,0.0,0.0,2000.0,0,-102,272,1952,-105,278,2001
1781645328.7537303,0.0,0.0,2000.0,0,-102,269,1952,-105,276,2001
1781645328.80462,0.0,0.0,2000.0,0,-100,271,1948,-102,278,1996
1781645328.8568482,0.0,0.0,2000.0,0,-100,269,1952,-102,276,2001
1781645328.9007533,0.0,0.0,2000.0,0,-100,266,1948,-102,273,1996
1781645328.960821,0.0,0.0,2000.0,0,-100,269,1952,-102,276,2001
1781645329.0006568,0.0,0.0,2000.0,0,-92,270,1956,-94,276,2004
1781645329.0626252,0.0,0.0,2000.0,0,-100,271,1964,-103,277,2011
1781645329.1006238,0.0,0.0,2000.0,0,-92,265,1960,-95,271,2007
1781645329.1645198,0.0,0.0,2000.0,0,-95,268,1964,-97,275,2011
1781645329.2006986,0.0,0.0,2000.0,0,-90,267,1973,-92,273,2017
1781645329.2662847,0.0,0.0,2000.0,0,-96,267,1973,-98,273,2017
1781645329.3108363,0.0,0.0,2000.0,0,-83,269,1973,-84,275,2017
1781645329.3670309,0.0,0.0,2000.0,0,-85,269,1973,-87,275,2017
1781645329.4011,0.0,0.0,2000.0,0,-83,267,1973,-84,273,2017
1781645329.4660647,0.0,0.0,2000.0,0,-83,267,1977,-85,273,2020
1781645329.5153677,0.0,0.0,2000.0,0,-83,270,1977,-85,276,2020
1781645329.5678768,0.0,0.0,2000.0,0,-83,267,1977,-85,273,2020
1781645329.6183977,0.0,0.0,2000.0,0,-83,267,1977,-85,273,2020
1781645329.6680477,0.0,0.0,2000.0,0,-83,267,1977,-85,273,2020
1781645329.7193062,0.0,0.0,2000.0,0,-83,268,1981,-85,274,2024
1781645329.7691264,0.0,0.0,2000.0,0,-85,267,1977,-87,273,2020
1781645329.8195372,0.0,0.0,2000.0,0,-83,268,1981,-85,274,2024
1781645329.866922,0.0,0.0,2000.0,0,-83,268,1981,-85,274,2024
1781645329.926865,0.0,0.0,2000.0,0,-83,268,1985,-85,274,2027
1781645329.9712694,0.0,0.0,2000.0,0,-83,268,1985,-85,274,2027
1781645330.0285847,0.0,0.0,2000.0,0,-83,268,1985,-85,274,2027
1781645330.0715282,0.0,0.0,2000.0,0,-83,268,1981,-85,274,2024
1781645330.1332796,0.0,0.0,2000.0,0,-86,268,1981,-87,274,2024
1781645330.1789992,0.0,0.0,2000.0,0,-83,268,1981,-85,274,2024
1781645330.2337525,0.0,0.0,2000.0,0,-83,269,1989,-85,275,2030
1781645330.2793648,0.0,0.0,2000.0,0,-83,268,1981,-85,274,2024
1781645330.3328342,0.0,0.0,2000.0,0,-83,268,1985,-85,274,2027
1781645330.383682,0.0,0.0,2000.0,0,-81,268,1985,-82,274,2027
1781645330.4345462,0.0,0.0,2000.0,0,-83,268,1985,-85,274,2027
1781645330.4872432,0.0,0.0,2000.0,0,-80,267,1977,-82,273,2020
1781645330.5362313,0.0,0.0,2000.0,0,-80,267,1977,-82,273,2020
1781645330.587074,0.0,0.0,2000.0,0,-83,265,1981,-85,271,2024
1781645330.6385612,0.0,0.0,2000.0,0,-80,265,1977,-82,271,2020
1781645330.6963007,0.0,0.0,2000.0,0,-83,264,1973,-84,270,2017
1781645330.7417774,0.0,0.0,2000.0,0,-80,265,1981,-82,271,2024
1781645330.7967486,0.0,0.0,2000.0,0,-78,262,1977,-79,268,2020
1781645330.843735,0.0,0.0,2000.0,0,-77,264,1973,-79,270,2017
1781645330.899057,0.0,0.0,2000.0,0,-78,265,1977,-79,271,2020
1781645330.9441602,0.0,0.0,2000.0,0,-78,265,1977,-79,271,2020
1781645330.9993827,0.0,0.0,2000.0,0,-75,259,1973,-77,265,2017
1781645331.048157,0.0,0.0,2000.0,0,-75,261,1968,-76,267,2014
1781645331.1002505,0.0,0.0,2000.0,0,-77,264,1968,-79,270,2014
1781645331.1485376,0.0,0.0,2000.0,0,-75,258,1968,-76,264,2014
1781645331.2006202,0.0,0.0,2000.0,0,-75,263,1964,-76,269,2011
1781645331.2493703,0.0,0.0,2000.0,0,-77,258,1964,-79,264,2011
1781645331.3020558,0.0,0.0,2000.0,0,-75,264,1968,-76,270,2014
1781645331.3515937,0.0,0.0,2000.0,0,-74,257,1960,-76,264,2007
1781645331.4023898,0.0,0.0,2000.0,0,-77,263,1960,-79,269,2007
1781645331.4551487,0.0,0.0,2000.0,0,-75,263,1964,-76,269,2011
1781645331.5042062,0.0,0.0,2000.0,0,-75,258,1964,-76,264,2011
1781645331.5591552,0.0,0.0,2000.0,0,-75,258,1964,-76,264,2011
1781645331.6046455,0.0,0.0,2000.0,0,-77,263,1960,-79,269,2007
1781645331.6592584,0.0,0.0,2000.0,0,-74,260,1960,-76,266,2007
1781645331.70694,0.0,0.0,2000.0,0,-74,260,1960,-76,266,2007
1781645331.7620938,0.0,0.0,2000.0,0,-74,257,1956,-76,263,2004
1781645331.8098066,0.0,0.0,2000.0,0,-69,254,1956,-71,261,2004
1781645331.86496,0.0,0.0,2000.0,0,-67,254,1956,-68,261,2004
1781645331.909907,0.0,0.0,2000.0,0,-72,255,1960,-74,261,2007
1781645331.964086,0.0,0.0,2000.0,0,-69,254,1956,-71,261,2004
1781645332.0100994,0.0,0.0,2000.0,0,-59,251,1948,-60,257,1996
1781645332.0669293,0.0,0.0,2000.0,0,-64,252,1956,-66,258,2004
1781645332.1120124,0.0,0.0,2000.0,0,-56,251,1948,-57,257,1996
1781645332.1669905,0.0,0.0,2000.0,0,-58,248,1945,-60,254,1991
1781645332.2133336,0.0,0.0,2000.0,0,-53,245,1945,-55,251,1991
1781645332.2670782,0.0,0.0,2000.0,0,-56,243,1945,-57,248,1991
1781645332.3138833,0.0,0.0,2000.0,0,-56,241,1933,-57,246,1976
1781645332.366305,0.0,0.0,2000.0,0,-53,233,1933,-54,239,1976
1781645332.417256,0.0,0.0,2000.0,0,-60,233,1925,-62,237,1965
1781645332.466792,0.0,0.0,2000.0,0,-75,219,1921,-77,224,1960
1781645332.51669,0.0,0.0,2000.0,0,-80,219,1913,-82,223,1950
1781645332.5688055,0.0,0.0,2000.0,0,-90,207,1902,-91,211,1935
1781645332.621188,0.0,0.0,2000.0,0,-96,203,1887,-98,206,1915
1781645332.6702027,0.0,0.0,2000.0,0,-111,196,1891,-113,199,1920
1781645332.725964,0.0,0.0,2000.0,0,-135,194,1872,-137,197,1896
1781645332.7728202,0.0,0.0,2000.0,0,-165,178,1880,-167,180,1905
1781645332.8293495,0.0,0.0,2000.0,0,-180,166,1858,-182,168,1877
1781645332.8740895,0.0,0.0,2000.0,0,-212,144,1858,-214,145,1877
1781645332.9281106,0.0,0.0,2000.0,0,-229,135,1837,-230,136,1848
1781645332.975698,0.0,0.0,2000.0,0,-245,113,1833,-247,114,1844
1781645333.0325298,0.0,0.0,2000.0,0,-243,83,1802,-244,83,1803
1781645333.077429,0.0,0.0,2000.0,0,-250,68,1718,-246,67,1692
1781645333.1339912,0.0,0.0,2000.0,0,-251,63,1650,-244,61,1602
1781645333.1799953,0.0,0.0,2000.0,0,-255,66,1622,-246,64,1565
1781645333.2333376,0.0,0.0,2000.0,0,-256,67,1590,-246,64,1522
1781645333.2820191,0.0,0.0,2000.0,0,-250,55,1551,-238,52,1478
1781645333.3320208,0.0,0.0,2000.0,0,-240,50,1527,-229,48,1453
1781645333.3829632,0.0,0.0,2000.0,0,-225,35,1468,-214,33,1394
1781645333.4326794,0.0,0.0,2000.0,0,-231,19,1453,-219,18,1379
1781645333.483128,0.0,0.0,2000.0,0,-210,7,1408,-199,7,1334
1781645333.5338638,0.0,0.0,2000.0,0,-175,-2,1393,-166,-2,1320
1781645333.5871522,0.0,0.0,2000.0,0,-155,2,1345,-147,2,1270
1781645333.6358383,0.0,0.0,2000.0,0,-121,-5,1335,-114,-5,1261
1781645333.6929579,0.0,0.0,2000.0,0,-110,-5,1290,-104,-5,1216
1781645333.7354033,0.0,0.0,2000.0,0,-70,-5,1277,-66,-5,1202
1781645333.7922552,0.0,0.0,2000.0,0,-35,-5,1229,-33,-5,1155
1781645333.8378708,0.0,0.0,2000.0,0,-1,-6,1213,-1,-6,1139
1781645333.8956373,0.0,0.0,2000.0,0,20,-9,1156,19,-8,1082
1781645333.943872,0.0,0.0,2000.0,0,43,-6,1133,40,-6,1058
1781645333.996504,0.0,0.0,2000.0,0,40,-5,1049,37,-5,976
1781645334.0434053,0.0,0.0,2000.0,0,49,-5,977,46,-5,911
1781645334.0987515,0.0,0.0,2000.0,0,57,-7,949,54,-7,885
1781645350.6910405,1000.0,0.0,2000.0,0,-73,-6,772,-68,-6,723
1781645350.7416377,1000.0,0.0,2000.0,0,-65,-7,758,-61,-6,710
1781645350.8125224,1000.0,0.0,2000.0,0,-61,-7,741,-57,-6,695
1781645350.8440406,1000.0,0.0,2000.0,0,-61,-7,736,-57,-6,690
1781645350.8986228,1000.0,0.0,2000.0,0,-58,-6,710,-54,-6,667
1781645350.946159,1000.0,0.0,2000.0,0,-61,-5,694,-57,-5,652
1781645350.9988887,1000.0,0.0,2000.0,0,-60,-5,685,-57,-5,644
1781645351.0459208,1000.0,0.0,2000.0,0,-58,-5,673,-55,-5,633
1781645351.1036358,1000.0,0.0,2000.0,0,-57,-5,667,-53,-5,627
1781645351.1496387,1000.0,0.0,2000.0,0,-59,-6,658,-55,-6,619
1781645351.2026396,1000.0,0.0,2000.0,0,-56,-6,638,-53,-5,601
1781645351.248189,1000.0,0.0,2000.0,0,-57,-6,629,-54,-5,593
1781645351.3201852,1000.0,0.0,2000.0,0,-57,-6,620,-54,-5,585
1781645351.3497221,1000.0,0.0,2000.0,0,-60,-5,595,-57,-4,562
1781645351.4067168,1000.0,0.0,2000.0,0,-62,-5,590,-58,-4,557
1781645351.455072,1000.0,0.0,2000.0,0,-70,-4,580,-66,-4,548
1781645351.5063412,1000.0,0.0,2000.0,0,-70,-4,576,-66,-4,544
1781645351.5546732,1000.0,0.0,2000.0,0,-75,-3,578,-71,-3,546
1781645351.605896,1000.0,0.0,2000.0,0,-81,-3,579,-77,-3,547
1781645351.6566038,1000.0,0.0,2000.0,0,-85,-2,589,-80,-2,556
1781645351.7075996,1000.0,0.0,2000.0,0,-93,-4,594,-88,-4,561
1781645351.7573647,1000.0,0.0,2000.0,0,-105,-2,614,-99,-1,579
1781645351.8103757,1000.0,0.0,2000.0,0,-113,2,623,-106,2,587
1781645351.8938975,1000.0,0.0,2000.0,0,-123,0,649,-116,0,611
1781645351.9138975,1000.0,0.0,2000.0,0,-140,4,663,-132,3,624
1781645351.9657092,1000.0,0.0,2000.0,0,-153,11,698,-144,10,656
1781645352.0103493,1000.0,0.0,2000.0,0,-168,21,710,-157,20,667
1781645352.0690145,1000.0,0.0,2000.0,0,-178,29,744,-167,27,697
1781645352.1138437,1000.0,0.0,2000.0,0,-188,31,762,-176,29,714
1781645352.1696253,1000.0,0.0,2000.0,0,-195,36,800,-183,33,749
1781645352.2137368,1000.0,0.0,2000.0,0,-190,38,821,-177,35,768
1781645352.2669387,1000.0,0.0,2000.0,0,-196,42,869,-183,39,812
1781645352.3137865,1000.0,0.0,2000.0,0,-200,50,923,-186,46,861
1781645352.3710382,1000.0,0.0,2000.0,0,-202,54,951,-188,50,887
1781645352.4137022,1000.0,0.0,2000.0,0,-211,62,1010,-196,58,941
1781645352.471677,1000.0,0.0,2000.0,0,-212,68,1042,-197,64,970
1781645352.5143268,1000.0,0.0,2000.0,0,-214,84,1108,-199,79,1033
1781645352.574601,1000.0,0.0,2000.0,0,-202,101,1130,-188,94,1056
1781645352.614467,1000.0,0.0,2000.0,0,-201,107,1181,-189,100,1106
1781645352.6647818,1000.0,0.0,2000.0,0,-183,121,1213,-172,114,1139
1781645352.7322075,1000.0,0.0,2000.0,0,-178,131,1243,-167,123,1169
1781645352.7787857,1000.0,0.0,2000.0,0,-164,139,1273,-154,131,1199
1781645352.8326795,1000.0,0.0,2000.0,0,-159,149,1317,-150,140,1243
1781645352.865295,1000.0,0.0,2000.0,0,-159,149,1333,-150,141,1259
1781645352.929189,1000.0,0.0,2000.0,0,-159,157,1377,-150,149,1303
1781645352.9933498,1000.0,0.0,2000.0,0,-164,162,1389,-155,154,1315
1781645353.0307834,1000.0,0.0,2000.0,0,-168,167,1427,-160,158,1353
1781645353.0815496,1000.0,0.0,2000.0,0,-174,171,1446,-166,162,1372
1781645353.1364853,1000.0,0.0,2000.0,0,-177,177,1479,-168,168,1406
1781645353.180754,1000.0,0.0,2000.0,0,-193,184,1536,-184,175,1463
1781645353.2370641,1000.0,0.0,2000.0,0,-197,185,1561,-187,176,1488
1781645353.2824478,1000.0,0.0,2000.0,0,-198,192,1608,-191,185,1547
1781645353.3341477,1000.0,0.0,2000.0,0,-203,197,1630,-196,190,1576
1781645353.3803134,1000.0,0.0,2000.0,0,-202,204,1656,-196,199,1609
1781645353.43955,1000.0,0.0,2000.0,0,-198,212,1679,-194,207,1640
1781645353.4955788,1000.0,0.0,2000.0,0,-194,221,1718,-191,218,1692
1781645353.5492368,1000.0,0.0,2000.0,0,-190,225,1727,-188,221,1704
1781645353.5858967,1000.0,0.0,2000.0,0,-185,231,1759,-183,229,1746
1781645353.6376116,1000.0,0.0,2000.0,0,-181,236,1765,-179,235,1754
1781645353.680704,1000.0,0.0,2000.0,0,-162,245,1795,-162,245,1794
1781645353.7368052,1000.0,0.0,2000.0,0,-152,256,1809,-152,257,1812
1781645353.780451,1000.0,0.0,2000.0,0,-141,262,1829,-142,263,1839
1781645353.8376715,1000.0,0.0,2000.0,0,-116,273,1840,-117,275,1853
1781645353.8803916,1000.0,0.0,2000.0,0,-108,277,1869,-109,281,1891
1781645353.9436786,1000.0,0.0,2000.0,0,-94,286,1895,-96,291,1925
1781645353.9816723,1000.0,0.0,2000.0,0,-83,286,1913,-84,292,1950
1781645354.0484633,1000.0,0.0,2000.0,0,-73,294,1929,-75,300,1970
1781645354.1113784,1000.0,0.0,2000.0,0,-71,296,1945,-73,303,1991
1781645354.1469352,1000.0,0.0,2000.0,0,-66,297,1952,-68,305,2001
1781645354.2015853,1000.0,0.0,2000.0,0,-64,299,1964,-66,306,2011
1781645354.2480924,1000.0,0.0,2000.0,0,-60,303,1989,-61,309,2030
1781645354.30377,1000.0,0.0,2000.0,0,-61,307,2018,-62,313,2054
1781645354.3491688,1000.0,0.0,2000.0,0,-67,318,2053,-68,323,2082
1781645354.404854,1000.0,0.0,2000.0,0,-68,317,2066,-68,321,2092
1781645354.4498534,1000.0,0.0,2000.0,0,-77,318,2089,-77,321,2110
1781645354.504394,1000.0,0.0,2000.0,0,-80,323,2102,-80,326,2121
1781645354.5749586,1000.0,0.0,2000.0,0,-83,327,2126,-84,329,2140
1781645354.6079578,1000.0,0.0,2000.0,0,-84,329,2140,-84,331,2152
1781645354.6544924,1000.0,0.0,2000.0,0,-91,336,2169,-91,337,2175
1781645354.707391,1000.0,0.0,2000.0,0,-97,338,2179,-97,338,2183
1781645354.7566645,1000.0,0.0,2000.0,0,-101,340,2194,-101,340,2195
1781645354.8080506,1000.0,0.0,2000.0,0,-101,340,2194,-101,340,2195
1781645354.8583145,1000.0,0.0,2000.0,0,-107,341,2199,-107,341,2199
1781645354.9090128,1000.0,0.0,2000.0,0,-107,341,2204,-107,341,2204
1781645354.9656715,1000.0,0.0,2000.0,0,-112,344,2199,-112,344,2199
1781645355.0106702,1000.0,0.0,2000.0,0,-122,344,2219,-122,344,2219
1781645355.0681818,1000.0,0.0,2000.0,0,-119,344,2219,-119,344,2219
1781645355.1171818,1000.0,0.0,2000.0,0,-122,345,2209,-122,345,2209
1781645355.1685216,1000.0,0.0,2000.0,0,-128,344,2219,-128,344,2219
1781645355.2155664,1000.0,0.0,2000.0,0,-134,344,2219,-134,344,2219
1781645355.270227,1000.0,0.0,2000.0,0,-131,344,2219,-131,344,2219
1781645355.3170176,1000.0,0.0,2000.0,0,-134,345,2224,-134,345,2224
1781645355.373615,1000.0,0.0,2000.0,0,-134,347,2219,-134,347,2219
1781645355.4181364,1000.0,0.0,2000.0,0,-134,350,2224,-134,350,2224
1781645355.4708228,1000.0,0.0,2000.0,0,-134,350,2219,-134,350,2219
1781645355.5198185,1000.0,0.0,2000.0,0,-128,347,2219,-128,347,2219
1781645355.571935,1000.0,0.0,2000.0,0,-134,353,2219,-134,353,2219
1781645355.6230767,1000.0,0.0,2000.0,0,-134,353,2224,-134,353,2224
1781645355.6748798,1000.0,0.0,2000.0,0,-131,353,2219,-131,353,2219
1781645355.7254117,1000.0,0.0,2000.0,0,-131,353,2224,-131,353,2224
1781645355.7769396,1000.0,0.0,2000.0,0,-125,353,2224,-125,353,2224
1781645355.8350108,1000.0,0.0,2000.0,0,-131,353,2224,-131,353,2224
1781645355.8795724,1000.0,0.0,2000.0,0,-125,353,2224,-125,353,2224
1781645355.9357486,1000.0,0.0,2000.0,0,-131,354,2229,-131,354,2229
1781645355.982351,1000.0,0.0,2000.0,0,-128,353,2224,-128,353,2224
1781645356.0373476,1000.0,0.0,2000.0,0,-128,354,2229,-128,354,2229
1781645356.0832229,1000.0,0.0,2000.0,0,-123,357,2229,-123,357,2229
1781645356.1386924,1000.0,0.0,2000.0,0,-126,354,2229,-126,354,2229
1781645356.1832955,1000.0,0.0,2000.0,0,-126,357,2229,-126,357,2229
1781645356.239361,1000.0,0.0,2000.0,0,-126,358,2235,-126,358,2235
1781645356.2839408,1000.0,0.0,2000.0,0,-123,356,2240,-123,356,2240
1781645356.3371565,1000.0,0.0,2000.0,0,-126,356,2240,-126,356,2240
1781645356.387481,1000.0,0.0,2000.0,0,-130,360,2250,-130,360,2250
1781645356.438263,1000.0,0.0,2000.0,0,-120,356,2240,-120,356,2240
1781645356.4900134,1000.0,0.0,2000.0,0,-121,358,2250,-121,358,2250
1781645356.5409243,1000.0,0.0,2000.0,0,-120,356,2240,-120,356,2240
1781645356.59107,1000.0,0.0,2000.0,0,-121,357,2245,-121,357,2245
1781645356.6410694,1000.0,0.0,2000.0,0,-121,358,2250,-121,358,2250
1781645356.6896443,1000.0,0.0,2000.0,0,-120,356,2240,-120,356,2240
1781645356.7466514,1000.0,0.0,2000.0,0,-112,360,2245,-112,360,2245
1781645356.7931616,1000.0,0.0,2000.0,0,-112,358,2250,-112,358,2250
1781645356.8439806,1000.0,0.0,2000.0,0,-115,358,2250,-115,358,2250
1781645356.9017565,1000.0,0.0,2000.0,0,-118,357,2245,-118,357,2245
1781645356.9467788,1000.0,0.0,2000.0,0,-109,358,2250,-109,358,2250
1781645357.252967,1000.0,0.0,2000.0,2,1087,-24,4676,1087,-24,4676
1781645357.3034966,1000.0,0.0,2000.0,2,790,-17,4358,790,-17,4358
1781645357.3499556,1000.0,0.0,2000.0,2,130,-14,3645,130,-14,3645
1781645357.4070008,1000.0,0.0,2000.0,2,-76,-13,3412,-76,-13,3412
1781645357.4513803,1000.0,0.0,2000.0,2,-350,-16,2496,-350,-16,2496
1781645357.5067317,1000.0,0.0,2000.0,2,-761,-11,2828,-761,-11,2828
1781645357.5521538,1000.0,0.0,2000.0,2,-842,-11,2803,-842,-11,2803
1781645357.758469,1000.0,0.0,2000.0,0,-24,73,467,-23,69,439
1781645357.9104083,1000.0,0.0,2000.0,0,-24,70,451,-22,66,423
1781645357.9660554,1000.0,0.0,2000.0,0,-22,65,416,-21,61,389
1781645358.01332,1000.0,0.0,2000.0,0,-21,66,422,-20,62,394
1781645358.068559,1000.0,0.0,2000.0,0,-21,65,418,-20,61,391
1781645358.1119206,1000.0,0.0,2000.0,0,-111,350,2240,-111,350,2240
1781645358.1714482,1000.0,0.0,2000.0,0,-117,348,2229,-117,348,2229
1781645358.229453,1000.0,0.0,2000.0,0,-111,350,2240,-111,350,2240
1781645358.2697668,1000.0,0.0,2000.0,0,-111,348,2229,-111,348,2229
1781645358.317966,1000.0,0.0,2000.0,0,-114,346,2235,-114,346,2235
1781645358.3731833,1000.0,0.0,2000.0,0,-111,349,2235,-111,349,2235
1781645358.4190645,1000.0,0.0,2000.0,0,-114,348,2229,-114,348,2229
1781645358.471191,1000.0,0.0,2000.0,0,-111,348,2224,-111,348,2224
1781645358.5212812,1000.0,0.0,2000.0,0,-111,348,2229,-111,348,2229
1781645358.5728042,1000.0,0.0,2000.0,0,-111,348,2229,-111,348,2229
1781645358.6237068,1000.0,0.0,2000.0,0,-105,348,2229,-105,348,2229
1781645358.6757777,1000.0,0.0,2000.0,0,-105,345,2229,-105,345,2229
1781645358.7328572,1000.0,0.0,2000.0,0,-108,345,2229,-108,345,2229
1781645358.7780507,1000.0,0.0,2000.0,0,-105,344,2219,-105,344,2219
1781645358.8351097,1000.0,0.0,2000.0,0,-108,345,2224,-108,345,2224
1781645358.8823233,1000.0,0.0,2000.0,0,-96,344,2219,-96,344,2219
1781645358.9371252,1000.0,0.0,2000.0,0,-102,345,2224,-102,345,2224
1781645358.9819558,1000.0,0.0,2000.0,0,-96,345,2224,-96,345,2224
1781645359.0382643,1000.0,0.0,2000.0,0,-96,345,2224,-96,345,2224
1781645359.0830061,1000.0,0.0,2000.0,0,-99,345,2224,-99,345,2224
1781645359.1388395,1000.0,0.0,2000.0,0,-99,343,2214,-99,343,2214
1781645359.1833813,1000.0,0.0,2000.0,0,-102,344,2219,-102,344,2219
1781645359.23834,1000.0,0.0,2000.0,0,-96,343,2214,-96,343,2214
1781645359.2898781,1000.0,0.0,2000.0,0,-105,344,2219,-105,344,2219
1781645359.340874,1000.0,0.0,2000.0,0,-102,345,2224,-102,345,2224
1781645359.3899438,1000.0,0.0,2000.0,0,-104,343,2214,-104,343,2214
1781645359.442005,1000.0,0.0,2000.0,0,-110,344,2219,-110,344,2219
1781645359.4961765,1000.0,0.0,2000.0,0,-105,344,2219,-105,344,2219
1781645359.5426028,1000.0,0.0,2000.0,0,-101,343,2214,-101,343,2214
1781645359.59911,1000.0,0.0,2000.0,0,-105,344,2219,-105,344,2219
1781645359.643485,1000.0,0.0,2000.0,0,-102,344,2219,-102,344,2219
1781645359.6990027,1000.0,0.0,2000.0,0,-96,345,2224,-96,345,2224
1781645359.7430022,1000.0,0.0,2000.0,0,-101,343,2214,-101,343,2214
1781645359.8055935,1000.0,0.0,2000.0,0,-102,348,2224,-102,348,2224
1781645359.8545945,1000.0,0.0,2000.0,0,-99,344,2219,-99,344,2219
1781645359.9021528,1000.0,0.0,2000.0,0,-99,343,2214,-99,343,2214
1781645359.9466724,1000.0,0.0,2000.0,0,-102,347,2219,-102,347,2219
1781645360.0022705,1000.0,0.0,2000.0,0,-102,345,2224,-102,345,2224
1781645360.0484934,1000.0,0.0,2000.0,0,-102,345,2224,-102,345,2224
1781645360.103565,1000.0,0.0,2000.0,0,-105,344,2219,-105,344,2219
1781645360.1490192,1000.0,0.0,2000.0,0,-105,345,2229,-105,345,2229
1781645360.2045274,1000.0,0.0,2000.0,0,-105,345,2224,-105,345,2224
1781645360.2495277,1000.0,0.0,2000.0,0,-111,350,2224,-111,350,2224
1781645360.314118,1000.0,0.0,2000.0,0,-108,347,2219,-108,347,2219
1781645360.359162,1000.0,0.0,2000.0,0,-111,350,2224,-111,350,2224
1781645360.4061327,1000.0,0.0,2000.0,0,-110,350,2219,-110,350,2219
1781645360.452128,1000.0,0.0,2000.0,0,-111,348,2229,-111,348,2229
1781645360.5057325,1000.0,0.0,2000.0,0,-111,350,2224,-111,350,2224
1781645360.5522249,1000.0,0.0,2000.0,0,-110,347,2219,-110,347,2219
1781645360.6051266,1000.0,0.0,2000.0,0,-108,350,2224,-108,350,2224
1781645360.6554089,1000.0,0.0,2000.0,0,-111,350,2224,-111,350,2224
1781645360.7050579,1000.0,0.0,2000.0,0,-111,350,2224,-111,350,2224
1781645360.7560554,1000.0,0.0,2000.0,0,-114,350,2224,-114,350,2224
1781645360.822624,1000.0,0.0,2000.0,0,-114,350,2224,-114,350,2224
1781645360.8616366,1000.0,0.0,2000.0,0,-114,353,2224,-114,353,2224
1781645360.909449,1000.0,0.0,2000.0,0,-114,348,2229,-114,348,2229
1781645360.9667578,1000.0,0.0,2000.0,0,-119,353,2224,-119,353,2224
1781645361.0120523,1000.0,0.0,2000.0,0,-113,355,2219,-113,355,2219
1781645361.0697558,1000.0,0.0,2000.0,0,-111,353,2224,-111,353,2224
1781645361.113091,1000.0,0.0,2000.0,0,-117,355,2235,-117,355,2235
1781645361.1702855,1000.0,0.0,2000.0,0,-117,354,2229,-117,354,2229
1781645361.2138157,1000.0,0.0,2000.0,0,-117,355,2235,-117,355,2235
1781645361.2688508,1000.0,0.0,2000.0,0,-117,354,2229,-117,354,2229
1781645361.3183665,1000.0,0.0,2000.0,0,-123,354,2229,-123,354,2229
1781645361.372369,1000.0,0.0,2000.0,0,-123,355,2235,-123,355,2235
1781645361.4185896,1000.0,0.0,2000.0,0,-117,354,2229,-117,354,2229
1781645361.4721346,1000.0,0.0,2000.0,0,-123,356,2240,-123,356,2240
1781645361.52069,1000.0,0.0,2000.0,0,-117,354,2229,-117,354,2229
1781645361.5724874,1000.0,0.0,2000.0,0,-108,354,2229,-108,354,2229
1781645361.622518,1000.0,0.0,2000.0,0,-108,363,2229,-108,363,2229
1781645361.6732101,1000.0,0.0,2000.0,0,-97,373,2235,-97,373,2235
1781645361.722691,1000.0,0.0,2000.0,0,-91,376,2240,-91,376,2240
1781645361.7737014,1000.0,0.0,2000.0,0,-82,367,2235,-82,367,2235
1781645361.82702,1000.0,0.0,2000.0,0,-79,368,2240,-79,368,2240
1781645361.876243,1000.0,0.0,2000.0,0,-53,366,2250,-53,366,2250
1781645361.9319522,1000.0,0.0,2000.0,0,-41,363,2250,-41,363,2250
1781645361.9780853,1000.0,0.0,2000.0,0,-23,368,2261,-23,368,2261
1781645362.0390418,1000.0,0.0,2000.0,0,-9,372,2266,-9,372,2266
1781645362.0795963,1000.0,0.0,2000.0,0,3,376,2272,3,376,2272
1781645362.135527,1000.0,0.0,2000.0,0,24,378,2283,24,378,2283
1781645362.1795626,1000.0,0.0,2000.0,0,58,380,2299,58,380,2299
1781645362.237311,1000.0,0.0,2000.0,0,76,381,2304,76,381,2304
1781645362.28228,1000.0,0.0,2000.0,0,120,390,2338,120,390,2338
1781645362.3369184,1000.0,0.0,2000.0,0,129,396,2338,129,396,2338
1781645362.3821743,1000.0,0.0,2000.0,0,165,396,2373,165,396,2373
1781645362.4541721,1000.0,0.0,2000.0,0,158,397,2361,158,397,2361
1781645362.4936922,1000.0,0.0,2000.0,0,176,392,2350,176,392,2350
1781645362.538767,1000.0,0.0,2000.0,0,175,390,2338,175,390,2338
1781645362.5879219,1000.0,0.0,2000.0,0,182,389,2350,182,389,2350
1781645362.6388853,1000.0,0.0,2000.0,0,183,390,2355,183,390,2355
1781645362.6889231,1000.0,0.0,2000.0,0,182,394,2344,182,394,2344
1781645362.7399068,1000.0,0.0,2000.0,0,189,391,2361,189,391,2361
1781645362.7886312,1000.0,0.0,2000.0,0,195,399,2391,195,399,2391
1781645362.8396251,1000.0,0.0,2000.0,0,204,388,2385,204,388,2385
1781645362.8902566,1000.0,0.0,2000.0,0,204,389,2391,204,389,2391
1781645362.9572566,1000.0,0.0,2000.0,0,224,387,2397,224,387,2397
1781645362.9907722,1000.0,0.0,2000.0,0,249,393,2397,249,393,2397
1781645363.0442863,1000.0,0.0,2000.0,0,263,395,2409,263,395,2409
1781645363.0989506,1000.0,0.0,2000.0,0,267,399,2415,267,399,2415
1781645363.144159,1000.0,0.0,2000.0,0,282,396,2415,282,396,2415
1781645363.1987317,1000.0,0.0,2000.0,0,287,402,2427,287,402,2427
1781645363.2458332,1000.0,0.0,2000.0,0,333,407,2439,333,407,2439
1781645363.299083,1000.0,0.0,2000.0,0,349,407,2439,349,407,2439
1781645363.3481245,1000.0,0.0,2000.0,0,383,412,2471,383,412,2471
1781645363.407605,1000.0,0.0,2000.0,0,393,409,2471,393,409,2471
1781645363.4516106,1000.0,0.0,2000.0,0,421,411,2484,421,411,2484
1781645363.5040061,1000.0,0.0,2000.0,0,435,409,2471,435,409,2471
1781645363.5487618,1000.0,0.0,2000.0,0,451,412,2490,451,412,2490
1781645363.6039274,1000.0,0.0,2000.0,0,453,403,2496,453,403,2496
1781645363.6507573,1000.0,0.0,2000.0,0,456,403,2496,456,403,2496
1781645363.7075024,1000.0,0.0,2000.0,0,449,406,2496,449,406,2496
1781645363.7520099,1000.0,0.0,2000.0,0,452,412,2510,452,412,2510
1781645363.8068585,1000.0,0.0,2000.0,0,452,422,2510,452,422,2510
1781645363.8534272,1000.0,0.0,2000.0,0,454,424,2523,454,424,2523
1781645363.9050565,1000.0,0.0,2000.0,0,452,425,2550,452,425,2550
1781645363.9570591,1000.0,0.0,2000.0,0,458,424,2563,458,424,2563
1781645364.0094059,1000.0,0.0,2000.0,0,457,420,2577,457,420,2577
1781645364.065583,1000.0,0.0,2000.0,0,473,412,2591,473,412,2591
1781645364.110826,1000.0,0.0,2000.0,0,468,414,2584,468,414,2584
1781645364.1666772,1000.0,0.0,2000.0,0,479,414,2584,479,414,2584
1781645364.211639,1000.0,0.0,2000.0,0,534,416,2556,534,416,2556
1781645364.2659981,1000.0,0.0,2000.0,0,539,411,2503,539,411,2503
1781645364.3134003,1000.0,0.0,2000.0,0,565,406,2471,565,406,2471
1781645364.367396,1000.0,0.0,2000.0,0,574,402,2427,574,402,2427
1781645364.4155443,1000.0,0.0,2000.0,0,589,400,2397,589,400,2397
1781645364.4708612,1000.0,0.0,2000.0,0,603,393,2355,603,393,2355
1781645364.5169437,1000.0,0.0,2000.0,0,719,98,2670,719,98,2670
1781645364.573819,1000.0,0.0,2000.0,0,739,88,2678,739,88,2678
1781645364.622619,1000.0,0.0,2000.0,0,772,85,2685,772,85,2685
1781645364.672642,1000.0,0.0,2000.0,0,782,85,2693,782,85,2693
1781645364.725109,1000.0,0.0,2000.0,0,792,85,2693,792,85,2693
1781645364.775944,1000.0,0.0,2000.0,0,791,88,2678,791,88,2678
1781645364.8265872,1000.0,0.0,2000.0,0,802,88,2678,802,88,2678
1781645364.8776338,1000.0,0.0,2000.0,0,801,87,2663,801,87,2663
1781645364.9342263,1000.0,0.0,2000.0,0,813,-78,2716,813,-78,2716
1781645364.9790015,1000.0,0.0,2000.0,0,813,88,2693,813,88,2693
1781645365.035323,1000.0,0.0,2000.0,0,817,-68,2716,817,-68,2716
1781645365.0800571,1000.0,0.0,2000.0,0,824,-85,2716,824,-85,2716
1781645365.137701,1000.0,0.0,2000.0,0,829,-92,2708,829,-92,2708
1781645365.1826193,1000.0,0.0,2000.0,0,852,-96,2716,852,-96,2716
1781645365.240472,1000.0,0.0,2000.0,0,856,-93,2716,856,-93,2716
1781645365.2840314,1000.0,0.0,2000.0,0,881,-96,2716,881,-96,2716
1781645365.3393595,1000.0,0.0,2000.0,0,917,-104,2739,917,-104,2739
1781645365.3868105,1000.0,0.0,2000.0,0,935,-108,2739,935,-108,2739
1781645365.438245,1000.0,0.0,2000.0,0,980,127,2619,980,127,2619
1781645365.4900308,1000.0,0.0,2000.0,0,936,120,2409,936,120,2409
1781645365.5405848,1000.0,0.0,2000.0,0,953,121,2427,953,121,2427
1781645365.5920231,1000.0,0.0,2000.0,0,963,120,2397,963,120,2397
1781645365.6436002,1000.0,0.0,2000.0,0,989,122,2391,989,122,2391
1781645365.6983352,1000.0,0.0,2000.0,0,1056,133,2536,1056,133,2536
1781645365.7448022,1000.0,0.0,2000.0,0,1116,136,2648,1116,136,2648
1781645365.7988737,1000.0,0.0,2000.0,0,1133,140,2663,1133,140,2663
1781645365.8450525,1000.0,0.0,2000.0,0,1133,143,2663,1133,143,2663
1781645365.8994853,1000.0,0.0,2000.0,0,1117,145,2634,1117,145,2634
1781645365.9462545,1000.0,0.0,2000.0,0,1126,143,2656,1126,143,2656
1781645366.0018866,1000.0,0.0,2000.0,0,1126,147,2656,1126,147,2656
1781645366.047327,1000.0,0.0,2000.0,0,1119,140,2663,1119,140,2663
1781645366.1024868,1000.0,0.0,2000.0,0,1126,136,2663,1126,136,2663
1781645366.1476772,1000.0,0.0,2000.0,0,1120,139,2648,1120,139,2648
1781645366.2032974,1000.0,0.0,2000.0,0,1109,139,2648,1109,139,2648
1781645366.2498345,1000.0,0.0,2000.0,0,1116,136,2648,1116,136,2648
1781645366.3075037,1000.0,0.0,2000.0,0,1120,139,2648,1120,139,2648
1781645366.3509502,1000.0,0.0,2000.0,0,1117,135,2634,1117,135,2634
1781645366.4063382,1000.0,0.0,2000.0,0,1127,139,2641,1127,139,2641
1781645366.4550455,1000.0,0.0,2000.0,0,1131,138,2634,1131,138,2634
1781645366.507016,1000.0,0.0,2000.0,0,1141,139,2641,1141,139,2641
1781645366.5573123,1000.0,0.0,2000.0,0,1164,140,2670,1164,140,2670
1781645366.6082916,1000.0,0.0,2000.0,0,1172,140,2656,1172,140,2656
1781645366.6574683,1000.0,0.0,2000.0,0,1172,136,2656,1172,136,2656
1781645366.7088838,1000.0,0.0,2000.0,0,1182,136,2663,1182,136,2663
1781645366.765348,1000.0,0.0,2000.0,0,1189,137,2670,1189,137,2670
1781645366.8106787,1000.0,0.0,2000.0,0,1210,134,2678,1210,134,2678
1781645366.8656685,1000.0,0.0,2000.0,0,1199,133,2663,1199,133,2663
1781645366.9108982,1000.0,0.0,2000.0,0,1213,140,2663,1213,140,2663
1781645366.969221,1000.0,0.0,2000.0,0,1206,133,2656,1206,133,2656
1781645367.0130794,1000.0,0.0,2000.0,0,1203,133,2656,1203,133,2656
1781645367.069229,1000.0,0.0,2000.0,0,1200,133,2656,1200,133,2656
1781645367.1150749,1000.0,0.0,2000.0,0,1193,136,2648,1193,136,2648
1781645367.1709485,1000.0,0.0,2000.0,0,1196,133,2656,1196,133,2656
1781645367.2168858,1000.0,0.0,2000.0,0,1186,131,2634,1186,131,2634
1781645367.2734869,1000.0,0.0,2000.0,0,1196,132,2648,1196,132,2648
1781645367.3205762,1000.0,0.0,2000.0,0,1183,135,2626,1183,135,2626
1781645367.3723056,1000.0,0.0,2000.0,0,1186,135,2641,1186,135,2641
1781645367.4211507,1000.0,0.0,2000.0,0,1182,136,2648,1182,136,2648
1781645367.4735596,1000.0,0.0,2000.0,0,1179,135,2634,1179,135,2634
1781645367.5238557,1000.0,0.0,2000.0,0,1186,136,2648,1186,136,2648
1781645367.57564,1000.0,0.0,2000.0,0,1186,139,2648,1186,139,2648
1781645367.6274495,1000.0,0.0,2000.0,0,1172,135,2634,1172,135,2634
1781645367.676072,1000.0,0.0,2000.0,0,1179,136,2648,1179,136,2648
1781645367.731814,1000.0,0.0,2000.0,0,1172,138,2634,1172,138,2634
1781645367.778574,1000.0,0.0,2000.0,0,1179,142,2634,1179,142,2634
1781645367.835766,1000.0,0.0,2000.0,0,1182,139,2648,1182,139,2648
1781645367.8795822,1000.0,0.0,2000.0,0,1183,135,2641,1183,135,2641
1781645367.9368405,1000.0,0.0,2000.0,0,1176,135,2634,1176,135,2634
1781645367.9818997,1000.0,0.0,2000.0,0,1196,136,2663,1196,136,2663
1781645368.0373929,1000.0,0.0,2000.0,0,1186,135,2634,1186,135,2634
1781645368.083028,1000.0,0.0,2000.0,0,1189,136,2648,1189,136,2648
1781645368.140597,1000.0,0.0,2000.0,0,1196,136,2656,1196,136,2656
1781645368.1846948,1000.0,0.0,2000.0,0,1186,135,2641,1186,135,2641
1781645368.2374406,1000.0,0.0,2000.0,0,1203,137,2670,1203,137,2670
1781645368.287685,1000.0,0.0,2000.0,0,1199,136,2663,1199,136,2663
1781645368.3376465,1000.0,0.0,2000.0,0,1179,138,2626,1179,138,2626
1781645368.3889558,1000.0,0.0,2000.0,0,1183,135,2634,1183,135,2634
1781645368.4429429,1000.0,0.0,2000.0,0,1186,142,2641,1186,142,2641
1781645368.4919271,1000.0,0.0,2000.0,0,1183,135,2641,1183,135,2641
1781645368.5431778,1000.0,0.0,2000.0,0,1179,135,2634,1179,135,2634
1781645368.601514,1000.0,0.0,2000.0,0,1176,142,2634,1176,142,2634
1781645368.6454802,1000.0,0.0,2000.0,0,1179,135,2634,1179,135,2634
1781645368.701587,1000.0,0.0,2000.0,0,1186,143,2648,1186,143,2648
1781645368.7473395,1000.0,0.0,2000.0,0,1186,136,2648,1186,136,2648
1781645368.802532,1000.0,0.0,2000.0,0,1179,139,2648,1179,139,2648
1781645368.8482866,1000.0,0.0,2000.0,0,1176,142,2634,1176,142,2634
1781645368.9043648,1000.0,0.0,2000.0,0,1172,135,2634,1172,135,2634
1781645368.9499636,1000.0,0.0,2000.0,0,1182,136,2648,1182,136,2648
1781645369.0064082,1000.0,0.0,2000.0,0,1186,135,2641,1186,135,2641
1781645369.0502203,1000.0,0.0,2000.0,0,1179,136,2648,1179,136,2648
1781645369.1079662,1000.0,0.0,2000.0,0,1176,135,2634,1176,135,2634
1781645369.154078,1000.0,0.0,2000.0,0,1182,136,2648,1182,136,2648
1781645369.206092,1000.0,0.0,2000.0,0,1172,135,2634,1172,135,2634
1781645369.2575517,1000.0,0.0,2000.0,0,1185,133,2663,1185,133,2663
1781645369.3083298,1000.0,0.0,2000.0,0,1199,106,2685,1199,106,2685
1781645369.3610828,1000.0,0.0,2000.0,0,1199,103,2693,1199,103,2693
1781645369.4103587,1000.0,0.0,2000.0,0,1192,99,2685,1192,99,2685
1781645369.4666178,1000.0,0.0,2000.0,0,1198,89,2708,1198,89,2708
1781645369.511057,1000.0,0.0,2000.0,0,1192,85,2693,1192,85,2693
1781645369.5677536,1000.0,0.0,2000.0,0,1195,82,2700,1195,82,2700
1781645369.6163585,1000.0,0.0,2000.0,0,1202,75,2716,1202,75,2716
1781645369.6716044,1000.0,0.0,2000.0,0,1202,75,2708,1202,75,2708
1781645369.7165427,1000.0,0.0,2000.0,0,1191,78,2700,1191,78,2700
1781645369.772377,1000.0,0.0,2000.0,0,1195,89,2708,1195,89,2708
1781645369.8173616,1000.0,0.0,2000.0,0,1191,78,2700,1191,78,2700
1781645369.8731768,1000.0,0.0,2000.0,0,1198,78,2708,1198,78,2708
1781645369.9199371,1000.0,0.0,2000.0,0,1202,89,2708,1202,89,2708
1781645369.971563,1000.0,0.0,2000.0,0,1220,102,2685,1220,102,2685
1781645370.021468,1000.0,0.0,2000.0,0,1223,96,2693,1223,96,2693
1781645370.072566,1000.0,0.0,2000.0,0,1227,102,2685,1227,102,2685
1781645370.1216724,1000.0,0.0,2000.0,0,1231,126,2670,1231,126,2670
1781645370.1754553,1000.0,0.0,2000.0,0,1248,130,2670,1248,130,2670
1781645370.227938,1000.0,0.0,2000.0,0,1266,133,2670,1266,133,2670
1781645370.277244,1000.0,0.0,2000.0,0,1255,136,2656,1255,136,2656
1781645370.331435,1000.0,0.0,2000.0,0,1262,133,2670,1262,133,2670
1781645370.3769333,1000.0,0.0,2000.0,0,1259,129,2663,1259,129,2663
1781645370.433959,1000.0,0.0,2000.0,0,1252,129,2663,1252,129,2663
1781645370.4780178,1000.0,0.0,2000.0,0,1255,127,2678,1255,127,2678
1781645370.5342968,1000.0,0.0,2000.0,0,1248,133,2670,1248,133,2670
1781645370.5785775,1000.0,0.0,2000.0,0,1259,141,2678,1259,141,2678
1781645370.6371534,1000.0,0.0,2000.0,0,1252,133,2670,1252,133,2670
1781645370.678653,1000.0,0.0,2000.0,0,1262,134,2678,1262,134,2678
1781645370.7376728,1000.0,0.0,2000.0,0,1259,133,2670,1259,133,2670
1781645370.778145,1000.0,0.0,2000.0,0,1262,134,2678,1262,134,2678
1781645370.837917,1000.0,0.0,2000.0,0,1259,144,2678,1259,144,2678
1781645370.8781874,1000.0,0.0,2000.0,0,1252,143,2663,1252,143,2663
1781645370.9380786,1000.0,0.0,2000.0,0,1255,143,2663,1255,143,2663
1781645370.9785757,1000.0,0.0,2000.0,0,1259,140,2663,1259,140,2663
1781645371.039519,1000.0,0.0,2000.0,0,1255,141,2685,1255,141,2685
1781645371.089871,1000.0,0.0,2000.0,0,1238,136,2656,1238,136,2656
1781645371.1419475,1000.0,0.0,2000.0,0,1227,129,2656,1227,129,2656
1781645371.19869,1000.0,0.0,2000.0,0,1224,140,2656,1224,140,2656
1781645371.2447388,1000.0,0.0,2000.0,0,1217,112,2663,1217,112,2663
1781645371.2950406,1000.0,0.0,2000.0,0,1217,112,2663,1217,112,2663
1781645371.3430219,1000.0,0.0,2000.0,0,1220,102,2678,1220,102,2678
1781645371.4004045,1000.0,0.0,2000.0,0,1213,101,2656,1213,101,2656
1781645371.4448144,1000.0,0.0,2000.0,0,1210,98,2663,1210,98,2663
1781645371.502371,1000.0,0.0,2000.0,0,1206,101,2656,1206,101,2656
1781645371.545191,1000.0,0.0,2000.0,0,1200,98,2656,1200,98,2656
1781645371.6034331,1000.0,0.0,2000.0,0,1207,111,2648,1207,111,2648
1781645371.644639,1000.0,0.0,2000.0,0,1200,125,2648,1200,125,2648
1781645371.705448,1000.0,0.0,2000.0,0,1196,115,2641,1196,115,2641
1781645371.745047,1000.0,0.0,2000.0,0,1203,132,2648,1203,132,2648
1781645371.8060718,1000.0,0.0,2000.0,0,1203,105,2656,1203,105,2656
1781645371.845764,1000.0,0.0,2000.0,0,1196,108,2648,1196,108,2648
1781645371.9050512,1000.0,0.0,2000.0,0,1193,122,2648,1193,122,2648
1781645371.9446661,1000.0,0.0,2000.0,0,1200,122,2656,1200,122,2656
1781645372.0017457,1000.0,0.0,2000.0,0,1206,95,2678,1206,95,2678
1781645372.0601134,1000.0,0.0,2000.0,0,1199,108,2663,1199,108,2663
1781645372.1081808,1000.0,0.0,2000.0,0,1199,112,2663,1199,112,2663
1781645372.1604183,1000.0,0.0,2000.0,0,1210,105,2670,1210,105,2670
1781645372.2106771,1000.0,0.0,2000.0,0,1203,98,2670,1203,98,2670
1781645372.2687829,1000.0,0.0,2000.0,0,1206,105,2663,1206,105,2663
1781645372.312908,1000.0,0.0,2000.0,0,1206,95,2678,1206,95,2678
1781645372.3691273,1000.0,0.0,2000.0,0,1206,112,2663,1206,112,2663
1781645372.4157233,1000.0,0.0,2000.0,0,1213,123,2678,1213,123,2678
1781645372.4731362,1000.0,0.0,2000.0,0,1203,137,2670,1203,137,2670
1781645372.5196662,1000.0,0.0,2000.0,0,1213,113,2678,1213,113,2678
1781645372.5711093,1000.0,0.0,2000.0,0,1220,106,2693,1220,106,2693
1781645372.620058,1000.0,0.0,2000.0,0,1213,120,2678,1213,120,2678
1781645372.6720507,1000.0,0.0,2000.0,0,1213,123,2678,1213,123,2678
1781645372.7197385,1000.0,0.0,2000.0,0,1220,103,2693,1220,103,2693
1781645372.7732146,1000.0,0.0,2000.0,0,1209,99,2685,1209,99,2685
1781645372.8213565,1000.0,0.0,2000.0,0,1209,95,2685,1209,95,2685
1781645372.8734498,1000.0,0.0,2000.0,0,1216,92,2685,1216,92,2685
1781645372.9228144,1000.0,0.0,2000.0,0,1220,88,2693,1220,88,2693
1781645372.9721963,1000.0,0.0,2000.0,0,1213,92,2693,1213,92,2693
1781645373.0233407,1000.0,0.0,2000.0,0,1213,95,2685,1213,95,2685
1781645373.0744214,1000.0,0.0,2000.0,0,1220,92,2700,1220,92,2700
1781645373.1271927,1000.0,0.0,2000.0,0,1216,92,2693,1216,92,2693
1781645373.1747608,1000.0,0.0,2000.0,0,1216,89,2700,1216,89,2700
1781645373.2274628,1000.0,0.0,2000.0,0,1213,102,2685,1213,102,2685
1781645373.2786534,1000.0,0.0,2000.0,0,1206,91,2678,1206,91,2678
1781645373.3322966,1000.0,0.0,2000.0,0,1213,92,2693,1213,92,2693
1781645373.3796763,1000.0,0.0,2000.0,0,1216,92,2700,1216,92,2700
1781645373.4349296,1000.0,0.0,2000.0,0,1213,88,2693,1213,88,2693
1781645373.481565,1000.0,0.0,2000.0,0,1216,92,2700,1216,92,2700
1781645373.5376236,1000.0,0.0,2000.0,0,1209,109,2685,1209,109,2685
1781645373.582383,1000.0,0.0,2000.0,0,1213,106,2685,1213,106,2685
1781645373.6403482,1000.0,0.0,2000.0,0,1213,113,2678,1213,113,2678
1781645373.6832263,1000.0,0.0,2000.0,0,1206,119,2663,1206,119,2663
1781645373.7393868,1000.0,0.0,2000.0,0,1213,123,2670,1213,123,2670
1781645373.7843277,1000.0,0.0,2000.0,0,1220,120,2678,1220,120,2678
1781645373.8403256,1000.0,0.0,2000.0,0,1227,110,2693,1227,110,2693
1781645373.887239,1000.0,0.0,2000.0,0,1223,113,2693,1223,113,2693
1781645373.9399462,1000.0,0.0,2000.0,0,1227,113,2685,1227,113,2685
1781645373.9908485,1000.0,0.0,2000.0,0,1220,109,2685,1220,109,2685
1781645374.0422406,1000.0,0.0,2000.0,0,1217,109,2678,1217,109,2678
1781645374.0939279,1000.0,0.0,2000.0,0,1224,113,2678,1224,113,2678
1781645374.1440063,1000.0,0.0,2000.0,0,1220,112,2670,1220,112,2670
1781645374.197716,1000.0,0.0,2000.0,0,1220,109,2670,1220,109,2670
1781645374.2430713,1000.0,0.0,2000.0,0,1234,109,2685,1234,109,2685
1781645374.300385,1000.0,0.0,2000.0,0,1220,106,2678,1220,106,2678
1781645374.3453994,1000.0,0.0,2000.0,0,1234,113,2693,1234,113,2693
1781645374.4009535,1000.0,0.0,2000.0,0,1231,109,2685,1231,109,2685
1781645374.4490457,1000.0,0.0,2000.0,0,1227,112,2670,1227,112,2670
1781645374.5058217,1000.0,0.0,2000.0,0,1227,116,2678,1227,116,2678
1781645374.5499015,1000.0,0.0,2000.0,0,1227,116,2678,1227,116,2678
1781645374.607326,1000.0,0.0,2000.0,0,1224,116,2670,1224,116,2670
1781645374.6533177,1000.0,0.0,2000.0,0,1231,110,2693,1231,110,2693
1781645374.704392,1000.0,0.0,2000.0,0,1220,112,2670,1220,112,2670
1781645374.7550876,1000.0,0.0,2000.0,0,1224,120,2678,1224,120,2678
1781645374.8061001,1000.0,0.0,2000.0,0,1220,113,2685,1220,113,2685
1781645374.8581383,1000.0,0.0,2000.0,0,1224,116,2685,1224,116,2685
1781645374.9095929,1000.0,0.0,2000.0,0,1220,116,2678,1220,116,2678
1781645374.9630363,1000.0,0.0,2000.0,0,1223,117,2693,1223,117,2693
1781645375.011742,1000.0,0.0,2000.0,0,1227,117,2693,1227,117,2693
1781645375.068164,1000.0,0.0,2000.0,0,1217,116,2670,1217,116,2670
1781645375.1107883,1000.0,0.0,2000.0,0,1210,119,2663,1210,119,2663
1781645375.1674118,1000.0,0.0,2000.0,0,1223,113,2693,1223,113,2693
1781645375.2148433,1000.0,0.0,2000.0,0,1216,109,2685,1216,109,2685
1781645375.270948,1000.0,0.0,2000.0,0,1213,113,2678,1213,113,2678
1781645375.3173482,1000.0,0.0,2000.0,0,1224,109,2685,1224,109,2685
1781645375.3742619,1000.0,0.0,2000.0,0,1213,113,2678,1213,113,2678
1781645375.418897,1000.0,0.0,2000.0,0,1203,116,2670,1203,116,2670
1781645375.47089,1000.0,0.0,2000.0,0,1213,110,2693,1213,110,2693
1781645375.5199082,1000.0,0.0,2000.0,0,1202,109,2685,1202,109,2685
1781645375.5711265,1000.0,0.0,2000.0,0,1209,109,2685,1209,109,2685
1781645375.6209576,1000.0,0.0,2000.0,0,1216,110,2693,1216,110,2693
1781645375.672855,1000.0,0.0,2000.0,0,1223,100,2708,1223,100,2708
1781645375.7226157,1000.0,0.0,2000.0,0,1216,106,2693,1216,106,2693
1781645375.774139,1000.0,0.0,2000.0,0,1209,92,2685,1209,92,2685
1781645375.8249655,1000.0,0.0,2000.0,0,1216,110,2693,1216,110,2693
1781645375.8749952,1000.0,0.0,2000.0,0,1206,136,2663,1206,136,2663
1781645375.926629,1000.0,0.0,2000.0,0,1210,133,2670,1210,133,2670
1781645375.977395,1000.0,0.0,2000.0,0,1227,134,2685,1227,134,2685
1781645376.0324655,1000.0,0.0,2000.0,0,1231,138,2693,1231,138,2693
1781645376.079762,1000.0,0.0,2000.0,0,1220,134,2678,1220,134,2678
1781645376.1352181,1000.0,0.0,2000.0,0,1230,142,2700,1230,142,2700
1781645376.179968,1000.0,0.0,2000.0,0,1216,141,2685,1216,141,2685
1781645376.2353306,1000.0,0.0,2000.0,0,1216,145,2685,1216,145,2685
1781645376.280549,1000.0,0.0,2000.0,0,1213,151,2670,1213,151,2670
1781645376.3368895,1000.0,0.0,2000.0,0,1206,150,2663,1206,150,2663
1781645376.381593,1000.0,0.0,2000.0,0,1206,147,2663,1206,147,2663
1781645376.4354892,1000.0,0.0,2000.0,0,1213,148,2685,1213,148,2685
1781645376.4822707,1000.0,0.0,2000.0,0,1192,148,2678,1192,148,2678
1781645376.5362687,1000.0,0.0,2000.0,0,1178,147,2670,1178,147,2670
1781645376.5825691,1000.0,0.0,2000.0,0,1158,146,2641,1158,146,2641
1781645376.6393962,1000.0,0.0,2000.0,0,1165,147,2656,1165,147,2656
1781645376.6843033,1000.0,0.0,2000.0,0,1168,147,2656,1168,147,2656
1781645376.741524,1000.0,0.0,2000.0,0,1171,147,2663,1171,147,2663
1781645376.78523,1000.0,0.0,2000.0,0,1168,147,2656,1168,147,2656
1781645376.8389726,1000.0,0.0,2000.0,0,1168,147,2656,1168,147,2656
1781645376.8862164,1000.0,0.0,2000.0,0,1165,143,2656,1165,143,2656
1781645376.9377341,1000.0,0.0,2000.0,0,1168,139,2648,1168,139,2648
1781645376.988681,1000.0,0.0,2000.0,0,1172,143,2656,1172,143,2656
1781645377.0409355,1000.0,0.0,2000.0,0,1165,143,2648,1165,143,2648
1781645377.0915747,1000.0,0.0,2000.0,0,1172,140,2656,1172,140,2656
1781645377.1422834,1000.0,0.0,2000.0,0,1161,139,2648,1161,139,2648
1781645377.1929357,1000.0,0.0,2000.0,0,1168,143,2648,1168,143,2648
1781645377.243575,1000.0,0.0,2000.0,0,1172,140,2656,1172,140,2656
1781645377.2991564,1000.0,0.0,2000.0,0,1178,140,2670,1178,140,2670
1781645377.3450398,1000.0,0.0,2000.0,0,1172,146,2648,1172,146,2648
1781645377.4012241,1000.0,0.0,2000.0,0,1185,147,2670,1185,147,2670
1781645377.445407,1000.0,0.0,2000.0,0,1179,143,2656,1179,143,2656
1781645377.5026195,1000.0,0.0,2000.0,0,1179,143,2656,1179,143,2656
1781645377.546629,1000.0,0.0,2000.0,0,1175,143,2648,1175,143,2648
1781645377.6035776,1000.0,0.0,2000.0,0,1182,147,2663,1182,147,2663
1781645377.649203,1000.0,0.0,2000.0,0,1171,140,2663,1171,140,2663
1781645377.712004,1000.0,0.0,2000.0,0,1165,146,2648,1165,146,2648
1781645377.7523692,1000.0,0.0,2000.0,0,1164,136,2663,1164,136,2663
1781645377.8050358,1000.0,0.0,2000.0,0,1158,136,2656,1158,136,2656
1781645377.8543377,1000.0,0.0,2000.0,0,1137,143,2656,1137,143,2656
1781645377.9058733,1000.0,0.0,2000.0,0,1136,144,2670,1136,144,2670
1781645377.9547067,1000.0,0.0,2000.0,0,1093,145,2626,1093,145,2626
1781645378.0086386,1000.0,0.0,2000.0,0,1053,140,2656,1053,140,2656
1781645378.05783,1000.0,0.0,2000.0,0,1037,139,2641,1037,139,2641
1781645378.1090202,1000.0,0.0,2000.0,0,980,141,2626,980,141,2626
1781645378.1659646,1000.0,0.0,2000.0,0,989,-66,2779,989,-66,2779
1781645378.2105563,1000.0,0.0,2000.0,0,1498,-129,4676,1498,-129,4676
1781645378.2660103,1000.0,0.0,2000.0,0,1440,-68,4746,1440,-68,4746
1781645378.312712,1000.0,0.0,2000.0,0,1347,-56,4793,1347,-56,4793
1781645378.3680298,1000.0,0.0,2000.0,0,1265,135,4676,1265,135,4676
1781645378.4125366,1000.0,0.0,2000.0,0,1197,174,4722,1197,174,4722
1781645378.4716468,1000.0,0.0,2000.0,0,1178,219,4769,1178,219,4769
1781645378.51477,1000.0,0.0,2000.0,0,566,370,2409,566,370,2409
1781645378.5712428,1000.0,0.0,2000.0,0,619,428,2693,619,428,2693
1781645378.6162765,1000.0,0.0,2000.0,0,856,647,3881,856,647,3881
1781645378.673257,1000.0,0.0,2000.0,0,846,629,3835,846,629,3835
1781645378.718339,1000.0,0.0,2000.0,0,722,573,3436,722,573,3436
1781645378.7720587,1000.0,0.0,2000.0,0,587,469,2811,587,469,2811
1781645378.8209746,1000.0,0.0,2000.0,0,548,469,2836,548,469,2836
1781645378.8730333,1000.0,0.0,2000.0,0,545,467,2803,545,467,2803
1781645378.9232364,1000.0,0.0,2000.0,0,526,466,2820,526,466,2820
1781645378.9742665,1000.0,0.0,2000.0,0,525,470,2795,525,470,2795
1781645379.0299873,1000.0,0.0,2000.0,0,512,475,2763,512,475,2763
1781645379.073996,1000.0,0.0,2000.0,0,490,478,2803,490,478,2803
1781645379.126367,1000.0,0.0,2000.0,0,465,479,2787,465,479,2787
1781645379.175921,1000.0,0.0,2000.0,0,437,539,2996,437,539,2996
1781645379.2327247,1000.0,0.0,2000.0,0,496,671,3701,496,671,3701
1781645379.279392,1000.0,0.0,2000.0,0,388,514,2836,388,514,2836
1781645379.3349943,1000.0,0.0,2000.0,0,466,641,3618,466,641,3618
1781645379.380173,1000.0,0.0,2000.0,0,405,663,3716,405,663,3716
1781645379.4356618,1000.0,0.0,2000.0,0,356,622,3564,356,622,3564
1781645379.4812937,1000.0,0.0,2000.0,0,295,637,3673,295,637,3673
1781645379.5391154,1000.0,0.0,2000.0,0,235,637,3645,235,637,3645
1781645379.5836282,1000.0,0.0,2000.0,0,191,581,3376,191,581,3376
1781645379.640264,1000.0,0.0,2000.0,0,139,482,2779,139,482,2779
1781645379.684902,1000.0,0.0,2000.0,0,96,489,2803,96,489,2803
1781645379.7386262,1000.0,0.0,2000.0,0,90,485,2739,90,485,2739
1781645379.7873514,1000.0,0.0,2000.0,0,82,484,2708,82,484,2708
1781645379.8401036,1000.0,0.0,2000.0,0,71,469,2685,71,469,2685
1781645379.893945,1000.0,0.0,2000.0,0,63,462,2648,63,462,2648
1781645379.9432673,1000.0,0.0,2000.0,0,52,461,2641,52,461,2641
1781645379.9946506,1000.0,0.0,2000.0,0,45,456,2612,45,456,2612
1781645380.0437706,1000.0,0.0,2000.0,0,48,451,2605,48,451,2605
1781645380.0993042,1000.0,0.0,2000.0,0,41,449,2612,41,449,2612
1781645380.146166,1000.0,0.0,2000.0,0,34,440,2598,34,440,2598
1781645380.1990135,1000.0,0.0,2000.0,0,28,439,2591,28,439,2591
1781645380.2456975,1000.0,0.0,2000.0,0,24,435,2591,24,435,2591
1781645380.302746,1000.0,0.0,2000.0,0,21,433,2577,21,433,2577
1781645380.3473084,1000.0,0.0,2000.0,0,14,423,2577,14,423,2577
1781645380.402075,1000.0,0.0,2000.0,0,4,416,2577,4,416,2577
1781645380.4484258,1000.0,0.0,2000.0,0,4,408,2570,4,408,2570
1781645380.504207,1000.0,0.0,2000.0,0,4,397,2543,4,397,2543
1781645380.5498133,1000.0,0.0,2000.0,0,-3,383,2490,-3,383,2490
1781645380.6067092,1000.0,0.0,2000.0,0,-9,374,2458,-9,374,2458
1781645380.6518655,1000.0,0.0,2000.0,0,-13,365,2439,-13,365,2439
1781645380.7065651,1000.0,0.0,2000.0,0,-12,351,2427,-12,351,2427
1781645380.7544858,1000.0,0.0,2000.0,0,-16,345,2409,-16,345,2409
1781645380.8050966,1000.0,0.0,2000.0,0,-25,331,2379,-25,331,2379
1781645380.8570397,1000.0,0.0,2000.0,0,-49,321,2327,-49,321,2327
1781645380.9079463,1000.0,0.0,2000.0,0,-66,309,2310,-66,309,2310
1781645380.9584036,1000.0,0.0,2000.0,0,-77,297,2261,-77,297,2261
1781645381.009837,1000.0,0.0,2000.0,0,-118,294,2261,-118,294,2261
1781645381.0659049,1000.0,0.0,2000.0,0,-131,277,2224,-131,277,2224
1781645381.1116343,1000.0,0.0,2000.0,0,-175,266,2229,-175,266,2229
1781645381.1654518,1000.0,0.0,2000.0,0,-184,248,2199,-184,248,2199
1781645381.2120993,1000.0,0.0,2000.0,0,-210,234,2199,-210,234,2199
1781645381.2655752,1000.0,0.0,2000.0,0,-218,219,2135,-220,220,2148
1781645381.3124983,1000.0,0.0,2000.0,0,-233,205,2112,-234,207,2129
1781645381.3682897,1000.0,0.0,2000.0,0,-227,192,2057,-230,194,2085
1781645381.4156709,1000.0,0.0,2000.0,0,-226,184,2027,-230,187,2061
1781645381.472346,1000.0,0.0,2000.0,0,-220,167,1929,-225,171,1970
1781645381.5191212,1000.0,0.0,2000.0,0,-210,150,1840,-211,151,1853
1781645381.5715244,1000.0,0.0,2000.0,0,-189,138,1775,-188,137,1767
1781645381.6195757,1000.0,0.0,2000.0,0,-193,122,1756,-192,121,1742
1781645381.6718726,1000.0,0.0,2000.0,0,-190,111,1724,-187,109,1700
1781645381.720959,1000.0,0.0,2000.0,0,-177,65,1706,-174,64,1675
1781645381.7715886,1000.0,0.0,2000.0,0,-172,71,1685,-168,69,1648
1781645381.821717,1000.0,0.0,2000.0,0,-157,45,1636,-151,44,1583
1781645381.873096,1000.0,0.0,2000.0,0,-138,19,1617,-133,18,1557
1781645381.924737,1000.0,0.0,2000.0,0,-129,6,1561,-123,6,1488
1781645381.9743884,1000.0,0.0,2000.0,0,-107,-4,1536,-102,-4,1463
1781645382.0238395,1000.0,0.0,2000.0,0,-93,-2,1477,-88,-2,1404
1781645382.0770357,1000.0,0.0,2000.0,0,-72,-4,1455,-69,-4,1381
1781645382.1325386,1000.0,0.0,2000.0,0,-71,-4,1387,-67,-3,1313
1781645382.1772919,1000.0,0.0,2000.0,0,-77,-7,1341,-73,-7,1267
1781645382.2337847,1000.0,0.0,2000.0,0,-80,-7,1278,-76,-6,1204
1781645382.2786584,1000.0,0.0,2000.0,0,-95,-7,1250,-89,-6,1175
1781645382.3355622,1000.0,0.0,2000.0,0,-98,-6,1185,-92,-6,1110
1781645382.3794804,1000.0,0.0,2000.0,0,-126,-6,1128,-117,-5,1053
1781645382.4351444,1000.0,0.0,2000.0,0,-134,-6,1096,-124,-5,1021
1781645382.482136,1000.0,0.0,2000.0,0,-151,-7,1035,-140,-6,964
1781645382.5368958,1000.0,0.0,2000.0,0,-152,-8,1007,-141,-7,938
1781645382.582266,1000.0,0.0,2000.0,0,-161,-7,949,-150,-7,885
1781645382.6367755,1000.0,0.0,2000.0,0,-158,-7,919,-147,-7,858
1781645382.6823838,1000.0,0.0,2000.0,0,-150,-3,853,-140,-3,797
1781645382.738154,1000.0,0.0,2000.0,0,-146,-1,822,-136,-1,769
1781645382.7836897,1000.0,0.0,2000.0,0,-141,-7,769,-132,-7,720
1781645382.840272,1000.0,0.0,2000.0,0,-136,-7,741,-128,-6,695
1781645382.885771,1000.0,0.0,2000.0,0,-120,-5,698,-113,-5,656
1781645382.937475,1000.0,0.0,2000.0,0,-117,-5,680,-110,-5,639
1781645382.9888587,1000.0,0.0,2000.0,0,-103,-5,637,-97,-5,600
1781645383.0389833,1000.0,0.0,2000.0,0,-101,-5,632,-95,-5,595
1781645383.0895236,1000.0,0.0,2000.0,0,-101,-5,594,-95,-4,561
1781645431.961485,0.0,1000.0,2000.0,0,342,-3,1084,318,-3,1009
1781645432.015018,0.0,1000.0,2000.0,0,330,-6,1056,307,-5,982
1781645432.0641186,0.0,1000.0,2000.0,0,317,-7,1023,295,-6,953
1781645432.118481,0.0,1000.0,2000.0,0,314,-9,1000,292,-9,931
1781645432.1658154,0.0,1000.0,2000.0,0,303,-4,980,282,-4,913
1781645432.2174845,0.0,1000.0,2000.0,0,309,-5,989,288,-5,922
1781645432.2791848,0.0,1000.0,2000.0,0,305,-1,985,284,-1,918
1781645432.337603,0.0,1000.0,2000.0,0,305,-1,989,284,-1,922
1781645432.3700433,0.0,1000.0,2000.0,0,312,-3,1003,291,-2,934
1781645432.4200478,0.0,1000.0,2000.0,0,309,4,1010,288,4,941
1781645432.4774735,0.0,1000.0,2000.0,0,317,0,1014,295,0,945
1781645432.5204544,0.0,1000.0,2000.0,0,318,3,1017,296,3,947
1781645432.580422,0.0,1000.0,2000.0,0,323,1,1022,301,1,952
1781645432.6218276,0.0,1000.0,2000.0,0,317,3,1020,296,3,950
1781645432.6796331,0.0,1000.0,2000.0,0,313,0,1018,291,0,948
1781645432.7796748,0.0,1000.0,2000.0,0,308,-5,1016,287,-5,946
1781645432.882585,0.0,1000.0,2000.0,0,297,48,1008,276,44,939
1781645432.9257798,0.0,1000.0,2000.0,0,311,51,1016,289,47,946
1781645432.9828095,0.0,1000.0,2000.0,0,314,45,1013,292,42,944
1781645433.080374,0.0,1000.0,2000.0,0,320,9,1020,298,9,950
1781645433.1279383,0.0,1000.0,2000.0,0,194,-13,828,181,-12,774
1781645433.2804682,0.0,1000.0,2000.0,0,374,30,1087,348,28,1012
1781645433.3502784,0.0,1000.0,2000.0,0,377,40,1088,351,37,1013
1781645433.3847558,0.0,1000.0,2000.0,0,388,49,1093,361,45,1018
1781645433.442374,0.0,1000.0,2000.0,0,391,57,1115,365,53,1040
1781645433.4865582,0.0,1000.0,2000.0,0,402,54,1135,376,50,1060
1781645433.5420496,0.0,1000.0,2000.0,0,424,52,1204,398,49,1130
1781645433.5872293,0.0,1000.0,2000.0,0,416,62,1204,390,58,1130
1781645433.640398,0.0,1000.0,2000.0,0,423,60,1224,397,56,1150
1781645433.6886883,0.0,1000.0,2000.0,0,418,55,1224,393,51,1150
1781645433.737457,0.0,1000.0,2000.0,0,409,51,1212,384,48,1137
1781645433.9900887,0.0,1000.0,2000.0,0,429,80,1453,407,76,1379
1781645434.045502,0.0,1000.0,2000.0,0,440,-21,1484,419,-20,1410
1781645434.0924613,0.0,1000.0,2000.0,0,430,-20,1566,410,-20,1493
1781645438.3157275,0.0,1000.0,2000.0,0,371,834,1937,380,853,1981
1781645439.2856784,0.0,1000.0,2000.0,2,383,156,2010,390,159,2047
1781645439.385247,0.0,1000.0,2000.0,2,413,128,1952,423,131,2001
1781645439.441461,0.0,1000.0,2000.0,2,421,118,1917,429,121,1955
1781645439.485943,0.0,1000.0,2000.0,2,433,104,1883,439,105,1910
1781645439.5398188,0.0,1000.0,2000.0,2,409,103,1823,411,103,1830
1781645439.5951288,0.0,1000.0,2000.0,2,424,107,1805,425,107,1807
1781645439.6585307,0.0,1000.0,2000.0,2,412,97,1753,408,96,1737
1781645439.6857011,0.0,1000.0,2000.0,2,430,98,1730,424,96,1708
1781645439.7449048,0.0,1000.0,2000.0,2,494,93,1718,487,91,1692
1781645439.7859566,0.0,1000.0,2000.0,2,491,96,1656,478,93,1609
1781645439.8509605,0.0,1000.0,2000.0,2,497,99,1644,482,96,1594
1781645439.8869183,0.0,1000.0,2000.0,2,448,91,1608,431,87,1547
1781645439.948638,0.0,1000.0,2000.0,2,498,84,1600,478,81,1536
1781645439.9943883,0.0,1000.0,2000.0,2,484,79,1549,461,76,1475
1781645440.0422208,0.0,1000.0,2000.0,2,474,72,1529,451,69,1456
1781645440.10406,0.0,1000.0,2000.0,2,445,64,1479,423,61,1406
1781645440.1618721,0.0,1000.0,2000.0,2,456,54,1473,434,51,1399
1781645440.2009213,0.0,1000.0,2000.0,2,448,46,1453,426,43,1379
1781645440.2516954,0.0,1000.0,2000.0,2,441,38,1446,418,36,1372
1781645440.3075104,0.0,1000.0,2000.0,2,431,36,1422,409,34,1349
1781645440.353967,0.0,1000.0,2000.0,2,433,37,1408,410,35,1334
1781645440.4082644,0.0,1000.0,2000.0,2,426,35,1391,403,33,1317
1781645440.453464,0.0,1000.0,2000.0,2,421,35,1381,398,33,1307
1781645440.5048182,0.0,1000.0,2000.0,2,407,34,1346,384,32,1272
1781645440.551748,0.0,1000.0,2000.0,2,382,33,1333,361,31,1259
1781645440.608863,0.0,1000.0,2000.0,2,376,39,1295,354,37,1221
1781645440.6525164,0.0,1000.0,2000.0,2,348,45,1275,328,43,1200
1781645440.7124236,0.0,1000.0,2000.0,2,348,38,1263,328,36,1189
1781645440.7532086,0.0,1000.0,2000.0,2,333,37,1220,313,35,1145
1781645440.8185847,0.0,1000.0,2000.0,2,333,32,1206,312,30,1131
1781645440.853039,0.0,1000.0,2000.0,2,338,22,1204,318,21,1130
1781645440.9136548,0.0,1000.0,2000.0,2,341,21,1203,320,19,1128
1781645440.954791,0.0,1000.0,2000.0,2,333,16,1191,312,15,1116
1781645441.0152504,0.0,1000.0,2000.0,2,333,12,1185,312,12,1110
1781645441.0634158,0.0,1000.0,2000.0,2,336,15,1172,314,14,1097
1781645441.1174972,0.0,1000.0,2000.0,2,326,12,1165,305,11,1090
1781645441.1610284,0.0,1000.0,2000.0,2,331,14,1155,309,13,1080
1781645441.2177203,0.0,1000.0,2000.0,2,327,12,1147,305,11,1072
1781645441.2669823,0.0,1000.0,2000.0,2,326,12,1133,304,11,1058
1781645441.315207,0.0,1000.0,2000.0,2,320,12,1129,299,11,1054
1781645441.3747532,0.0,1000.0,2000.0,2,321,15,1110,299,14,1035
1781645441.4190545,0.0,1000.0,2000.0,2,318,13,1112,297,12,1037
1781645441.479107,0.0,1000.0,2000.0,2,314,12,1111,292,11,1036
1781645441.5189526,0.0,1000.0,2000.0,2,322,15,1110,300,14,1035
1781645441.5773766,0.0,1000.0,2000.0,2,327,15,1112,305,14,1037
1781645441.6189635,0.0,1000.0,2000.0,2,326,13,1107,304,12,1032
1781645441.6744616,0.0,1000.0,2000.0,2,329,15,1107,306,14,1032
1781645441.7356384,0.0,1000.0,2000.0,2,327,13,1102,305,12,1027
1781645441.7743382,0.0,1000.0,2000.0,2,324,13,1102,302,12,1027
1781645441.8182707,0.0,1000.0,2000.0,2,325,14,1099,303,13,1024
1781645441.879195,0.0,1000.0,2000.0,2,328,14,1096,306,13,1021
1781645441.9191854,0.0,1000.0,2000.0,2,328,14,1094,305,13,1019
1781645441.98404,0.0,1000.0,2000.0,2,326,14,1094,304,13,1019
1781645442.026071,0.0,1000.0,2000.0,2,323,12,1093,301,11,1018
1781645442.0811398,0.0,1000.0,2000.0,2,323,13,1092,300,12,1017
1781645442.1192443,0.0,1000.0,2000.0,2,313,12,1093,291,11,1018
1781645442.1766348,0.0,1000.0,2000.0,2,310,14,1097,289,13,1022
1781645442.2183287,0.0,1000.0,2000.0,2,308,19,1096,287,17,1021
1781645442.282284,0.0,1000.0,2000.0,2,312,23,1094,290,21,1019
1781645442.3300273,0.0,1000.0,2000.0,2,305,29,1102,285,27,1027
1781645442.3842602,0.0,1000.0,2000.0,2,292,31,1111,272,29,1036
1781645442.436107,0.0,1000.0,2000.0,2,291,32,1113,271,30,1038
1781645442.4852412,0.0,1000.0,2000.0,2,288,29,1117,268,27,1042
1781645442.5369623,0.0,1000.0,2000.0,2,291,31,1124,271,29,1049
1781645442.5836964,0.0,1000.0,2000.0,2,290,31,1128,271,29,1053
1781645442.6414573,0.0,1000.0,2000.0,2,292,28,1136,273,27,1061
1781645442.685421,0.0,1000.0,2000.0,2,286,37,1141,268,35,1066
1781645442.7378607,0.0,1000.0,2000.0,2,309,44,1152,289,41,1077
1781645442.7924154,0.0,1000.0,2000.0,2,311,49,1165,291,46,1090
1781645442.8563757,0.0,1000.0,2000.0,2,308,58,1197,289,55,1122
1781645442.8859982,0.0,1000.0,2000.0,2,314,68,1227,295,64,1153
1781645442.9412339,0.0,1000.0,2000.0,2,332,69,1283,313,65,1209
1781645442.990351,0.0,1000.0,2000.0,2,361,95,1335,341,89,1261
1781645443.0479069,0.0,1000.0,2000.0,2,352,98,1362,333,93,1288
1781645443.0854793,0.0,1000.0,2000.0,2,345,102,1381,326,96,1307
1781645443.1485796,0.0,1000.0,2000.0,2,337,102,1393,319,97,1320
1781645444.556238,0.0,1000.0,2000.0,2,370,205,2169,371,206,2175
1781645444.6577132,0.0,1000.0,2000.0,2,376,162,2199,376,162,2199
1781645444.9621985,0.0,1000.0,2000.0,0,382,1003,2344,382,1003,2344
1781645445.0647995,0.0,1000.0,2000.0,0,360,1011,2385,360,1011,2385
1781645449.0771625,0.0,1000.0,2000.0,0,240,1086,2685,240,1086,2685
1781645452.115726,0.0,1000.0,2000.0,0,235,1082,2591,235,1082,2591
1781645452.1604288,0.0,1000.0,2000.0,0,242,1091,2598,242,1091,2598
1781645452.2176428,0.0,1000.0,2000.0,0,246,1098,2598,246,1098,2598
1781645452.2628849,0.0,1000.0,2000.0,0,245,1099,2591,245,1099,2591
1781645452.316858,0.0,1000.0,2000.0,0,249,1099,2591,249,1099,2591
1781645452.3632874,0.0,1000.0,2000.0,0,245,1091,2556,245,1091,2556
1781645452.4162974,0.0,1000.0,2000.0,0,237,1088,2543,237,1088,2543
1781645452.4667673,0.0,1000.0,2000.0,0,231,1098,2543,231,1098,2543
1781645459.7060723,0.0,1000.0,2000.0,1,99,94,2035,101,95,2068
1781645460.060132,0.0,1000.0,2000.0,1,95,103,2014,97,105,2050
1781645460.1150248,0.0,1000.0,2000.0,1,95,156,1948,97,160,1996
1781645460.1502802,0.0,1000.0,2000.0,1,89,173,1933,91,176,1976
1781645460.2166638,0.0,1000.0,2000.0,1,93,146,1858,94,148,1877
1781645460.2503414,0.0,1000.0,2000.0,1,94,101,1789,94,101,1785
1781645460.3157573,0.0,1000.0,2000.0,1,94,89,1782,93,89,1776
1781645460.3647232,0.0,1000.0,2000.0,1,96,127,1829,97,128,1839
1781645460.4157367,0.0,1000.0,2000.0,1,99,152,1872,100,154,1896
1781645460.5554817,0.0,1000.0,2000.0,1,98,161,1858,99,163,1877
1781645460.6168935,0.0,1000.0,2000.0,1,94,177,1921,95,180,1960
1781645461.0720377,0.0,1000.0,2000.0,1,-88,553,1977,-90,565,2020
1781645461.1237705,0.0,1000.0,2000.0,1,-116,558,1968,-119,571,2014
1781645461.1871397,0.0,1000.0,2000.0,1,-157,561,1968,-161,574,2014
1781645461.4167302,0.0,1000.0,2000.0,1,-14,178,1858,-15,180,1877
1781645461.4771638,0.0,1000.0,2000.0,1,-14,169,1837,-14,170,1848
1781645461.6188734,0.0,1000.0,2000.0,1,-14,150,1816,-14,151,1821
1781645461.6753426,0.0,1000.0,2000.0,1,-200,150,1756,-199,149,1742
1781645461.7159166,0.0,1000.0,2000.0,1,-47,149,1799,-47,149,1798
1781645461.777168,0.0,1000.0,2000.0,1,-54,150,1809,-54,150,1812
1781645461.8221436,0.0,1000.0,2000.0,1,-57,146,1819,-57,146,1825
1781645461.8719447,0.0,1000.0,2000.0,1,-75,155,1792,-75,155,1789
1781645461.9259458,0.0,1000.0,2000.0,1,-64,149,1805,-64,150,1807
1781645461.9812868,0.0,1000.0,2000.0,1,-54,151,1799,-54,151,1798
1781645462.01646,0.0,1000.0,2000.0,1,-82,155,1847,-83,157,1862
1781645462.0810473,0.0,1000.0,2000.0,1,-80,139,1861,-81,141,1881
1781645462.1153414,0.0,1000.0,2000.0,1,-76,144,1861,-76,146,1881
1781645462.181264,0.0,1000.0,2000.0,1,-73,147,1861,-74,148,1881
1781645462.2285428,0.0,1000.0,2000.0,1,-171,145,1785,-170,145,1780
1781645462.2814202,0.0,1000.0,2000.0,1,-32,164,1887,-32,166,1915
1781645462.325842,0.0,1000.0,2000.0,1,-27,165,1872,-27,167,1896
1781645462.3822167,0.0,1000.0,2000.0,1,-12,168,1883,-12,171,1910
1781645462.431367,0.0,1000.0,2000.0,1,-121,168,1854,-123,170,1872
1781645462.4815195,0.0,1000.0,2000.0,1,-15,168,1883,-15,171,1910
1781645462.8724535,0.0,1000.0,2000.0,1,108,157,1872,110,159,1896
1781645463.277722,0.0,1000.0,2000.0,1,184,200,1977,189,204,2020
1781645463.3726416,0.0,1000.0,2000.0,1,160,207,1993,163,211,2034
1781645463.4413662,0.0,1000.0,2000.0,1,159,207,2018,162,210,2054
1781645463.4830925,0.0,1000.0,2000.0,1,143,208,2057,145,211,2085
1781645463.5410836,0.0,1000.0,2000.0,1,147,207,2075,149,210,2099
1781645463.6391058,0.0,1000.0,2000.0,1,131,209,2121,132,210,2136
1781645463.690985,0.0,1000.0,2000.0,1,137,219,2164,137,220,2171
1781645463.7474828,0.0,1000.0,2000.0,1,118,225,2194,118,225,2195
1781645463.7895792,0.0,1000.0,2000.0,1,111,231,2229,111,231,2229
1781645463.848107,0.0,1000.0,2000.0,1,109,233,2245,109,233,2245
1781645463.891598,0.0,1000.0,2000.0,1,107,235,2266,107,235,2266
1781645463.9410186,0.0,1000.0,2000.0,1,140,232,2266,140,232,2266
1781645463.9826477,0.0,1000.0,2000.0,1,159,237,2283,159,237,2283
1781645464.047922,0.0,1000.0,2000.0,1,155,234,2310,155,234,2310
1781645464.0951266,0.0,1000.0,2000.0,1,117,237,2344,117,237,2344
1781645464.149629,0.0,1000.0,2000.0,1,190,235,2327,190,235,2327
1781645464.1957743,0.0,1000.0,2000.0,1,182,237,2344,182,237,2344
1781645464.2487075,0.0,1000.0,2000.0,1,152,235,2355,152,235,2355
1781645464.2980566,0.0,1000.0,2000.0,1,144,240,2373,144,240,2373
1781645464.3493798,0.0,1000.0,2000.0,1,199,242,2361,199,242,2361
1781645464.3982794,0.0,1000.0,2000.0,1,169,244,2385,169,244,2385
1781645464.6511002,0.0,1000.0,2000.0,1,170,247,2439,170,247,2439
1781645464.7010546,0.0,1000.0,2000.0,1,161,247,2446,161,247,2446
1781645464.7524781,0.0,1000.0,2000.0,1,151,250,2446,151,250,2446
1781645464.801445,0.0,1000.0,2000.0,1,152,252,2458,152,252,2458
1781645464.8512604,0.0,1000.0,2000.0,1,139,258,2458,139,258,2458
1781645464.908803,0.0,1000.0,2000.0,1,143,249,2464,143,249,2464
1781645464.9532392,0.0,1000.0,2000.0,1,142,249,2458,142,249,2458
1781645465.0092804,0.0,1000.0,2000.0,1,146,252,2458,146,252,2458
1781645465.0544827,0.0,1000.0,2000.0,1,143,256,2464,143,256,2464
1781645465.1118479,0.0,1000.0,2000.0,1,143,260,2471,143,260,2471
1781645465.1561968,0.0,1000.0,2000.0,1,159,256,2464,159,256,2464
1781645465.2119355,0.0,1000.0,2000.0,1,143,253,2471,143,253,2471
1781645465.2559323,0.0,1000.0,2000.0,1,152,252,2464,152,252,2464
1781645465.3124194,0.0,1000.0,2000.0,1,124,254,2477,124,254,2477
1781645465.3590488,0.0,1000.0,2000.0,1,127,254,2477,127,254,2477
1781645465.4136746,0.0,1000.0,2000.0,1,159,246,2464,159,246,2464
1781645465.458672,0.0,1000.0,2000.0,1,149,252,2464,149,252,2464
1781645465.5594199,0.0,1000.0,2000.0,1,115,258,2490,115,258,2490
1781645465.6135585,0.0,1000.0,2000.0,1,169,254,2477,169,254,2477
1781645465.659143,0.0,1000.0,2000.0,1,160,254,2484,160,254,2484
1781645465.8163009,0.0,1000.0,2000.0,1,163,254,2484,163,254,2484
1781645465.8612773,0.0,1000.0,2000.0,1,121,255,2490,121,255,2490
1781645465.9144747,0.0,1000.0,2000.0,1,131,255,2490,131,255,2490
1781645465.9624367,0.0,1000.0,2000.0,1,151,255,2490,151,255,2490
1781645466.0159276,0.0,1000.0,2000.0,1,163,254,2484,163,254,2484
1781645466.065329,0.0,1000.0,2000.0,1,160,251,2484,160,251,2484
1781645466.1160223,0.0,1000.0,2000.0,1,140,254,2477,140,254,2477
1781645466.1681435,0.0,1000.0,2000.0,1,141,255,2490,141,255,2490
1781645466.2185738,0.0,1000.0,2000.0,1,118,255,2490,118,255,2490
1781645466.2708876,0.0,1000.0,2000.0,1,150,254,2477,150,254,2477
1781645466.3199263,0.0,1000.0,2000.0,1,153,247,2477,153,247,2477
1781645466.3757772,0.0,1000.0,2000.0,1,115,255,2490,115,255,2490
1781645466.421853,0.0,1000.0,2000.0,1,150,254,2484,150,254,2484
1781645466.4786072,0.0,1000.0,2000.0,1,144,254,2484,144,254,2484
1781645466.5234902,0.0,1000.0,2000.0,1,157,255,2490,157,255,2490
1781645466.5762665,0.0,1000.0,2000.0,1,154,251,2484,154,251,2484
1781645466.6231236,0.0,1000.0,2000.0,1,164,255,2490,164,255,2490
1781645466.6784773,0.0,1000.0,2000.0,1,164,255,2490,164,255,2490
1781645466.7225301,0.0,1000.0,2000.0,1,154,255,2490,154,255,2490
1781645466.7786498,0.0,1000.0,2000.0,1,163,251,2484,163,251,2484
1781645466.823985,0.0,1000.0,2000.0,1,147,254,2484,147,254,2484
1781645466.8805323,0.0,1000.0,2000.0,1,137,251,2484,137,251,2484
1781645466.9242065,0.0,1000.0,2000.0,1,125,255,2490,125,255,2490
1781645466.9817042,0.0,1000.0,2000.0,1,121,245,2484,121,245,2484
1781645467.026009,0.0,1000.0,2000.0,1,166,247,2477,166,247,2477
1781645467.0820591,0.0,1000.0,2000.0,1,134,248,2484,134,248,2484
1781645467.1260002,0.0,1000.0,2000.0,1,141,255,2490,141,255,2490
1781645467.1833537,0.0,1000.0,2000.0,1,209,261,2484,209,261,2484
1781645467.228045,0.0,1000.0,2000.0,1,238,251,2484,238,251,2484
1781645467.2836044,0.0,1000.0,2000.0,1,242,255,2490,242,255,2490
1781645467.4289036,0.0,1000.0,2000.0,0,241,1075,2543,241,1075,2543
1781645467.4822986,0.0,1000.0,2000.0,1,245,261,2484,245,261,2484
1781645467.5301306,0.0,1000.0,2000.0,1,240,260,2471,240,260,2471
1781645467.785103,0.0,1000.0,2000.0,0,230,1072,2496,230,1072,2496
1781645467.837176,0.0,1000.0,2000.0,0,236,1075,2490,236,1075,2490
1781645467.941524,0.0,1000.0,2000.0,1,247,244,2409,247,244,2409
1781645467.9893458,0.0,1000.0,2000.0,1,253,237,2403,253,237,2403
1781645468.0457904,0.0,1000.0,2000.0,1,251,235,2385,251,235,2385
1781645468.0882978,0.0,1000.0,2000.0,1,254,238,2385,254,238,2385
1781645468.1453037,0.0,1000.0,2000.0,1,251,239,2361,251,239,2361
1781645468.190159,0.0,1000.0,2000.0,1,249,236,2338,249,236,2338
1781645468.3925176,0.0,1000.0,2000.0,0,258,1049,2421,258,1049,2421
1781645468.4486587,0.0,1000.0,2000.0,0,258,1052,2421,258,1052,2421
1781645468.6977482,0.0,1000.0,2000.0,1,262,232,2321,262,232,2321
1781645468.7486527,0.0,1000.0,2000.0,1,260,232,2327,260,232,2327
1781645468.7984405,0.0,1000.0,2000.0,1,260,232,2327,260,232,2327
1781645468.900051,0.0,1000.0,2000.0,1,262,232,2321,262,232,2321
1781645468.9503367,0.0,1000.0,2000.0,1,262,232,2321,262,232,2321
1781645469.0002284,0.0,1000.0,2000.0,1,263,232,2327,263,232,2327
1781645469.0521944,0.0,1000.0,2000.0,1,262,232,2321,262,232,2321
1781645469.1047692,0.0,1000.0,2000.0,1,260,232,2327,260,232,2327
1781645469.153701,0.0,1000.0,2000.0,1,262,229,2321,262,229,2321
1781645469.2116022,0.0,1000.0,2000.0,1,259,228,2316,259,228,2316
1781645469.2573402,0.0,1000.0,2000.0,1,266,235,2327,266,235,2327
1781645469.3126602,0.0,1000.0,2000.0,1,259,229,2321,259,229,2321
1781645469.35797,0.0,1000.0,2000.0,1,261,231,2310,261,231,2310
1781645469.4142237,0.0,1000.0,2000.0,1,259,235,2321,259,235,2321
1781645469.4612134,0.0,1000.0,2000.0,1,258,228,2310,258,228,2310
1781645469.5169852,0.0,1000.0,2000.0,1,259,232,2321,259,232,2321
1781645469.560872,0.0,1000.0,2000.0,1,259,231,2316,259,231,2316
1781645469.6617184,0.0,1000.0,2000.0,1,262,229,2321,262,229,2321
1781645469.7158113,0.0,1000.0,2000.0,1,260,232,2327,260,232,2327
1781645469.7615178,0.0,1000.0,2000.0,1,245,232,2327,245,232,2327
1781645469.8143268,0.0,1000.0,2000.0,1,232,229,2327,232,229,2327
1781645469.9155781,0.0,1000.0,2000.0,1,175,230,2338,175,230,2338
1781645469.9667332,0.0,1000.0,2000.0,1,226,232,2327,226,232,2327
1781645470.0185547,0.0,1000.0,2000.0,0,207,1055,2421,207,1055,2421
1781645470.0777905,0.0,1000.0,2000.0,1,223,235,2327,223,235,2327
1781645470.1216636,0.0,1000.0,2000.0,1,224,239,2332,224,239,2332
1781645470.178365,0.0,1000.0,2000.0,1,225,234,2316,225,234,2316
1781645470.2781448,0.0,1000.0,2000.0,1,225,240,2316,225,240,2316
1781645470.323581,0.0,1000.0,2000.0,1,222,240,2316,222,240,2316
1781645470.3813958,0.0,1000.0,2000.0,1,227,236,2304,227,236,2304
1781645470.4268668,0.0,1000.0,2000.0,1,228,237,2310,228,237,2310
1781645470.4834442,0.0,1000.0,2000.0,1,233,236,2304,233,236,2304
1781645470.5266304,0.0,1000.0,2000.0,1,230,238,2299,230,238,2299
1781645470.5838475,0.0,1000.0,2000.0,1,230,238,2299,230,238,2299
1781645470.6318436,0.0,1000.0,2000.0,1,232,241,2293,232,241,2293
1781645470.683663,0.0,1000.0,2000.0,1,236,235,2299,236,235,2299
1781645470.7330077,0.0,1000.0,2000.0,1,236,238,2299,236,238,2299
1781645470.7845411,0.0,1000.0,2000.0,0,222,1050,2409,222,1050,2409
1781645470.8342276,0.0,1000.0,2000.0,1,232,240,2288,232,240,2288
1781645470.93696,0.0,1000.0,2000.0,1,238,238,2293,238,238,2293
1781645470.9881203,0.0,1000.0,2000.0,1,229,235,2293,229,235,2293
1781645471.043161,0.0,1000.0,2000.0,1,232,237,2288,232,237,2288
1781645471.0878973,0.0,1000.0,2000.0,1,237,237,2283,237,237,2283
1781645471.1445072,0.0,1000.0,2000.0,1,232,238,2293,232,238,2293
1781645471.245804,0.0,1000.0,2000.0,1,229,235,2293,229,235,2293
1781645471.290059,0.0,1000.0,2000.0,1,237,234,2283,237,234,2283
1781645471.3476548,0.0,1000.0,2000.0,1,230,233,2277,230,233,2277
1781645471.391106,0.0,1000.0,2000.0,1,232,234,2288,232,234,2288
1781645471.4471653,0.0,1000.0,2000.0,1,234,234,2283,234,234,2283
1781645471.4941225,0.0,1000.0,2000.0,1,231,234,2283,231,234,2283
1781645471.5939548,0.0,1000.0,2000.0,1,231,234,2283,231,234,2283
1781645471.6495562,0.0,1000.0,2000.0,1,231,234,2283,231,234,2283
1781645471.6991818,0.0,1000.0,2000.0,1,235,234,2288,235,234,2288
1781645471.7487965,0.0,1000.0,2000.0,1,231,234,2283,231,234,2283
1781645471.800562,0.0,1000.0,2000.0,1,235,231,2288,235,231,2288
1781645471.8519797,0.0,1000.0,2000.0,1,232,234,2288,232,234,2288
1781645471.908959,0.0,1000.0,2000.0,1,237,234,2283,237,234,2283
1781645471.955803,0.0,1000.0,2000.0,1,235,237,2288,235,237,2288
1781645472.0116127,0.0,1000.0,2000.0,1,232,238,2293,232,238,2293
1781645472.0544145,0.0,1000.0,2000.0,1,235,237,2288,235,237,2288
1781645472.1093683,0.0,1000.0,2000.0,1,230,239,2277,230,239,2277
1781645472.1580987,0.0,1000.0,2000.0,1,235,240,2288,235,240,2288
1781645472.2133095,0.0,1000.0,2000.0,1,241,237,2288,241,237,2288
1781645472.4151716,0.0,1000.0,2000.0,1,241,231,2288,241,231,2288
1781645472.4484642,0.0,1000.0,2000.0,1,237,234,2283,237,234,2283
1781645472.5142329,0.0,1000.0,2000.0,1,236,233,2277,236,233,2277
1781645472.562529,0.0,1000.0,2000.0,1,239,239,2277,239,239,2277
1781645472.615217,0.0,1000.0,2000.0,1,234,231,2283,234,231,2283
1781645472.6634867,0.0,1000.0,2000.0,1,233,230,2277,233,230,2277
1781645472.7147381,0.0,1000.0,2000.0,1,237,234,2283,237,234,2283
1781645472.765435,0.0,1000.0,2000.0,1,231,237,2283,231,237,2283
1781645472.8154542,0.0,1000.0,2000.0,1,230,230,2277,230,230,2277
1781645472.8663037,0.0,1000.0,2000.0,1,231,237,2283,231,237,2283
1781645472.9176662,0.0,1000.0,2000.0,1,233,236,2277,233,236,2277
1781645472.9646084,0.0,1000.0,2000.0,1,233,239,2277,233,239,2277
1781645473.0132923,0.0,1000.0,2000.0,1,233,236,2277,233,236,2277
1781645473.0646818,0.0,1000.0,2000.0,1,233,236,2277,233,236,2277
1781645473.1163936,0.0,1000.0,2000.0,1,236,236,2272,236,236,2272
1781645473.1647227,0.0,1000.0,2000.0,1,233,233,2272,233,233,2272
1781645473.2206044,0.0,1000.0,2000.0,1,236,239,2272,236,239,2272
1781645473.2783153,0.0,1000.0,2000.0,1,242,233,2272,242,233,2272
1781645473.321116,0.0,1000.0,2000.0,1,235,238,2261,235,238,2261
1781645473.3795269,0.0,1000.0,2000.0,1,240,237,2256,240,237,2256
1781645473.4237945,0.0,1000.0,2000.0,1,244,238,2261,244,238,2261
1781645473.4794316,0.0,1000.0,2000.0,1,241,235,2261,241,235,2261
1781645473.5244958,0.0,1000.0,2000.0,1,240,234,2256,240,234,2256
1781645473.5803306,0.0,1000.0,2000.0,1,237,231,2256,237,231,2256
1781645473.6248887,0.0,1000.0,2000.0,1,243,228,2250,243,228,2250
1781645473.6817636,0.0,1000.0,2000.0,1,242,227,2245,242,227,2245
1781645473.726657,0.0,1000.0,2000.0,1,241,226,2240,241,226,2240
1781645473.7814858,0.0,1000.0,2000.0,1,236,226,2240,236,226,2240
1781645473.815242,0.0,1000.0,2000.0,1,241,229,2235,241,229,2235
1781645473.8802555,0.0,1000.0,2000.0,1,238,232,2235,238,232,2235
1781645473.9296358,0.0,1000.0,2000.0,1,240,225,2229,240,225,2229
1781645473.9819777,0.0,1000.0,2000.0,1,237,225,2224,237,225,2224
1781645474.0298414,0.0,1000.0,2000.0,1,242,227,2219,242,227,2219
1781645474.0838337,0.0,1000.0,2000.0,1,243,228,2224,243,228,2224
1781645474.1345692,0.0,1000.0,2000.0,1,242,221,2214,242,221,2214
1781645474.1853545,0.0,1000.0,2000.0,1,245,195,2219,245,195,2219
1781645474.2310913,0.0,1000.0,2000.0,1,242,224,2214,242,224,2214
1781645474.2812073,0.0,1000.0,2000.0,1,242,149,2219,242,149,2219
1781645474.3378153,0.0,1000.0,2000.0,1,242,142,2214,242,142,2214
1781645474.3819497,0.0,1000.0,2000.0,1,244,221,2214,244,221,2214
1781645474.444206,0.0,1000.0,2000.0,1,245,178,2219,245,178,2219
1781645474.4814203,0.0,1000.0,2000.0,1,236,227,2214,236,227,2214
1781645474.5463045,0.0,1000.0,2000.0,1,239,230,2214,239,230,2214
1781645474.5818436,0.0,1000.0,2000.0,1,239,224,2214,239,224,2214
1781645474.6478953,0.0,1000.0,2000.0,1,239,230,2214,239,230,2214
1781645474.6817598,0.0,1000.0,2000.0,1,239,230,2214,239,230,2214
1781645474.749482,0.0,1000.0,2000.0,1,240,231,2224,240,231,2224
1781645474.7914486,0.0,1000.0,2000.0,1,239,233,2214,239,233,2214
1781645474.8480308,0.0,1000.0,2000.0,1,239,224,2219,239,224,2219
1781645474.8955557,0.0,1000.0,2000.0,1,242,224,2214,242,224,2214
1781645474.9493175,0.0,1000.0,2000.0,1,239,227,2214,239,227,2214
1781645474.9836998,0.0,1000.0,2000.0,1,244,227,2214,244,227,2214
1781645475.0480237,0.0,1000.0,2000.0,1,245,221,2219,245,221,2219
1781645475.097928,0.0,1000.0,2000.0,1,242,230,2219,242,230,2219
1781645475.1495721,0.0,1000.0,2000.0,1,239,233,2219,239,233,2219
1781645475.200661,0.0,1000.0,2000.0,1,242,230,2214,242,230,2214
1781645475.2511175,0.0,1000.0,2000.0,1,240,155,2224,240,155,2224
1781645475.2994199,0.0,1000.0,2000.0,1,236,221,2219,236,221,2219
1781645475.3550632,0.0,1000.0,2000.0,1,240,228,2224,240,228,2224
1781645475.411506,0.0,1000.0,2000.0,1,240,219,2224,240,219,2224
1781645475.4563444,0.0,1000.0,2000.0,1,240,225,2224,240,225,2224
1781645475.5131361,0.0,1000.0,2000.0,1,237,231,2224,237,231,2224
1781645475.5567904,0.0,1000.0,2000.0,1,237,231,2224,237,231,2224
1781645475.6159704,0.0,1000.0,2000.0,1,240,225,2224,240,225,2224
1781645475.6627917,0.0,1000.0,2000.0,1,240,225,2224,240,225,2224
1781645475.7131116,0.0,1000.0,2000.0,1,234,228,2224,234,228,2224
1781645475.7632785,0.0,1000.0,2000.0,1,233,224,2219,233,224,2219
1781645475.8152878,0.0,1000.0,2000.0,1,239,224,2219,239,224,2219
1781645475.864814,0.0,1000.0,2000.0,1,234,225,2229,234,225,2229
1781645475.91651,0.0,1000.0,2000.0,1,234,231,2229,234,231,2229
1781645475.9644125,0.0,1000.0,2000.0,1,237,228,2224,237,228,2224
1781645476.012635,0.0,1000.0,2000.0,1,234,228,2229,234,228,2229
1781645476.0647,0.0,1000.0,2000.0,1,237,228,2224,237,228,2224
1781645476.1215768,0.0,1000.0,2000.0,1,237,228,2229,237,228,2229
1781645476.1750636,0.0,1000.0,2000.0,1,234,228,2229,234,228,2229
1781645476.223459,0.0,1000.0,2000.0,1,231,228,2229,231,228,2229
1781645476.279414,0.0,1000.0,2000.0,1,240,225,2224,240,225,2224
1781645476.3232782,0.0,1000.0,2000.0,1,240,225,2224,240,225,2224
1781645476.3792343,0.0,1000.0,2000.0,1,237,225,2224,237,225,2224
1781645476.425406,0.0,1000.0,2000.0,1,237,231,2229,237,231,2229
1781645476.4800086,0.0,1000.0,2000.0,1,237,231,2224,237,231,2224
1781645476.5269475,0.0,1000.0,2000.0,1,234,228,2224,234,228,2224
1781645476.5835822,0.0,1000.0,2000.0,1,234,225,2229,234,225,2229
1781645476.6274564,0.0,1000.0,2000.0,1,233,224,2219,233,224,2219
1781645476.6836147,0.0,1000.0,2000.0,1,230,227,2219,230,227,2219
1781645476.7294397,0.0,1000.0,2000.0,1,231,231,2224,231,231,2224
1781645476.7820451,0.0,1000.0,2000.0,1,231,231,2229,231,231,2229
1781645476.8310323,0.0,1000.0,2000.0,1,234,231,2224,234,231,2224
1781645476.8837469,0.0,1000.0,2000.0,1,233,230,2219,233,230,2219
1781645476.933683,0.0,1000.0,2000.0,1,234,228,2224,234,228,2224
1781645476.9851732,0.0,1000.0,2000.0,1,237,231,2224,237,231,2224
1781645477.0371537,0.0,1000.0,2000.0,1,234,231,2224,234,231,2224
1781645477.0852752,0.0,1000.0,2000.0,1,234,231,2224,234,231,2224
1781645477.1372998,0.0,1000.0,2000.0,1,234,231,2224,234,231,2224
1781645477.1868744,0.0,1000.0,2000.0,1,234,231,2224,234,231,2224
1781645477.242267,0.0,1000.0,2000.0,1,236,233,2219,236,233,2219
1781645477.2871394,0.0,1000.0,2000.0,1,237,228,2224,237,228,2224
1781645477.3421812,0.0,1000.0,2000.0,1,237,231,2229,237,231,2229
1781645477.387739,0.0,1000.0,2000.0,1,241,232,2235,241,232,2235
1781645477.442346,0.0,1000.0,2000.0,1,237,231,2229,237,231,2229
1781645477.545635,0.0,1000.0,2000.0,1,234,234,2224,234,234,2224
1781645477.5925636,0.0,1000.0,2000.0,1,234,231,2224,234,231,2224
1781645477.6459236,0.0,1000.0,2000.0,1,237,231,2224,237,231,2224
1781645477.6925144,0.0,1000.0,2000.0,1,240,231,2229,240,231,2229
1781645477.7478733,0.0,1000.0,2000.0,1,240,231,2229,240,231,2229
1781645477.7929938,0.0,1000.0,2000.0,1,240,231,2224,240,231,2224
1781645477.8499112,0.0,1000.0,2000.0,1,240,231,2229,240,231,2229
1781645477.894697,0.0,1000.0,2000.0,1,240,231,2229,240,231,2229
1781645477.9496899,0.0,1000.0,2000.0,1,237,231,2229,237,231,2229
1781645477.9961977,0.0,1000.0,2000.0,1,237,237,2229,237,237,2229
1781645478.0468807,0.0,1000.0,2000.0,1,240,234,2229,240,234,2229
1781645478.0973976,0.0,1000.0,2000.0,1,240,237,2229,240,237,2229
1781645478.1475189,0.0,1000.0,2000.0,1,237,228,2229,237,228,2229
1781645478.1980731,0.0,1000.0,2000.0,1,240,231,2229,240,231,2229
1781645478.249228,0.0,1000.0,2000.0,1,240,228,2229,240,228,2229
1781645478.2968938,0.0,1000.0,2000.0,1,241,232,2235,241,232,2235
1781645478.349079,0.0,1000.0,2000.0,1,235,188,2235,235,188,2235
1781645478.4511814,0.0,1000.0,2000.0,1,235,229,2235,235,229,2235
1781645478.5002964,0.0,1000.0,2000.0,1,238,235,2235,238,235,2235
1781645478.551288,0.0,1000.0,2000.0,1,234,225,2229,234,225,2229
1781645478.6534977,0.0,1000.0,2000.0,1,234,228,2229,234,228,2229
1781645478.7544663,0.0,1000.0,2000.0,1,234,228,2229,234,228,2229
1781645478.8116765,0.0,1000.0,2000.0,1,234,228,2229,234,228,2229
1781645478.8557901,0.0,1000.0,2000.0,1,226,225,2229,226,225,2229
1781645478.9115794,0.0,1000.0,2000.0,1,231,222,2229,231,222,2229
1781645478.955086,0.0,1000.0,2000.0,1,234,228,2229,234,228,2229
1781645479.0120873,0.0,1000.0,2000.0,1,238,226,2235,238,226,2235
1781645479.0566623,0.0,1000.0,2000.0,1,229,232,2235,229,232,2235
1781645479.112471,0.0,1000.0,2000.0,1,233,232,2240,233,232,2240
1781645479.1597397,0.0,1000.0,2000.0,1,234,228,2229,234,228,2229
1781645479.2148237,0.0,1000.0,2000.0,1,229,228,2229,229,228,2229
1781645479.258635,0.0,1000.0,2000.0,1,232,226,2235,232,226,2235
1781645479.3143334,0.0,1000.0,2000.0,1,231,228,2229,231,228,2229
1781645479.4134746,0.0,1000.0,2000.0,1,234,202,2229,234,202,2229
1781645479.6626997,0.0,1000.0,2000.0,1,240,187,2229,240,187,2229
1781645479.763272,0.0,1000.0,2000.0,1,234,213,2224,234,213,2224
1781645479.865423,0.0,1000.0,2000.0,1,233,221,2219,233,221,2219
1781645479.9158454,0.0,1000.0,2000.0,1,234,225,2229,234,225,2229
1781645479.965375,0.0,1000.0,2000.0,1,229,222,2229,229,222,2229
1781645480.0662367,0.0,1000.0,2000.0,1,231,143,2229,231,143,2229
1781645480.1679366,0.0,1000.0,2000.0,1,229,228,2229,229,228,2229
1781645480.2187533,0.0,1000.0,2000.0,1,232,226,2235,232,226,2235
1781645480.3200219,0.0,1000.0,2000.0,1,236,232,2240,236,232,2240
1781645480.3758588,0.0,1000.0,2000.0,1,236,235,2240,236,235,2240
1781645480.4750984,0.0,1000.0,2000.0,1,236,229,2240,236,229,2240
1781645480.5761316,0.0,1000.0,2000.0,1,233,230,2245,233,230,2245
1781645480.623118,0.0,1000.0,2000.0,1,239,233,2245,239,233,2245
1781645480.8783844,0.0,1000.0,2000.0,1,236,229,2240,236,229,2240
1781645480.923813,0.0,1000.0,2000.0,1,236,224,2240,236,224,2240
1781645480.9791813,0.0,1000.0,2000.0,1,241,229,2235,241,229,2235
1781645481.0260727,0.0,1000.0,2000.0,1,238,229,2240,238,229,2240
1781645481.0821955,0.0,1000.0,2000.0,1,238,232,2235,238,232,2235
1781645481.1264465,0.0,1000.0,2000.0,1,241,229,2235,241,229,2235
1781645481.1832802,0.0,1000.0,2000.0,1,241,229,2235,241,229,2235
1781645481.227314,0.0,1000.0,2000.0,1,238,229,2235,238,229,2235
1781645481.283335,0.0,1000.0,2000.0,1,237,228,2229,237,228,2229
1781645481.3298423,0.0,1000.0,2000.0,1,238,229,2235,238,229,2235
1781645481.3821368,0.0,1000.0,2000.0,1,240,228,2224,240,228,2224
1781645481.432355,0.0,1000.0,2000.0,1,237,228,2229,237,228,2229
1781645481.482859,0.0,1000.0,2000.0,1,240,228,2224,240,228,2224
1781645481.5333714,0.0,1000.0,2000.0,1,240,225,2224,240,225,2224
1781645481.5847487,0.0,1000.0,2000.0,1,237,228,2229,237,228,2229
1781645481.6344306,0.0,1000.0,2000.0,1,237,228,2224,237,228,2224
1781645481.6857514,0.0,1000.0,2000.0,1,240,228,2224,240,228,2224
1781645481.7371767,0.0,1000.0,2000.0,1,239,224,2219,239,224,2219
1781645481.7967792,0.0,1000.0,2000.0,1,242,227,2219,242,227,2219
1781645481.8412936,0.0,1000.0,2000.0,1,239,224,2219,239,224,2219
1781645481.8877223,0.0,1000.0,2000.0,1,242,227,2214,242,227,2214
1781645481.9452891,0.0,1000.0,2000.0,1,242,224,2214,242,224,2214
1781645481.9893594,0.0,1000.0,2000.0,1,238,226,2209,238,226,2209
1781645482.044825,0.0,1000.0,2000.0,1,244,224,2214,244,224,2214
1781645482.0917454,0.0,1000.0,2000.0,1,242,224,2219,242,224,2219
1781645482.1462328,0.0,1000.0,2000.0,1,239,224,2214,239,224,2214
1781645482.189718,0.0,1000.0,2000.0,1,232,226,2209,232,226,2209
1781645482.2453353,0.0,1000.0,2000.0,1,232,223,2209,232,223,2209
1781645482.2806797,0.0,1000.0,2000.0,1,236,227,2214,236,227,2214
1781645482.3486984,0.0,1000.0,2000.0,1,232,226,2209,232,226,2209
1781645482.3947868,0.0,1000.0,2000.0,1,239,227,2214,239,227,2214
1781645482.4487529,0.0,1000.0,2000.0,1,239,227,2214,239,227,2214
1781645482.4953635,0.0,1000.0,2000.0,1,235,223,2209,235,223,2209
1781645482.5452662,0.0,1000.0,2000.0,1,239,224,2214,239,224,2214
1781645482.5957322,0.0,1000.0,2000.0,1,236,224,2214,236,224,2214
1781645482.646767,0.0,1000.0,2000.0,1,233,224,2214,233,224,2214
1781645482.695615,0.0,1000.0,2000.0,1,239,224,2214,239,224,2214
1781645482.7455406,0.0,1000.0,2000.0,1,238,223,2209,238,223,2209
1781645482.7976372,0.0,1000.0,2000.0,1,232,223,2209,232,223,2209
1781645482.8466024,0.0,1000.0,2000.0,1,239,224,2214,239,224,2214
1781645482.8977509,0.0,1000.0,2000.0,1,239,227,2214,239,227,2214
1781645482.9495718,0.0,1000.0,2000.0,1,239,224,2214,239,224,2214
1781645482.9971294,0.0,1000.0,2000.0,1,239,224,2214,239,224,2214
1781645483.0526695,0.0,1000.0,2000.0,1,233,224,2214,233,224,2214
1781645483.096554,0.0,1000.0,2000.0,1,239,224,2214,239,224,2214
1781645483.152881,0.0,1000.0,2000.0,1,236,227,2219,236,227,2219
1781645483.196767,0.0,1000.0,2000.0,1,239,224,2219,239,224,2219
1781645483.252449,0.0,1000.0,2000.0,1,239,224,2214,239,224,2214
1781645483.2968378,0.0,1000.0,2000.0,1,236,224,2219,236,224,2219
1781645483.3542125,0.0,1000.0,2000.0,1,236,224,2214,236,224,2214
1781645483.411688,0.0,1000.0,2000.0,1,239,224,2219,239,224,2219
1781645483.4545498,0.0,1000.0,2000.0,1,238,226,2209,238,226,2209
1781645483.5117173,0.0,1000.0,2000.0,1,239,224,2214,239,224,2214
1781645483.5552337,0.0,1000.0,2000.0,1,236,227,2214,236,227,2214
1781645483.6149728,0.0,1000.0,2000.0,1,236,221,2214,236,221,2214
1781645483.6570177,0.0,1000.0,2000.0,1,236,227,2214,236,227,2214
1781645483.7180014,0.0,1000.0,2000.0,1,236,224,2219,236,224,2219
1781645483.7492619,0.0,1000.0,2000.0,1,236,224,2214,236,224,2214
1781645483.8145342,0.0,1000.0,2000.0,1,233,224,2214,233,224,2214
1781645483.8621032,0.0,1000.0,2000.0,1,232,223,2209,232,223,2209
1781645483.9143662,0.0,1000.0,2000.0,1,233,227,2214,233,227,2214
1781645483.9632437,0.0,1000.0,2000.0,1,233,224,2219,233,224,2219
1781645484.0126717,0.0,1000.0,2000.0,1,238,226,2209,238,226,2209
1781645484.0641735,0.0,1000.0,2000.0,1,230,224,2214,230,224,2214
1781645484.1180704,0.0,1000.0,2000.0,1,230,224,2214,230,224,2214
1781645484.1758153,0.0,1000.0,2000.0,1,233,224,2214,233,224,2214
1781645484.2202616,0.0,1000.0,2000.0,1,236,227,2214,236,227,2214
1781645484.2757754,0.0,1000.0,2000.0,1,236,224,2214,236,224,2214
1781645484.3222697,0.0,1000.0,2000.0,1,235,223,2209,235,223,2209
1781645484.3786788,0.0,1000.0,2000.0,1,230,227,2214,230,227,2214
1781645484.4227204,0.0,1000.0,2000.0,1,232,223,2209,232,223,2209
1781645484.4787571,0.0,1000.0,2000.0,1,232,226,2209,232,226,2209
1781645484.5235248,0.0,1000.0,2000.0,1,233,224,2214,233,224,2214
1781645484.5795195,0.0,1000.0,2000.0,1,230,227,2214,230,227,2214
1781645484.6266294,0.0,1000.0,2000.0,1,233,224,2214,233,224,2214
1781645484.6806767,0.0,1000.0,2000.0,1,232,223,2209,232,223,2209
1781645484.7281451,0.0,1000.0,2000.0,1,235,223,2209,235,223,2209
1781645484.782094,0.0,1000.0,2000.0,1,233,224,2214,233,224,2214
1781645484.8274455,0.0,1000.0,2000.0,1,232,223,2209,232,223,2209
1781645484.882508,0.0,1000.0,2000.0,1,236,224,2214,236,224,2214
1781645484.9293177,0.0,1000.0,2000.0,1,232,220,2209,232,220,2209
1781645484.9818015,0.0,1000.0,2000.0,1,239,206,2214,239,206,2214
1781645485.0325973,0.0,1000.0,2000.0,1,236,221,2214,236,221,2214
1781645485.083474,0.0,1000.0,2000.0,1,239,174,2214,239,174,2214
1781645485.235595,0.0,1000.0,2000.0,1,232,154,2209,232,154,2209
1781645485.285742,0.0,1000.0,2000.0,1,238,223,2204,238,223,2204
1781645485.342588,0.0,1000.0,2000.0,1,239,224,2214,239,224,2214
1781645485.387316,0.0,1000.0,2000.0,1,239,174,2214,239,174,2214
1781645485.4428246,0.0,1000.0,2000.0,1,241,157,2209,241,157,2209
1781645485.4880078,0.0,1000.0,2000.0,1,236,181,2219,236,181,2219
1781645485.5459032,0.0,1000.0,2000.0,1,239,218,2214,239,218,2214
1781645485.5889373,0.0,1000.0,2000.0,1,236,224,2214,236,224,2214
1781645485.6913714,0.0,1000.0,2000.0,1,239,224,2214,239,224,2214
1781645485.7462776,0.0,1000.0,2000.0,1,241,220,2209,241,220,2209
1781645485.7905188,0.0,1000.0,2000.0,1,235,220,2209,235,220,2209
1781645485.8471615,0.0,1000.0,2000.0,1,235,220,2209,235,220,2209
1781645485.8927896,0.0,1000.0,2000.0,1,236,224,2219,236,224,2219
1781645485.947959,0.0,1000.0,2000.0,1,235,223,2209,235,223,2209
1781645485.993338,0.0,1000.0,2000.0,1,238,223,2209,238,223,2209
1781645486.049425,0.0,1000.0,2000.0,1,238,223,2209,238,223,2209
1781645486.0946083,0.0,1000.0,2000.0,1,235,223,2209,235,223,2209
1781645486.1461878,0.0,1000.0,2000.0,1,235,223,2209,235,223,2209
1781645486.198433,0.0,1000.0,2000.0,1,239,189,2214,239,189,2214
1781645486.2487657,0.0,1000.0,2000.0,1,239,221,2214,239,221,2214
1781645486.2973526,0.0,1000.0,2000.0,1,247,215,2209,247,215,2209
1781645486.3505294,0.0,1000.0,2000.0,1,251,224,2219,251,224,2219
1781645486.3990486,0.0,1000.0,2000.0,1,254,230,2219,254,230,2219
1781645486.448963,0.0,1000.0,2000.0,1,253,218,2214,253,218,2214
1781645486.5028408,0.0,1000.0,2000.0,1,256,230,2214,256,230,2214
1781645486.549109,0.0,1000.0,2000.0,1,271,230,2214,271,230,2214
1781645486.6029267,0.0,1000.0,2000.0,1,282,212,2214,282,212,2214
1781645486.6497107,0.0,1000.0,2000.0,1,297,227,2214,297,227,2214
1781645486.7115576,0.0,1000.0,2000.0,1,324,221,2219,324,221,2219
1781645486.7554698,0.0,1000.0,2000.0,1,279,195,2214,279,195,2214
1781645486.8116035,0.0,1000.0,2000.0,1,270,177,2209,270,177,2209
1781645486.8504598,0.0,1000.0,2000.0,1,289,150,2199,289,150,2199
1781645486.9143815,0.0,1000.0,2000.0,1,288,141,2194,288,141,2195
1781645486.9617338,0.0,1000.0,2000.0,1,263,148,2174,263,149,2179
1781645487.0119553,0.0,1000.0,2000.0,1,269,150,2154,270,151,2163
1781645487.0611422,0.0,1000.0,2000.0,1,259,145,2116,261,146,2133
1781645487.1157153,0.0,1000.0,2000.0,1,265,144,2102,268,145,2121
1781645487.1630046,0.0,1000.0,2000.0,1,254,139,2075,257,141,2099
1781645487.2147486,0.0,1000.0,2000.0,1,245,170,2053,249,172,2082
1781645487.2634056,0.0,1000.0,2000.0,1,219,172,2010,223,175,2047
1781645487.3188791,0.0,1000.0,2000.0,1,189,145,1973,194,148,2017
1781645487.3630753,0.0,1000.0,2000.0,1,183,133,1906,186,135,1940
1781645487.4194775,0.0,1000.0,2000.0,1,325,107,1981,332,109,2024
1781645487.4629586,0.0,1000.0,2000.0,1,349,85,2014,356,86,2050
1781645487.520188,0.0,1000.0,2000.0,1,475,72,2397,475,72,2397
1781645487.6117315,0.0,1000.0,2000.0,1,532,-10,2439,532,-10,2439
1781645487.678356,0.0,1000.0,2000.0,1,520,-12,2355,520,-12,2355
1781645487.712842,0.0,1000.0,2000.0,1,789,-32,2452,789,-32,2452
1781645487.7784214,0.0,1000.0,2000.0,1,411,-12,1769,409,-11,1759
1781645487.8280158,0.0,1000.0,2000.0,1,282,69,1453,268,65,1379
1781645488.0121794,0.0,1000.0,2000.0,1,278,-5,1181,260,-4,1106
1781645488.0781384,0.0,1000.0,2000.0,1,275,-6,1119,256,-5,1044
1781645488.1276438,0.0,1000.0,2000.0,1,258,-7,1052,240,-6,979
1781645488.182645,0.0,1000.0,2000.0,1,248,-8,1000,231,-7,931
1781645488.2280066,0.0,1000.0,2000.0,1,250,-8,964,233,-7,899
1781645488.27982,0.0,1000.0,2000.0,1,256,-4,957,239,-3,892
1781645488.38019,0.0,1000.0,2000.0,1,314,-7,952,293,-7,888
1781645488.431381,0.0,1000.0,2000.0,1,307,-2,924,286,-2,862
